index,type,EGFR,CA9,CDH1,ESR1,CASP3,H3F3B,MKI67,ACTA2,VIM,TP53,ERBB2,GATA3,KRT19,PGR,MYC,FN1,KRT14,SNAI2,PTPRC,VWF,KRT5,CD44,MS4A1,CD68,CD3E,KRT7,KRT8,RPS6
TCGA-A1-A0SK,not_cohort,0.605696518,-1.5888,-0.2719,-2.3053,-1.5089,0.3785,0.1999,-0.5965,1.4183,-3.0017,0.071,-3.1945,-0.2591,-3.4548,0.3106,-0.3408,2.5147,4.1059,-0.8456,-1.343,0.90525,-1.3521,-1.1692,-1.6749,-0.5751,0.6391,0.736,2.6892
TCGA-A1-A0SO,not_cohort,1.083802964,-1.668,-0.5866,-1.9811,-1.4212,0.4641,0.9446,1.3855,2.2927,-0.2601,-0.4391,-0.7572,-0.0166,-2.0636,0.8801,1.336,1.3753,0.8266,0.4557,-0.4789,0.76185,1.229,-0.7722,-0.674,-0.5166,2.3136,0.813,0.9887
TCGA-A1-A0SP,not_cohort,1.258925101,0.0934,-0.8875,-1.1143,-1.2755,1.1785,1.2319,-0.1323,-0.0684,-0.4093,-0.7669,1.0589,0.8003,-3.5244,0.1964,-0.2509,1.3796,-0.207,-0.1072,-1.0394,0.69995,0.6188,2.139,2.2905,1.8933,-0.1364,0.014,-0.6468
TCGA-A2-A04P,cohort,0.969476627,-0.17316,-0.8089,-2.7064,-4.9167,0.0335,1.9078,-1.3981,-2.1162,-0.1851,-3.1706,2.424,-1.699231153,-3.5236,1.3734,-0.218,-1.0721,-1.2503,-0.8255,-1.2301,0.42075,-0.2534,-0.6404,0.6475,-1.4511,-1.2584,0.3531,-2.3295
TCGA-A2-A04Q,not_cohort,0.941616899,-1.1957,-0.3299,-1.8424,-1.0071,0.9964,0.4611,0.2377,0.7997,0.3405,-1.5504,-1.9032,-0.033,-3.0758,0.4923,0.5052,1.3246,0.8399,-0.0612,-0.6861,0.6227,0.1949,0.6522,0.118,1.1579,1.6439,1.0681,1.4115
TCGA-A2-A04T,not_cohort,0.666820465,-1.0551,-0.6829,-2.1182,-3.4536,1.0429,2.1174,-1.4977,-0.1417,0.7547,-0.7951,-2.9884,-1.778,-2.993,0.2652,-0.0714,0.089,-0.2439,0.9951,-0.406,-0.0575,0.4438,-1.866,-1.0262,-1.2163,1.6833,0.548,2.9095
TCGA-A2-A04U,not_cohort,-0.757309473,-0.5063,-0.1235,-0.9068,-1.5443,-0.8634,1.3282,-0.9947,-0.612,1.4599,-0.9949,-1.951,-1.7544,-1.9766,2.665,-0.4322,-1.7812,0.6457,-0.8498,-0.1565,-1.0368,-0.2036,-0.8411,-0.8566,-1.1544,1.4929,0.4998,1.4866
TCGA-A2-A0CM,not_cohort,0.657464121,-0.8766,0.2859,-1.9139,-2.8578,-0.3066,1.2067,1.7297,1.3798,-0.9206,0.2378,-1.6344,-0.2202,-2.2292,1.3514,0.0233,0.5231,0.236,0.9658,-0.3778,-0.35185,-0.361,-1.3524,-2.272,0.5777,1.725,0.25,1.7656
TCGA-A2-A0D0,not_cohort,0.507214268,-1.6098,-2.8044,-1.5946,-0.5365,-1.3521,1.5159,0.4674,0.2752,-0.852,-0.1993,0.5351,-0.0066,-2.4822,0.3311,0.4972,-1.9931,0.2491,0.7196,0.1745,-1.10355,0.6858,1.4836,0.1693,1.514,1.7948,-0.7546,0.5395
TCGA-A2-A0D2,cohort,0.239675941,-1.09512,-0.4639,-2.418,-3.6398,0.5515,2.2185,-2.5773,0.7394,-1.6554,0.1589,1.7327,-1.559864788,-3.1296,0.9079,-1.4223,-0.6985,-1.5349,-0.5008,-1.0791,-0.128,1.7469,0.2866,1.2124,-0.0674,2.3003,0.8834,0.0012
TCGA-A2-A0ST,cohort,1.074103196,-1.52964,0.5385,-1.4553,-2.3447,0.5286,0.7445,-0.5281,0.2993,1.1462,-0.9193,2.3007,0.110991078,-2.3026,1.3276,-0.4241,0.7113,-0.6156,0.1477,-0.0128,1.00375,-1.1023,-1.1317,0.6937,-0.6913,1.887,1.3436,1.626
TCGA-A2-A0SX,cohort,1.183935691,-0.02232,-1.024,-0.5473,-1.0635,2.4589,-0.0791,1.8919,0.5048,-1.4292,-0.9653,1.8639,0.136155784,-2.6288,-0.6957,-0.4685,0.0147,-0.4556,1.6337,-0.6207,-0.09055,1.0814,-2.0658,-1.7831,-2.0005,1.5435,0.1234,1.0625
TCGA-A2-A0T0,not_cohort,0.664699968,-0.6648,-1.3913,-2.7006,-1.1673,0.1649,1.1823,-3.5555,1.5335,1.3752,-1.5794,1.1827,-2.687,-3.838,0.5575,-0.4657,-1.3417,-3.4565,-1.4008,-3.5282,-0.41535,-1.2242,-2.05,-1.4894,-0.6427,0.9734,1.4358,3.078
TCGA-A2-A0T2,not_cohort,0.950250707,0.5516,-5.4507,-2.3663,-2.575,0.947,0.9478,0.3281,1.6153,2.099,-1.8503,2.0924,-7.0939,-3.8948,0.4947,2.218,-2.2034,2.0601,-1.9118,0.8584,-0.97035,0.2281,1.1304,0.9076,1.1232,0.0677,1.0851,0.0951
TCGA-A2-A0YE,cohort,2.368927125,-1.6242,0.3075,-1.4577,-1.2385,0.6825,0.9348,0.4015,0.9405,0.1296,-0.8539,-0.9089,-0.241077021,-1.181,0.5114,0.1605,0.7611,0.8855,1.8518,-0.2242,0.7353,0.6476,0.283,0.9196,0.5384,1.9564,0.9802,-1.9429
TCGA-A2-A0YM,not_cohort,1.231278232,-0.2123,-2.5451,-2.0293,-2.8139,-0.0579,-0.2535,-0.046,2.8318,-0.3566,-1.2033,-2.1019,-2.1525,-5.2806,1.623,-0.0986,1.818,3.6854,-1.4963,0.5151,0.7071,0.5404,2.0724,0.3688,1.7421,-0.685,0.7457,-0.8134
TCGA-A2-A1G6,not_cohort,1.35328203,-1.5531,-0.8176,-1.5042,-2.9262,0.1536,0.5766,-1.7348,-0.1935,0.5021,-1.1966,2.1051,0.9892,-2.6518,2.5488,-2.2271,0.6478,-0.9421,0.568,-0.2621,0.91425,-0.5062,0.2814,0.3092,0.7374,0.2998,0.2481,0.3902
TCGA-A2-A3XS,not_cohort,0.753150703,-0.2724,-3.8407,-1.9352,-2.9383,-0.5918,0.4647,1.7474,3.6863,0.1682,-1.6569,1.265,-4.1759,-1.6806,1.5149,1.9205,0.0651,3.6162,-1.3472,0.4798,0.03075,1.3642,1.5322,1.7448,0.1924,-0.8882,-0.2762,-1.1219
TCGA-A2-A3XT,not_cohort,-0.137099384,-1.9916,-0.1907,-2.3187,-4.1058,2.4067,1.4368,-0.8906,-1.7318,2.7783,-0.6178,0.5166,-1.5247,-3.5262,-1.1713,-1.4257,-0.3247,-0.7315,-0.9128,-1.7256,0.00065,0.8222,1.2426,1.0342,1.0868,1.3902,0.3035,-0.8799
TCGA-A2-A3XU,not_cohort,-0.214291131,0.2026,0.5345,-1.7448,-1.6123,-0.3247,1.6137,0.4559,0.7248,-0.2756,-1.0667,0.7586,-0.6596,-1.7824,-0.2897,0.6445,0.2569,0.8868,1.7365,1.0798,-0.3401,-0.1556,1.2473,1.1259,1.1967,1.6948,0.3829,1.4093
TCGA-A2-A3XX,not_cohort,0.544015741,0.2228,-0.3852,-1.6948,-0.2596,1.3763,1.289,-0.1423,1.2486,-0.2512,-1.2124,-2.4033,-0.8352,-3.9848,1.2666,-0.9172,-0.5047,-1.8058,-1.1382,-0.7237,0.6666,-0.2072,1.5708,1.2393,0.8428,0.3402,-0.5196,0.8411
TCGA-A2-A3XY,not_cohort,0.818974078,-1.0667,0.0524,-2.2735,-2.9845,0.1253,1.1403,-1.7219,0.0418,0.0122,-1.4175,-2.2697,-0.3881,-3.9092,1.5554,-0.2972,0.225,-0.9109,0.801,-1.6787,0.49285,0.3274,-0.4638,-1.3617,0.5905,1.941,0.541,2.8073
TCGA-A7-A0CE,not_cohort,1.413814045,-0.0373,0.35,-2.7897,-1.4428,-1.1959,-1.131,-1.4584,1.2864,0.6383,-0.2802,-2.0603,-0.6125,-3.2958,0.1031,0.1338,-0.4806,-0.6042,-1.2658,-0.7834,-0.06815,1.7277,0.2714,0.0872,0.7929,0.5518,0.6625,-0.0535
TCGA-A7-A0DA,not_cohort,1.490767312,-0.0289,-0.3403,-0.7145,-1.8828,0.0708,1.4211,-1.5741,0.8126,1.0111,-0.3635,-0.3008,-0.4778,-3.691,0.4595,-0.0157,1.7858,0.0556,-0.6293,-1.1006,0.79675,0.3475,-0.2708,-0.6393,-1.4661,1.9913,0.6583,-0.1514
TCGA-A7-A26F,cohort,2.483316856,-1.39116,0.9719,-2.1294,-1.8454,-0.3559,1.5475,1.4957,-1.1469,0.7263,-0.4638,1.7698,-1.153414743,-2.8602,0.6896,-1.0472,0.5911,0.9205,0.3271,-0.4542,0.76645,0.9394,0.8717,0.3759,0.4719,-0.1268,-0.5141,-0.0306
TCGA-A7-A26G,not_cohort,1.383155631,-1.7193,0.3547,-1.4313,-0.991,-0.6659,-0.2667,0.1897,0.9038,-0.1157,-0.6641,-0.1386,0.1847,-2.0938,0.0333,0.8528,0.3996,-0.2526,-1.0224,0.1412,0.46395,-0.4151,0.2069,-0.0275,-0.6113,0.6533,0.0087,0.9447
TCGA-A7-A26I,not_cohort,0.715006993,-0.5418,0.5006,-1.5299,-0.4896,0.7972,1.3769,-0.308,-1.0434,-0.0068,0.0911,1.3301,0.4909,-3.3174,0.3253,-0.3591,-2.1389,-0.9536,-0.1556,-1.8437,-0.2162,0.5855,1.2279,0.379,1.4359,0.0672,1.1232,0.207
TCGA-A7-A4SD,not_cohort,1.279043236,0.4361,0.428,-2.0703,-2.2236,-0.3267,1.2744,1.4244,1.1379,-0.0299,-0.6902,1.2602,-0.3514,-2.5008,0.8909,0.4349,1.5001,0.0822,1.7761,0.1602,-0.00575,-0.1605,-0.0295,-0.1826,-0.7798,-0.5227,-0.3702,0.1768
TCGA-A7-A4SE,not_cohort,1.386304095,1.1151,0.3852,-1.306,-0.8112,0.3177,0.9842,-2.7071,0.4932,-0.9263,-0.6592,-2.6204,0.25,-4.4924,1.342,-0.2825,-0.3761,-1.5337,-0.9667,-1.925,0.4305,1.2242,2.079,1.1643,2.028,0.9467,0.2189,1.0686
TCGA-A7-A5ZV,not_cohort,1.614799259,-0.2915,0.2174,-1.218,-1.1237,-0.6285,0.3129,1.8228,0.5857,0.6564,0.739,-1.5711,1.0824,-2.3858,0.17,-0.5097,-0.1612,1.5153,-0.5303,-0.6745,-0.5013,1.9393,0.967,1.1222,1.1933,2.4129,0.4413,0.6793
TCGA-A7-A6VV,not_cohort,1.219334402,-0.0341,0.1157,-2.7114,-1.4447,0.0152,1.3101,0.5859,0.17,2.1595,-0.0248,-2.7922,0.285,-3.8668,0.619,-1.4612,0.3729,0.9211,-1.0499,-2.0101,0.52765,1.8349,2.217,-0.2173,2.1026,0.1527,0.5841,0.8473
TCGA-A7-A6VW,not_cohort,0.183382007,-0.1875,0.0109,-0.7785,-2.3603,-1.6484,1.3769,-1.4611,-0.3392,2.0934,-0.4047,-0.8915,-0.9652,-3.1638,-0.4485,-0.2957,-1.7493,-1.0239,1.0545,-0.5164,0.34705,-0.4603,0.2411,0.8535,0.2756,1.1669,0.7976,-0.2045
TCGA-A7-A6VY,not_cohort,0.862399378,-0.2463,-0.217,-1.288,-0.5831,0.2643,1.0577,0.2942,1.6119,-0.6023,-0.9626,1.971,-0.3313,-1.7332,0.4695,-0.2796,0.374,0.1695,1.4901,0.1819,0.44365,-0.1924,1.5629,1.2145,1.3184,1.7381,0.9004,1.0122
TCGA-A8-A07C,cohort,0.31495394,-3.14844,-0.9361,-2.7344,-3.6669,0.308,0.765,0.5521,1.2104,1.84,-1.3112,-2.9216,-1.707438815,-3.4364,0.7655,-0.3675,0.1786,-0.2877,-1.9118,-1.386,0.52925,0.1635,0.2007,0.1816,-0.1318,0.1436,-0.0336,0.7761
TCGA-A8-A07O,not_cohort,0.894859682,-1.3859,-0.1459,-2.1837,-0.8937,0.3928,-0.2244,1.1859,0.9803,2.6814,-0.3408,-0.1169,-2.2097,-1.999,0.7494,0.6348,0.57,0.4523,-0.6189,1.6375,0.3338,-1.312,-1.542,-0.9503,-1.3179,2.0066,1.305,0.771
TCGA-A8-A08R,not_cohort,1.139325094,-0.0165,-0.5147,-1.7139,-0.3915,1.6902,1.0452,-0.6947,-1.4962,-1.8423,-0.0203,1.5324,-0.3021,-2.3468,0.3546,-2.7374,0.6146,-0.8466,-0.2645,-1.1181,0.26505,-1.4204,-0.9802,-0.5593,0.1566,0.9078,1.4403,0.9805
TCGA-A8-A09X,not_cohort,0.139594692,1.0238,0.1861,-1.2656,-1.41,0.7281,1.3918,0.7585,0.4921,0.9626,-0.7989,1.4414,-0.7484,-1.444,0.8212,0.0902,0.6631,1.0119,2.082,1.2538,0.2808,1.1495,-0.5478,0.1773,0.0568,2.1213,0.3008,-0.1388
TCGA-AC-A2BK,not_cohort,1.544134437,-4.8422,-0.4904,-3.0651,-1.0783,-1.0093,-0.1108,0.8512,-0.3541,-1.0469,-0.9783,-1.3104,0.7648,-4.8386,0.9445,-3.3981,-0.6743,-4.2925,-0.913,-3.0354,0.7634,0.2882,-0.2477,0.6934,-0.5882,1.52,0.2469,1.1043
TCGA-AC-A2QH,cohort,4.21115467,-5.52396,0.1841,-1.4075,-2.3858,0.3955,1.4442,-0.5798,0.2238,0.6025,-1.2258,1.4072,-0.236764484,-2.847,1.8986,0.0593,1.4179,-0.3227,0.5749,-0.7333,0.81365,0.7222,0.9985,1.4132,0.6484,0.3233,1.1872,-2.1326
TCGA-AC-A2QJ,not_cohort,-0.482230298,-2.5757,1.071,-1.8137,-2.3957,-0.9528,1.4749,0.4765,0.9609,0.5764,0.077,-1.0904,-0.3075,-2.0668,-0.4569,-0.4236,0.8195,0.816,2.4148,0.7175,-0.01135,0.4794,0.2756,1.1752,0.5485,2.039,0.8874,-0.996
TCGA-AC-A6IW,not_cohort,0.559119639,0.1671,-0.3709,-1.0542,-0.6441,0.1923,1.1652,-1.7588,1.0688,0.2412,-1.6022,1.7836,-1.9111,-3.8528,1.6286,-1.5319,-0.5638,-1.3277,-0.3321,-1.2703,0.01825,-1.4078,0.9023,0.038,1.1993,1.27,0.36,3.378
TCGA-AC-A7VC,not_cohort,2.25938155,-3.6862,1.308,-1.3642,-1.2087,0.1893,1.4071,-1.174,1.0006,1.2662,-1.6064,1.1652,-2.288,-2.87,1.459,0.4142,-0.9941,0.0019,-0.3914,-0.0671,-0.42265,0.3482,1.0359,-0.0793,1.0532,0.1059,0.6273,1.3681
TCGA-AN-A04D,not_cohort,0.043899639,-0.9996,0.6218,-0.7826,-1.1033,0.3706,1.6856,-0.999,0.4215,2.0382,-0.5771,1.1848,-0.2857,-3.6998,0.9647,0.1831,-1.1115,-2.4915,0.5613,-0.9497,0.3955,-0.2829,1.1359,0.5507,0.8456,1.0502,0.3813,-1.0231
TCGA-AN-A0AL,not_cohort,0.99781496,0.0091,-0.6828,-1.4334,-0.6632,0.0676,0.6991,-0.3859,0.4203,0.7555,-0.5879,-0.6873,-1.2962,-3.3922,0.7081,-0.5718,1.0229,-0.0632,1.3217,-0.7771,0.49495,0.5355,1.1162,0.8719,0.7033,-0.895,-0.3805,-3.4811
TCGA-AN-A0AR,not_cohort,-0.069633068,-0.4103,-0.3714,-0.9365,-0.4723,-1.4699,1.2313,-1.204,0.4177,1.3156,-1.5984,-1.2299,-2.3678,-2.6972,1.1174,0.6916,-0.6971,0.4769,0.9025,0.0972,0.1697,-1.2333,-0.5275,-0.6331,0.318,1.4555,0.8412,2.5321
TCGA-AN-A0AT,cohort,0.74246886,-1.512,-0.6489,-2.7693,-1.7134,-0.4119,1.3743,-1.7988,1.5837,-1.8657,-1.1239,-2.5295,-0.520808853,-4.0442,0.9151,-0.4588,0.2502,-1.5965,-1.186,-3.0806,0.7847,-0.459,1.0497,1.4687,1.1882,-0.7494,1.0653,1.1995
TCGA-AN-A0G0,cohort,1.744196611,-0.41196,0.0422,-1.9857,-1.1407,0.0335,1.4162,0.0561,0.8068,-0.1787,-0.83,-1.3374,-0.964529027,-1.7748,0.6095,0.3214,0.0038,-0.1095,0.643,0.593,0.80455,-0.2607,-1.0066,-1.6463,-0.7794,-0.0823,-0.0343,-2.3198
TCGA-AN-A0XU,not_cohort,1.513535478,0.3812,0.2515,-1.2673,-1.3956,-1.1739,1.5057,0.5653,1.6474,-0.1837,-0.8741,-2.3309,-0.5467,-1.641,0.8425,0.4543,0.4264,0.2199,-1.2307,-0.6375,0.84115,-0.3861,-0.3307,-0.0419,0.6175,0.8148,0.9678,1.3382
TCGA-AO-A03U,not_cohort,1.605682166,-1.149,0.4303,-2.0596,-0.8528,2.5271,2.2019,-1.3081,0.261,-1.3036,-1.3999,-1.9755,-1.1036,-3.1556,2.3329,-0.0695,0.8629,-0.1784,-0.9249,-0.9016,0.5849,-0.0781,1.204,1.0052,1.3262,-0.1779,0.4366,2.1741
TCGA-AO-A0J2,not_cohort,0.991290252,1.0696,-1.3167,-0.4348,-0.3786,-0.5469,0.1674,0.898,0.2486,-0.3713,-0.1767,0.2661,0.0272,-0.4082,0.6288,-1.0408,1.1779,-0.0329,1.2574,1.4622,0.5661,0.5081,0.0686,-0.3113,-0.1493,1.5106,0.6788,-0.5518
TCGA-AO-A0J4,not_cohort,1.463404185,-0.7972,-0.8393,-1.8176,-2.7525,0.6488,0.5321,-0.2009,1.2335,-0.7669,-0.6034,-2.1587,-2.6312,-1.888,1.1578,0.3367,1.5536,1.9441,-0.668,0.6118,0.52565,0.9164,-1.2402,-0.9891,-0.6653,1.5072,1.3518,1.8771
TCGA-AO-A0J6,cohort,0.709237558,-1.94616,0.1099,-0.4374,-0.5335,0.1896,0.8452,-0.5128,1.5742,1.5394,-0.5901,1.3466,-0.050925352,-0.937,1.2506,-1.0858,0.7877,-0.3538,2.4657,1.3777,0.97865,0.5897,0.3144,0.8698,0.2818,1.8335,1.266,1.3883
TCGA-AO-A0JL,not_cohort,0.661023487,-1.0642,-0.5056,-1.3385,-1.646,0.3318,0.5139,-0.0729,1.3666,1.4157,-1.3874,-2.2447,0.8357,-1.2464,0.7246,0.1755,2.7928,3.1311,1.5358,0.0101,1.2386,-0.5727,-0.6918,0.2821,0.0388,2.0395,1.4034,1.4385
TCGA-AO-A124,not_cohort,1.04715219,0.0817,-0.7794,-1.4381,-0.9386,0.8008,0.8597,-1.4105,0.3382,-0.7309,-1.0243,1.0966,-0.2813,-2.349,1.2605,-1.9216,0.8066,1.238,2.8079,0.0513,0.7463,0.4281,1.6218,1.3158,1.6082,1.6549,-0.3447,0.4812
TCGA-AO-A128,not_cohort,1.27789811,-1.8646,-0.263,-2.3251,-2.0186,1.5827,1.0351,0.849,1.3122,0.2305,-0.5642,-1.7936,-0.2863,-1.9504,1.4324,0.0375,1.1732,1.4921,-0.3161,-1.4752,0.8153,-1.1268,-1.0087,-0.9281,-0.9935,0.3337,0.7118,-1.626
TCGA-AO-A129,cohort,0.54456883,-0.46332,-0.1531,-1.1964,-1.4611,-0.6623,1.7628,-0.6527,0.7398,0.052,-0.6268,1.9223,-0.007879907,-1.8528,0.873,0.5344,0.2197,-0.2643,1.5772,0.2928,1.1195,0.1636,0.3597,-0.6238,0.8223,1.3517,0.876,1.0496
TCGA-AO-A12F,not_cohort,0.625980662,-1.2466,-0.0534,-1.9184,-3.3815,0.3161,-0.2206,-0.1784,0.4901,-1.1097,-0.5044,-2.4924,0.6803,-3.3656,1.653,-0.61,1.9878,-0.9111,-1.3945,-3.6612,0.52145,0.4116,1.2461,-0.086,0.3576,-0.3049,-0.4257,-1.262
TCGA-AO-A1KR,not_cohort,-0.258132331,-0.0385,0.2576,-1.3828,-1.4264,-0.0684,-0.5635,0.365,0.5977,2.4494,-0.5469,-1.8944,0.6568,-1.3432,0.9164,-0.9835,1.2015,0.6485,-0.0602,-0.4828,0.33485,0.5893,0.6811,1.0921,0.2903,1.3564,0.5933,1.8845
TCGA-AQ-A04J,cohort,1.226460736,-2.65296,0.0316,-1.641,-0.2281,1.5535,0.2675,0.4274,1.354,-0.8597,-0.8289,1.1295,-0.048144526,-2.6854,2.1447,0.5619,0.271,0.2662,-1.6422,0.0144,-0.37085,2.7597,-1.2073,-0.9898,-1.2484,1.2738,0.1424,2.1221
TCGA-AQ-A54N,not_cohort,0.294176081,0.3623,-0.1627,-2.0896,-3.1524,0.1498,1.9123,1.2906,1.9714,0.25,-0.7987,1.7057,-0.9635,-2.2586,0.3894,1.7458,0.0801,1.3635,-0.1004,0.6488,0.0738,-0.7398,0.9438,0.5982,1.0543,0.7765,1.0274,1.4504
TCGA-AR-A0TS,not_cohort,1.382028167,-1.0963,-0.1326,-1.4237,-0.5464,-0.1289,1.6779,1.3579,1.5036,0.3361,-0.5904,1.4641,0.3478,-0.3304,0.1602,1.6305,1.4814,0.2496,0.5206,-0.3188,0.8911,-0.8283,-0.0422,-0.625,0.999,-1.2584,1.1496,1.7339
TCGA-AR-A0TU,not_cohort,0.247242212,-1.1648,-0.5917,-2.1306,-1.9069,0.2841,0.6196,-1.7583,-0.5727,1.4963,-1.5893,1.8683,-0.2071,-3.68,1.8093,-1.6118,0.3339,-1.9769,1.105,-2.4091,0.8345,1.2795,1.7883,1.5746,1.9351,-0.9699,-0.2482,0.8786
TCGA-AR-A0U4,not_cohort,3.186355732,-3.5624,0.2092,-1.8577,-1.8515,0.8939,0.2999,-0.3502,2.0007,-0.2073,-0.6127,-1.6181,0.0294,-2.8758,1.4793,-0.4986,0.7331,0.6108,1.3185,-0.4106,0.29685,0.7041,-0.577,-0.3548,0.1355,1.697,1.1634,0.2316
TCGA-AR-A1AI,not_cohort,1.048730323,-0.9706,0.3724,-1.5009,-0.9767,-0.6529,1.3375,1.768,1.0625,1.8675,-0.8008,0.9882,-0.9636,-1.1728,-0.0111,1.1207,0.2615,1.1141,1.4342,1.1387,0.53785,0.0756,0.8034,0.92,-0.1467,1.4289,1.0368,0.5235
TCGA-AR-A1AQ,not_cohort,0.191012562,-0.8786,1.264,-1.0897,-1.3566,-0.0873,0.6997,-0.8779,-0.0654,1.7266,-0.2578,-1.8366,-0.7688,-3.2224,-1.2341,0.2482,0.5512,-0.6203,0.6768,-0.6312,-0.4105,-0.2706,0.3063,-0.3706,0.3521,-1.2584,0.2084,0.8963
TCGA-AR-A1AR,not_cohort,1.474225617,-2.1068,0.381,-0.9794,-0.1144,-0.5046,1.4925,-1.1596,-1.375,-1.1353,-0.6104,1.1973,-0.313,-2.5172,-0.0237,-1.7045,0.6117,-1.6948,0.0934,-0.7002,0.2664,0.2094,-0.2955,-2.2271,0.0245,1.085,-0.0678,1.2414
TCGA-AR-A1AY,not_cohort,1.265570701,0.1347,-0.2521,-0.934,-0.5304,-0.3116,1.0885,1.5548,1.269,-0.6782,-0.3658,-1.7778,-0.155,-1.796,0.0108,-1.4147,0.9031,-0.6284,1.2981,-0.4262,0.36765,0.9066,1.08,1.7716,1.0809,2.2609,1.1793,0.3178
TCGA-AR-A256,not_cohort,1.224456475,-1.5665,0.4059,-0.5989,-0.593,-1.2393,0.1762,0.9056,1.1496,0.473,-0.8267,-0.5155,-0.2007,-0.5224,0.8573,-0.044,0.4576,0.9455,1.6129,1.1319,0.4609,-2.7595,-0.217,0.1536,-0.105,1.1019,0.6505,-2.3897
TCGA-AR-A2LH,not_cohort,0.372073817,0.3561,0.103,-2.0198,-2.5746,0.4434,1.2084,1.1504,1.2649,-0.6378,-0.7485,1.1625,-0.04,-2.3836,0.2841,0.2842,0.8724,1.7926,-0.4383,-1.0052,0.19945,1.5819,1.1252,0.9693,0.7219,-0.353,0.7133,-0.4642
TCGA-AR-A2LR,not_cohort,1.25697428,-1.782,-0.0929,-1.9876,-0.1927,2.3421,0.3086,-0.1701,2.9303,0.8198,-1.3916,1.4069,0.3236,-3.0728,1.2323,0.3895,-0.6899,0.8567,-1.6521,-2.0184,-0.1108,-0.6411,-0.1103,-1.234,0.1187,-0.7336,0.9819,0.784
TCGA-AR-A5QQ,cohort,0.988768397,-0.75684,0.1337,-1.9196,-0.3532,-0.3177,-0.1021,0.7878,0.9116,0.1799,-0.7188,0.6122,1.073589812,-2.944,-0.7156,0.1627,0.1776,-0.2953,-1.1542,0.5952,0.52835,-0.0578,-0.7696,0.669,-1.6124,1.1585,-4.468,0.5535
TCGA-B6-A3ZX,not_cohort,0.609764867,-1.3246,0.306,-1.8981,-0.4902,-2.059,1.1493,-0.3502,-0.4644,-0.3138,-0.319,-1.2234,0.3278,-3.857,0.6721,0.6648,0.8846,0.5735,1.5477,-0.4841,0.6348,0.4892,0.5767,0.9933,0.3442,2.4086,0.9018,-2.1086
TCGA-B6-A400,cohort,0.088318985,-0.63144,-0.2144,-2.4882,-2.2619,1.3627,0.5537,-0.2569,-0.8447,0.2062,-0.3351,3.3221,0.463265437,-2.6868,-1.1187,0.1026,-0.0019,-0.2971,-0.1812,-0.6624,0.32775,0.4659,1.5377,1.4146,2.0091,-0.6054,0.2756,1.9362
TCGA-B6-A402,not_cohort,0.359859135,0.348,0.446,0.3673,0.2054,0.8572,0.6564,-1.0165,-0.7166,1.3025,-0.0091,0.1439,0.4701,1.9964,0.2528,-0.2921,-0.0647,-0.811,0.1187,1.6504,-0.1334,1.2548,0.407,0.5942,0.2109,0.1334,1.1289,-0.4365
TCGA-B6-A409,not_cohort,0.495292301,0.1697,0.052,-1.4865,-2.0401,-1.3807,1.2887,-1.1035,0.9703,0.1622,-0.8246,0.5696,-0.3376,-2.581,1.6815,0.2124,-0.0823,-0.4223,-0.9369,0.16,0.32075,1.0263,0.2094,-0.5707,0.177,2.4201,0.3519,-1.853
TCGA-BH-A0AV,not_cohort,1.583771471,-1.686,-0.4287,-1.7453,-2.723,0.313,1.6488,-1.0136,-0.1843,1.8859,-1.4461,-1.8879,-1.0234,-2.944,2.7408,-1.0968,-0.8483,-0.6713,0.512,-1.1845,-0.091,-0.1379,0.75,0.0185,0.4603,0.469,0.7019,-0.527
TCGA-BH-A0B3,not_cohort,1.288392196,0.2255,-0.3023,-0.062,0.0325,0.6615,-2.0525,2.7584,1.3209,-1.3978,0.0071,0.7414,0.1869,0.2022,1.8961,-1.2404,2.2127,0.3645,1.5008,1.2345,0.8619,0.0796,0.4764,0.1945,0.0975,-1.0118,0.2771,-1.4274
TCGA-BH-A0B9,not_cohort,0.7268078,-0.6211,-0.2712,-1.3599,-1.2282,1.6454,1.0815,-0.3273,0.1602,0.3909,-1.5896,0.7619,-1.733,-2.3136,0.7542,-0.1817,0.4593,-0.5869,1.6551,0.4715,0.26775,0.3649,1.0825,0.9647,0.5057,0.9562,0.8742,-2.6593
TCGA-BH-A0BG,not_cohort,0.66525078,-1.756,0.5136,-1.7822,-1.1225,-0.2112,0.4502,0.2663,0.4187,0.8465,-0.6395,1.2534,0.1627,-2.2606,-0.5622,1.2147,-0.889,0.7132,-0.6011,-0.5437,0.35215,0.6957,1.342,1.0478,0.9749,-0.4953,-0.3156,-1.4574
TCGA-BH-A0BL,cohort,1.177332316,-1.48716,0.0697,-1.9833,-1.9983,0.4553,1.9398,-1.3077,1.3078,2.3831,-0.6522,0.293,-0.112242399,-3.139,1.7093,-0.1825,0.3068,-1.0923,-0.4278,-0.6347,0.8086,-0.4201,-1.187,3.4935,0.0366,1.8744,-0.078,2.1932
TCGA-BH-A0BW,cohort,1.446118519,-1.947,0.7081,0.2696,-0.0573,1.3015,-3.155,2.2553,0.6145,-0.9599,-0.3438,0.4449,-1.629786509,2.1104,0.6388,-2.6589,1.214,1.8951,-0.0462,0.4828,0.8349,-0.7862,1.2667,2.0459,1.0907,-0.692,1.5916,0.5027
TCGA-BH-A0E0,not_cohort,1.770739878,0.0694,0.3985,-1.9338,-2.6556,0.4031,1.0976,-0.8202,0.2203,2.2802,-2.6532,-2.0025,-2.772,-2.5808,1.2251,-0.5983,0.4583,0.1985,0.8663,-0.8142,0.1233,0.0193,0.2474,-0.1753,0.653,1.019,1.4643,0.7672
TCGA-BH-A0E6,not_cohort,-0.155451064,0.2205,0.4679,-1.4895,-1.281,-1.1393,-0.1044,0.5625,0.8334,0.9067,0.4988,0.2253,-0.1529,-2.067,-0.4086,0.6015,-0.4478,0.3747,0.8642,0.9317,-0.29,1.5854,0.5391,0.8047,-0.0359,1.5065,0.4292,1.6391
TCGA-BH-A0RX,not_cohort,0.035311948,-0.6453,0.4079,-2.207,-1.0539,0.1674,1.0746,-0.4486,-0.762,1.195,-0.5337,0.8198,0.126,-2.8516,-2.9652,-1.0441,-1.8508,-0.7411,1.0331,-1.5694,-0.468,0.9926,0.61,1.7111,0.5187,0.659,0.1305,0.7699
TCGA-BH-A0WA,not_cohort,1.92148295,-0.5566,0.2212,-1.2672,-1.3721,0.8472,2.028,-1.8256,0.2024,0.3329,-1.9838,1.9671,-1.2028,-3.384,1.0204,-0.785,-1.3097,-0.6135,-0.4152,-1.3094,-0.6909,0.0888,0.9492,1.2079,0.5455,0.0072,0.4939,-0.0451
TCGA-BH-A18G,not_cohort,0.007268264,-0.2259,-1.6953,-0.5074,-0.3342,-0.6769,-0.4385,1.4281,0.7107,0.2647,-0.4953,-0.3806,-0.1696,-0.7162,-0.9106,-1.4546,0.7987,0.2189,0.1547,1.954,0.3455,1.0445,-0.0426,-0.3831,-1.2767,1.7325,0.5269,-1.0105
TCGA-BH-A18V,not_cohort,2.692530897,-0.4292,0.22,-1.9046,-2.9788,-0.4915,2.0587,0.1874,0.8823,-1.1615,-0.7286,1.3855,-0.1008,-1.865,-1.782,0.7473,0.1014,0.2668,0.7924,0.2182,0.14525,0.4992,-0.3341,-0.3389,-0.7427,0.1737,0.4527,-1.9467
TCGA-BH-A1EW,not_cohort,0.200432938,0.5545,0.1128,-1.7263,-1.4074,0.1139,-0.2722,1.9615,2.0245,0.9823,-0.2905,1.002,0.1401,-1.401,-0.8596,1.4886,0.7319,-0.1067,0.6982,0.5152,0.0638,0.7446,1.5942,0.9151,0.9263,1.0916,0.5124,-1.0562
TCGA-BH-A1F6,not_cohort,1.144704267,-1.3525,0.7128,-2.4593,-2.0312,-0.4994,1.8198,-1.2037,-0.2586,0.8135,-0.8044,-2.2171,-4.7319,-3.1484,-1.0319,-0.625,-1.3731,-0.5827,0.4381,0.0562,0.1138,0.6759,0.5134,-1.004,0.8362,1.7018,0.1236,2.3174
TCGA-BH-A1FC,not_cohort,1.015164339,-0.0198,0.1604,-2.1614,-2.7486,0.2119,1.2123,-0.8287,-0.0139,0.0309,-0.6323,1.4465,-0.6329,-2.6664,0.6431,-0.8521,0.7517,-0.1767,0.2054,-1.9427,0.17405,0.8648,0.3815,0.7617,0.6568,1.3299,0.7311,2.0432
TCGA-BH-A42U,not_cohort,0.070673126,0.1832,0.8485,-1.0238,-1.5865,-1.5238,-0.3825,-0.1738,-0.7922,-0.0947,-0.1323,0.5381,-1.1164,-2.2458,-1.1712,0.3947,-2.4463,0.6503,0.5604,-0.8769,-0.36155,-0.4187,1.1892,-0.3181,0.8762,0.6501,1.2426,0.7432
TCGA-C8-A12V,not_cohort,1.154134722,-1.2209,0.5479,-1.78,-1.4318,0.1967,1.2406,-0.5493,-0.7444,2.2831,0.8832,-1.5881,-0.2915,0.2626,-2.0792,0.3825,-0.9657,0.4873,0.6633,0.1757,0.10645,0.83,0.5229,-0.3265,0.2305,1.3476,0.8715,-0.5599
TCGA-C8-A131,not_cohort,0.97421897,0.3148,0.0138,-1.7099,-0.5296,-0.5639,0.801,-0.9249,0.3737,-0.903,-1.1904,0.9082,-1.1074,-2.1236,0.1964,0.2156,-0.3258,1.0141,0.3791,0.1779,0.4271,-0.7796,-1.1549,-2.3937,-0.919,2.14,0.6273,3.1585
TCGA-C8-A1HJ,cohort,0.324180039,-2.49216,-0.0831,-2.1877,-1.4883,0.1296,0.2718,0.1781,-0.2041,-0.7507,-0.2017,-1.784,0.308470304,-2.597,0.6399,-0.6624,0.78,-0.3593,1.2202,-0.1774,0.38295,0.0975,-0.7898,2.3107,-1.7628,1.6648,-2.2834,1.4039
TCGA-C8-A26X,not_cohort,1.124335134,-0.097,-0.8353,-2.3438,-2.0178,0.9071,2.0712,-2.7902,0.8541,-0.1382,-1.1449,1.3065,-1.0936,-3.999,0.4955,0.0783,-0.8558,0.3119,-0.64,-1.2034,0.61205,1.0078,1.3204,1.3455,1.093,2.0789,0.7553,-0.6191
TCGA-C8-A26Y,cohort,1.962028803,-1.35972,-0.9149,-0.5322,-1.2499,0.244,0.707,-0.9829,0.0728,-1.0457,-1.7308,1.0734,-1.444293069,-2.801,1.5915,-0.605,0.3102,0.5994,-0.4623,-0.2675,0.2126,1.276,-2.4374,-2.1772,-1.3922,-0.3396,0.4432,0.3909
TCGA-C8-A27B,not_cohort,1.366569253,-1.7532,0.2069,-1.9862,-3.0996,-0.5521,0.7717,-0.6311,1.8299,0.0351,-0.8343,-0.9573,-0.5134,-2.63,0.3571,0.0351,-0.4308,-0.417,-0.0131,-1.357,0.0407,-0.0838,1.4784,0.0535,0.8951,1.4401,-0.3302,1.3662
TCGA-C8-A3M7,not_cohort,0.476159472,-0.6304,0.0627,-2.0871,-2.2738,0.2633,1.5309,0.1908,1.1474,1.4042,-0.7169,-1.9175,-0.982,-2.3228,0.1455,1.0133,1.3221,0.6353,-0.165,-0.344,0.4345,-0.1612,1.3402,0.1865,2.7335,0.8118,-0.124,0.9549
TCGA-D8-A13Z,not_cohort,1.473948425,0.5048,0.5989,-2.0319,-3.0271,0.0834,1.2736,0.2648,0.3987,-1.7879,-0.595,-2.0723,0.1717,-2.1434,-1.7481,1.2125,1.875,1.8214,-0.4616,-0.0011,0.31785,0.2645,1.0513,0.6515,1.0536,1.9638,0.3565,0.0849
TCGA-D8-A142,not_cohort,0.943392676,-0.5648,-0.055,-1.2567,-1.7427,-0.6079,1.2084,0.0617,0.7712,-0.3207,-1.1994,-1.4816,-0.7276,-1.8878,0.2914,1.0639,1.4362,0.4809,2.1221,0.3088,0.27655,-0.5885,-2.9337,-0.5893,-1.8336,-0.4104,1.1772,2.1524
TCGA-D8-A143,not_cohort,4.684434041,-1.0033,-0.2939,-2.1282,-0.3437,1.2416,1.6537,-1.154,0.5828,0.3049,-1.8587,-2.0129,-0.7486,-1.9156,2.0941,-0.5714,-0.1486,-1.4132,0.7469,-3.0144,0.22965,-2.4271,-0.5614,-2.073,-0.2901,1.0082,0.1064,0.586
TCGA-D8-A147,not_cohort,1.440409214,-1.0439,0.5455,-2.191,-2.5134,0.5131,0.6077,-1.0026,0.2795,-0.5399,-0.5425,1.4701,-0.2563,-4.0612,0.2019,0.1233,-0.2313,-0.206,0.4703,-1.7933,-0.6157,0.0439,0.9419,1.052,1.5942,-0.2758,1.2637,0.079
TCGA-D8-A1JF,not_cohort,1.70438791,-1.7166,0.4157,-1.1658,-1.9812,-1.5893,0.6025,0.8424,-0.737,1.255,-0.6645,-1.5925,-0.3533,-2.2146,0.9894,-0.8813,1.6136,0.6806,1.7876,0.2319,0.2823,-0.1077,0.1623,-0.582,0.4227,0.4901,0.7551,1.2278
TCGA-D8-A1JG,not_cohort,2.025406649,-0.6379,0.2487,-1.8662,-0.7821,-1.3888,0.0635,0.7369,1.3309,0.9627,-0.8016,-2.2659,-0.9925,-2.5138,0.2774,0.1108,1.3754,-0.254,0.1979,-0.5325,0.3828,0.1756,-0.9403,-0.0193,-1.4086,0.8205,0.4034,-0.8106
TCGA-D8-A1JL,not_cohort,1.560293088,-2.435,0.1276,-2.8935,-1.9549,0.753,-0.2594,-1.8131,-2.0511,1.8404,-0.4965,0.7026,-1.3349,-4.0184,1.7173,-1.6972,0.8487,-2.39,-0.5838,-1.408,-0.5349,1.9693,-1.501,0.2246,-0.8751,2.6878,1.5286,-0.2018
TCGA-D8-A1XK,not_cohort,1.327958471,-2.428,-0.054,-1.224,-1.3078,-1.1768,0.8387,-0.5954,0.1523,1.2293,-0.7404,0.4267,-0.1867,-2.4714,-1.3809,-0.1239,0.3581,0.0733,0.6315,-0.5498,0.6505,-1.071,0.0399,0.1289,0.2784,0.7601,1.3351,-0.7889
TCGA-D8-A1XQ,not_cohort,0.972955106,-0.3934,-0.1466,-1.4428,-1.639,-1.0112,1.884,0.0495,-0.1314,1.5327,-0.5761,1.1299,-1.1642,-1.2228,1.0181,0.4044,0.0363,0.5256,0.9937,0.8218,0.3495,-0.6523,0.6775,0.4866,0.9688,0.3934,0.4504,0.2246
TCGA-D8-A27F,not_cohort,1.718946474,-1.2903,-1.0153,-1.6017,-1.241,0.9474,0.2826,-0.2761,0.4959,-1.0476,-0.9721,0.3265,-0.0975,-0.8934,-0.2905,-2.1107,1.9382,0.7385,2.5186,-1.048,0.57005,1.2262,-0.9728,-2.7288,-0.5596,-0.5249,0.5754,2.0041
TCGA-D8-A27H,not_cohort,1.228506609,-1.2643,-0.3264,0.3692,-0.1747,0.5918,1.3264,-0.0188,-0.754,-1.1407,-1.3829,1.1944,-1.3911,2.2026,0.7839,-0.1912,-0.0915,-0.1324,0.6292,-0.3617,-0.0507,0.422,0.9024,0.3943,1.0809,1.8464,1.0453,-0.4342
TCGA-D8-A27M,cohort,1.834337191,-1.07616,-0.2917,-1.3053,-0.2819,-0.189,-0.6373,-1.4736,0.7753,-2.55,-0.8855,1.7893,0.628917745,-3.1932,2.8413,-2.7468,0.3071,1.456,-1.4033,-1.6687,0.91875,-0.0818,0.7198,-0.0061,0.6816,0.8916,0.79,-1.3495
TCGA-E2-A14N,not_cohort,0.345707764,-1.6242,-1.742,-2.7342,-2.5974,0.6247,0.9518,-2.1606,-2.601,0.1396,0.1831,0.9581,-0.6566,-4.4912,0.9531,-1.8734,2.3247,-1.2088,0.166,-3.2518,0.89975,-1.2358,-3.8981,-3.0976,-4.0269,1.5375,1.4508,2.526
TCGA-E2-A14R,not_cohort,0.511572767,-1.1225,0.2273,-1.6145,-2.3012,0.5596,0.1545,0.7959,2.0502,-1.0229,-0.4676,0.9824,0.4004,-2.8298,-0.8533,-0.6583,1.036,0.9779,1.6379,-0.5749,0.18315,0.3034,-1.838,-0.1427,-0.3908,1.3922,1.1757,0.8722
TCGA-E2-A14X,not_cohort,0.678484807,-0.3927,0.1463,-1.6327,-1.7148,0.0294,0.7864,2.1646,1.2432,1.6825,-0.3641,1.8941,-0.8592,-3.2076,0.608,-1.669,0.2747,-1.5888,1.0545,-1.2016,0.30515,-1.049,-0.984,-0.6112,-0.758,1.4462,1.5081,0.4281
TCGA-E2-A150,not_cohort,4.142471725,-0.2973,0.4018,-1.5261,-2.4197,-0.3707,0.1265,-0.701,2.1862,0.3652,-0.0354,-2.5151,-7.0781,-4.4192,1.1157,-1.4215,1.8593,2.4464,-1.9118,-2.6276,0.63585,-0.1511,2.0504,1.2521,1.846,-0.3783,-0.1754,0.5599
TCGA-E2-A158,not_cohort,0.95961273,-1.2359,0.3404,-0.9387,-1.0144,-0.7101,1.5396,-0.7282,2.42,1.4215,-1.0999,-1.7964,0.7027,-0.985,1.3406,0.1502,2.3808,1.6595,-0.5128,0.1244,1.2959,-0.2012,-0.2348,-0.2439,-0.2509,1.868,0.3506,-0.0392
TCGA-E2-A159,cohort,1.451048857,-1.07988,0.9343,-1.9721,-2.826,0.7192,0.3969,1.7464,0.1448,1.4659,-0.0797,1.7696,-0.008394947,-2.2256,1.7762,-0.4249,0.6366,-0.2692,1.1444,-0.7245,0.2574,-1.4942,-1.3413,-0.8818,-0.8899,-0.2038,0.3577,2.9588
TCGA-E2-A1AZ,cohort,0.963622622,-2.05272,-0.0269,-1.8268,-2.3865,0.1972,2.0437,0.7925,1.5236,0.0384,-0.6382,-1.3012,-1.438358638,-1.464,0.9773,0.5674,1.1259,1.3947,1.1691,1.001,0.7201,-0.1848,0.1245,-0.1547,0.4063,1.0866,0.5878,0.5499
TCGA-E2-A1B6,not_cohort,-0.077134636,-0.564,0.1896,-1.8041,-1.0861,-0.4664,-1.0263,-0.4316,-0.5676,1.6341,-1.6012,0.3657,-0.6218,-1.8804,0.8471,-1.6235,0.3134,2.1488,-0.4449,-2.0718,0.2035,0.2427,-0.8386,-0.8409,-0.9568,1.599,0.6477,-0.678
TCGA-E2-A1L7,not_cohort,0.400108093,-0.7681,-0.5356,-2.0632,-2.364,-0.581,0.6019,-0.9176,1.4458,1.6017,-0.9847,1.4631,0.356,-2.7732,-0.3806,-0.7011,-0.2065,-0.5458,1.2967,-1.0772,0.3777,0.3671,0.7163,1.2115,0.8301,-0.8689,0.7211,0.3015
TCGA-E2-A1LG,not_cohort,2.524363814,0.4842,-0.1061,-2.6742,-3.8833,0.209,-0.4915,-1.3765,2.5266,1.0786,-0.6734,1.4919,1.358,-3.836,1.6544,-1.1218,1.9381,-2.0368,-1.9118,-2.4201,0.8016,-0.0325,0.7296,0.0524,0.8308,1.6608,0.7123,-0.7496
TCGA-E2-A1LH,not_cohort,0.392075546,-0.3525,0.4195,-0.7634,-0.6254,1.7829,0.1473,-0.1064,0.814,-0.2096,-0.7678,1.1411,1.1721,-4.1978,0.0855,-0.8238,0.6903,1.5051,-0.7923,-0.8691,1.0344,1.7507,2.0409,0.361,1.8647,-0.1479,0.8885,1.25
TCGA-E2-A1LI,cohort,0.752979899,-1.4472,0.3711,-0.6274,-1.1707,-1.1907,1.1058,-0.3357,-0.2432,-2.1752,-0.0661,1.1459,-0.122248407,-1.1222,0.7071,0.2702,0.2694,0.1489,-0.6372,-0.4029,1.09355,1.0083,-0.3743,0.1042,-0.5059,1.7194,0.6563,-0.2188
TCGA-E2-A1LK,not_cohort,1.124878263,-1.7149,-2.4552,-1.8763,0.0744,-1.3238,0.9016,-1.5446,0.2075,0.1826,-0.3328,0.2369,-1.0842,-3.3762,-1.5796,-0.3262,-0.945,-0.5148,2.0789,1.2932,-0.2049,-0.9643,0.5741,0.9934,0.0799,1.1478,0.7581,-0.3837
TCGA-E2-A1LL,not_cohort,2.103363366,0.0912,0.2367,-2.3584,-1.6982,0.1869,0.6546,1.954,1.4493,-0.3208,-0.654,-1.907,-0.691,-1.9548,0.4695,0.6358,1.4846,1.3155,0.0913,-0.0111,0.62965,1.9323,0.9765,0.5999,0.2463,1.7159,0.3456,-0.8661
TCGA-E2-A1LS,cohort,0.746586833,-0.56748,0.1676,-2.0336,-1.238,-0.1017,0.4767,1.5601,1.3104,-2.2687,-0.4538,0.8449,-0.734273781,-2.1768,0.7842,1.0042,0.3088,0.6592,-1.3857,-0.6537,0.98255,0.6636,0.2517,0.0547,0.1394,1.8986,0.5952,-0.4019
TCGA-E2-A573,not_cohort,0.177948142,0.1282,-0.1354,-0.6333,-1.2612,0.6283,-0.4409,1.2216,1.9479,-0.0082,-0.492,0.3834,-0.433,0.3952,1.2686,0.5944,1.2548,0.9876,-0.0338,3.135,0.5425,0.2895,1.1047,1.9329,1.3256,1.6661,-2.0044,-0.6804
TCGA-E2-A574,not_cohort,-0.166366135,1.0384,-0.1232,-1.8611,-1.6962,0.1342,1.7104,-0.5799,0.3068,-0.1272,-0.9553,1.8879,-0.6275,-3.172,1.0241,0.0342,0.2514,-0.114,0.8345,-0.7321,0.7128,4.0422,1.3867,0.7641,0.664,-1.0406,0.0125,-1.0584
TCGA-E9-A5FL,not_cohort,0.806644061,1.1106,-0.3132,-0.8101,-1.4883,-0.9819,-0.3892,0.7945,0.9714,-0.3773,0.1586,0.2447,-0.0555,-0.113,0.0789,0.6728,1.7622,0.0206,2.5665,1.7026,0.66325,-1.6897,-0.1622,-1.061,-0.2172,0.5973,0.342,0.9741
TCGA-EW-A1OV,not_cohort,-0.231974336,-0.7652,-0.0781,-1.1315,-0.4519,-1.101,1.3273,-0.5068,-0.1057,-0.0718,-0.8522,1.9163,0.0497,-1.7756,1.3183,-0.5119,-0.2515,-0.6466,-0.349,-0.414,0.5072,1.3632,1.5509,1.9394,1.6123,-0.5625,0.4276,0.338
TCGA-EW-A1OW,cohort,1.01353899,-1.71804,0.5342,-1.5214,-1.1667,-1.2588,1.4796,-0.4148,-0.3036,1.5382,-0.6965,0.9679,-0.614963793,-2.441,-0.113,1.4458,0.996,1.5556,0.4693,0.7042,0.94295,-0.755,0.6204,0.4222,0.993,1.257,0.6315,0.1513
TCGA-EW-A1P1,not_cohort,1.249387939,-0.0536,-0.4094,-1.7299,-1.0888,-1.3136,0.538,-1.8791,-0.9379,0.0797,-0.8985,0.7972,0.6098,-4.4656,0.9359,0.0454,0.3257,-0.6917,-0.7516,-1.8445,1.1029,0.0568,0.7316,0.3569,1.503,0.3705,1.2418,0.2974
TCGA-EW-A1P4,cohort,1.918267426,-0.02172,-0.4454,-1.5904,-1.3111,-0.0653,1.2136,0.9047,1.0646,0.5085,-1.9948,0.7854,-2.462048322,-0.8524,0.1295,1.5865,-0.2,1.0154,1.3635,0.2528,0.14415,2.1181,1.2586,1.0084,0.6393,0.6461,1.343,0.1398
TCGA-EW-A1P7,not_cohort,1.12527037,-0.828,0.3149,-2.2797,-2.2332,0.8982,0.9462,-1.5076,0.2519,0.8,-0.2413,-1.2234,-0.2996,-2.4322,0.6154,-1.042,0.3345,2.2438,0.6327,-1.0711,0.5622,0.5253,0.2073,0.4806,-0.8251,1.0595,0.1891,0.0772
TCGA-EW-A1P8,not_cohort,0.668764181,-0.6102,-0.5367,-1.9224,-2.1452,0.2352,0.5611,0.3687,1.4276,-0.3847,-0.8381,-0.4483,-1.0927,-3.0974,1.9619,0.2067,0.2294,-0.6205,1.7995,2.1093,0.04805,1.4246,0.1398,-0.1477,-0.6639,-0.3369,0.8055,1.1184
TCGA-EW-A1PB,not_cohort,1.061274532,0.0091,0.0486,-1.7641,-1.4521,-1.0563,-0.1335,1.6672,0.6223,0.774,-0.945,1.5697,-0.0351,-2.8628,0.9327,-2.9741,0.2803,0.4236,1.2716,-1.2511,0.6915,0.1268,0.4868,-0.5618,0.8612,2.0934,1.4893,-0.618
TCGA-EW-A1PH,cohort,1.34399864,-0.04908,0.1844,-1.5162,-0.5163,1.265,2.0119,1.7672,0.3872,1.0125,-0.4001,0.6188,-0.790814889,-2.0676,-0.0934,1.2072,-0.0105,0.2611,-1.3355,-0.0552,0.91155,-0.2535,-0.303,-0.3081,0.633,1.1299,1.2001,0.0856
TCGA-EW-A3U0,not_cohort,0.639680598,-2.1254,0.2592,-1.6498,-1.5681,0.4771,-0.6127,0.611,1.4525,-1.0495,-0.8187,0.741,-0.3241,-2.6832,0.5121,0.2114,1.6104,0.764,-0.9235,-0.9485,0.46195,-0.4265,1.2165,1.3229,1.7111,1.8065,1.5383,0.4268
TCGA-EW-A6SB,not_cohort,-0.071103822,-0.461,0.67,-1.7559,-2.8667,0.4086,0.5661,0.2774,-0.379,-0.0064,-0.6001,-1.9865,0.684,-2.9738,-0.8053,-1.2655,0.4505,-0.5012,1.7817,-1.7006,0.1579,1.3202,0.5348,0.9248,0.8283,-0.1708,1.0904,1.162
TCGA-GI-A2C9,not_cohort,0.914163042,-1.4829,-0.2867,-1.6911,-1.2161,-0.5671,-0.1863,1.0553,0.903,-0.5715,-0.0024,0.7947,1.3818,-2.328,0.0125,-0.2001,0.7093,1.3525,1.041,0.8495,0.75985,-0.4365,1.3365,0.28,1.1783,0.1996,0.3877,-0.2902
TCGA-GM-A2DB,not_cohort,1.186241919,0.3287,0.1441,-1.9367,-1.185,-0.2201,1.0626,-0.1604,1.2928,-0.1246,-1.02,-1.6658,0.169,-3.1696,0.1451,-0.4104,-0.1857,0.1315,1.3689,0.0444,-0.57405,0.0178,2.2363,0.7546,1.7964,-0.8279,0.2974,0.5726
TCGA-GM-A2DD,not_cohort,1.587233744,1.1992,0.4779,-0.6472,0.5159,-1.0087,2.1083,-1.1292,-0.797,-0.0705,-0.3024,-1.2769,-1.6943,-2.8068,-0.6044,0.235,-0.007,-1.0589,1.3586,-0.2428,-0.0419,-0.4382,0.0947,0.4541,0.8571,2.5136,1.0408,1.4656
TCGA-GM-A2DF,not_cohort,0.220611918,0.0189,0.4473,0.2654,-0.0195,-0.782,-0.072,0.1057,0.5558,-0.2178,-0.7108,-1.2632,0.0894,1.6436,0.4778,0.4268,0.8108,0.3201,1.5855,1.4629,0.3924,1.3009,0.1107,-0.4298,0.6399,-1.1242,0.557,1.1916
TCGA-GM-A2DH,not_cohort,-0.397867014,-0.6092,-0.1108,-1.3409,-0.6697,0.3902,0.6683,-2.1807,-1.0393,-0.5296,-1.1858,1.4994,1.1633,-3.2706,1.5927,-0.9573,0.6456,-1.8736,0.2648,-1.6924,0.80935,-0.2606,1.9086,0.0322,1.6335,-1.1341,0.9314,-0.3428
TCGA-GM-A2DI,not_cohort,0.933059227,0.9753,-1.0928,-1.731,-3.1328,1.1188,1.3717,-2.4646,0.9933,-1.6425,-2.4447,-1.7759,-3.3872,-3.8456,1.5523,-1.7446,-0.8736,-0.6623,0.7435,-1.2549,0.1223,-0.2547,1.689,1.5722,1.9123,0.2969,1.1944,0.6441
TCGA-GM-A3XL,not_cohort,0.335606777,0.8353,0.2286,-0.9076,-1.2383,0.2491,0.1298,0.5126,1.5727,-1.0961,-0.8067,1.2409,-2.526,-0.6172,0.2585,-0.9625,0.6907,0.9324,2.7898,0.946,0.2213,-0.3078,0.81,-0.1411,0.7644,-0.3714,0.8041,-0.0981
TCGA-HN-A2NL,not_cohort,0.545498646,-2.1964,-0.351,-1.813,-0.9282,-0.8831,0.1073,0.0003,0.7483,0.7517,-0.3361,0.6857,0.7046,-2.6828,-0.121,-0.7616,0.1458,-0.1186,2.246,-0.7686,-0.02655,-0.6817,0.0954,0.1976,-0.575,-0.1524,1.4539,-0.8031
TCGA-LL-A441,not_cohort,0.948540225,-1.0988,-0.7627,-1.9035,-2.5193,1.7306,-0.0203,-0.0654,0.8998,-0.436,-0.703,-1.5052,0.5175,-1.8246,-0.1055,0.83,1.6708,1.8788,1.3918,0.2601,-0.10445,-0.5016,-0.3534,0.4256,-0.088,-0.4831,1.4996,-0.4803
TCGA-LL-A5YO,not_cohort,0.04541025,-0.1203,0.8501,-1.6889,-1.0642,0.373,-0.7101,0.7996,0.3678,1.4,0.5592,-0.8994,0.9644,-2.2474,-0.8986,0.7456,0.5738,1.0157,-0.7562,-0.0949,0.28755,-1.4112,0.4247,0.5112,1.337,0.6852,0.639,2.2135
TCGA-LL-A73Y,not_cohort,1.269169458,-1.1271,0.3225,-1.5705,-1.1311,-0.6433,-0.9537,1.2815,0.5474,0.9971,0.7322,0.1922,0.6248,-1.632,0.2914,0.6002,0.4994,0.4502,-0.0364,0.7764,0.3398,-1.6161,-1.5192,0.5099,-0.6825,2.2971,1.2026,0.9675
TCGA-LL-A740,not_cohort,1.675648979,0.5245,-0.4348,-1.5283,-1.2857,0.5641,1.124,-1.3932,-0.7038,-1.2722,-1.3374,2.2201,-0.7864,-3.3206,2.8779,-1.4056,-0.307,-2.3102,1.3873,-0.7677,-0.04775,-0.3068,1.5601,1.5323,2.0076,0.9839,0.2814,0.7189
TCGA-OL-A5D6,not_cohort,0.984245532,-0.1157,-1.4251,-2.1762,-1.9264,0.0921,0.1764,-0.5213,-0.8727,-2.2791,-0.5307,-2.6466,1.2457,-3.8314,2.1659,-0.7049,2.1849,-1.1349,-0.5802,-1.5599,0.7623,-0.7098,0.7009,0.319,0.7343,2.0686,1.1451,-0.3292
TCGA-OL-A5D7,not_cohort,0.048879206,-0.8361,-0.2753,-1.5969,-1.6353,-0.6147,0.3117,0.7875,1.2512,1.668,-0.6937,-0.8424,-0.841,-1.8216,1.5741,-0.4854,0.5192,1.4451,0.6166,-0.7899,0.66885,-0.8637,0.9437,2.6467,1.776,-0.4491,2.1357,0.6157
TCGA-OL-A5RW,cohort,1.818764546,-1.14768,0.5125,-1.8105,-1.453,-0.3364,1.0015,-0.1776,-0.5382,-0.6361,-0.4357,0.9802,0.486881004,-3.2504,1.0395,0.2896,0.9837,-0.0739,0.1222,-1.4565,1.07925,0.3009,1.1892,0.1262,1.1677,0.3119,0.8062,-0.4725
TCGA-OL-A66I,not_cohort,0.168219653,-1.2478,-0.0738,-1.4161,-1.4673,0.007,-0.6085,0.5459,1.2349,0.9531,0.7156,-0.4436,1.5276,-2.2868,-0.0276,-0.9318,0.5218,-0.0021,1.0359,1.1149,-0.04255,0.9256,-0.5014,-0.0568,-0.2022,1.8187,1.0381,1.2094
TCGA-OL-A66P,not_cohort,0.43254747,0.2271,0.1191,-1.2654,-3.608,0.7596,0.7175,-1.2381,0.2495,-0.4372,-0.5673,2.1085,-0.5366,-4.0318,1.8437,-1.3388,-0.6282,-1.6912,0.0521,-0.9862,0.0048,0.7196,0.2433,-0.1369,0.6635,1.6035,-0.1659,0.2774
TCGA-OL-A6VO,not_cohort,1.092403392,-0.7644,0.4551,0.1658,-0.0733,-0.315,-0.1509,-0.0977,1.7524,-1.5311,-0.4024,-0.0824,0.2924,1.452,-0.3023,0.8564,0.6535,2.3587,-0.5332,0.8832,0.2612,-0.2088,1.3349,1.6913,1.3456,0.8347,0.7382,0.6531
TCGA-OL-A97C,not_cohort,1.820871491,-0.2224,-0.2869,-1.7503,-1.6717,0.1185,2.1602,-1.1471,0.5029,0.0476,-0.6477,-1.054,0.1236,-2.789,2.305,-0.9509,1.8439,-0.5524,1.4659,0.0816,0.9011,-1.1996,-0.3505,-0.3141,-0.2696,1.7619,1.1886,-0.7237
TCGA-S3-AA10,cohort,-0.225728211,-0.70092,-0.5617,-1.6095,-1.9704,-1.4943,0.496,1.8687,0.7679,0.0896,-0.8413,2.1492,0.05806206,-1.7958,1.4359,0.9655,1.9871,1.0392,-0.1886,0.7968,1.25055,0.6232,0.0945,-0.2221,0.8106,0.0512,0.6858,0.0832
TCGA-S3-AA15,not_cohort,0.723701924,-1.489,-0.8526,-1.2246,-1.3677,0.1935,0.5499,0.6888,1.453,0.6667,-1.4453,-0.4807,-0.4788,-1.7188,0.8672,0.1642,1.0078,0.9518,2.2055,1.0148,0.66345,-0.0739,1.3146,1.4169,1.2481,-0.6271,0.2348,0.1785
