new_id,old_id,EGFR,CDH1,ESR1,GATA3,H3F3B,MKI67,ACTA2,VIM,CASP3,ERBB2,TP53,KRT19,PGR,MYC,FN1,KRT14,SNAI2,MS4A1,VWF,KRT5,CD44,PTPRC,CD68,CD3E,CA9,KRT8,KRT7,TWIST1,RPS6,MTOR
0,not_cohort,0.456557715,2.276379298,0.511997934,1.62590476,11.17072611,0.167054747,5.14699625,1.149356407,1.002088176,2.897889707,0.086697576,2.284322757,1.183964384,0.462641502,3.431330833,0.129766231,0.193303037,0.076122243,0.084403063,0.136294935,16.81052677,0.070342173,0.201834174,0.048885651,1.325264605,1.942073701,0.101149859,0.274594895,0.73524365,1.540634008
1,not_cohort,0.336383128,3.604003566,0.125132472,0.466307179,10.05313663,0.145670225,2.287103933,3.177619319,0.851464344,1.930853503,0.070113215,0.581880888,0.904951569,0.143593484,1.524735955,0.094788078,0.170085542,0.071762123,0.074401343,0.100691094,13.41724327,0.16922122,0.609974465,0.063559417,0.545003435,1.180993323,0.049670269,0.484130185,2.088538898,1.271646191
2,not_cohort,0.557301896,0.963096208,0.171224656,0.437972739,18.32876129,0.059054102,5.42130026,6.74921842,1.307841579,1.208128336,0.099865133,0.990946895,1.477567174,0.324475167,3.614200173,0.288883463,0.102776723,0.126361218,0.0982532,0.248199677,16.24073115,0.141337897,0.847003297,0.063588555,1.17934606,1.312317911,0.406347473,0.317823578,0.621200574,1.717614929
3,cohort,0.282371451,3.302956811,0.119126742,0.780988241,3.001303818,0.208142419,10.62292513,3.834592365,0.285263499,0.486268946,0.05391276,0.201410524,1.685374451,0.207535436,7.081950088,0.145644486,0.228543734,0.051226232,0.091119002,0.137678985,25.70476047,0.087721641,0.371771268,0.06228334,0.649866798,5.679489479,0.785432799,0.277660597,0.600663827,1.82326721
4,not_cohort,0.207188447,2.257574047,0.075340487,0.300594601,4.439368353,0.046353887,2.85392824,2.290462381,0.335662683,0.517467495,0.041217715,0.13738925,0.347278396,0.21477979,1.902618826,0.095162093,0.088515752,0.069046211,0.105595758,0.077118518,18.27914262,0.31584586,0.264321965,0.116251284,0.30382804,0.188071139,0.014356813,0.110132573,0.379176271,0.35601638
5,not_cohort,0.326060001,1.022937943,0.154658366,1.188667767,7.51931673,0.32725729,2.690128399,3.842268981,0.453224893,1.931727498,0.057426585,1.08037597,2.290626663,0.521414004,1.793418932,0.131150913,0.203238754,0.123126428,0.082597215,0.113308294,15.12377059,0.16229072,0.260937947,0.06838901,0.552981742,2.816126185,0.631387531,0.2704669,0.260394001,0.786556407
6,not_cohort,0.249246525,3.327211308,0.129986755,0.285584273,2.846416423,0.060937155,1.81021125,1.193399509,0.432359955,0.934439346,0.063990905,0.352425794,1.880633656,0.388266074,1.2068075,0.072078521,0.17468151,0.044462738,0.039783544,0.079148243,8.68028323,0.080526638,0.166926601,0.04973187,0.364126979,0.58357275,0.148243201,0.132804304,0.169226567,0.465896614
7,not_cohort,0.333908369,2.961885828,0.192693742,0.595088434,10.61584562,0.210195327,1.784579336,1.29143463,0.879241896,1.760902685,0.062125631,0.783274983,0.65981403,1.197028469,1.189719557,0.087549128,0.345348187,0.059687794,0.066278004,0.085779984,5.973165867,0.052715433,0.124512652,0.036962574,5.257497288,0.334064562,0.078430887,0.215828689,0.581052222,0.869521686
8,not_cohort,0.326476931,6.297327756,0.37494977,1.193032416,6.151032009,0.201738776,3.112149127,1.592646912,0.67598731,3.645435739,0.074557097,1.139665286,0.731878048,0.155370457,2.074766085,0.100011759,0.274155869,0.110917254,0.08416068,0.098046945,11.98085391,0.138495393,0.322897966,0.051754429,0.843911717,0.819558539,0.016362293,0.32987531,1.06685942,1.212092853
9,cohort,0.294737052,2.168058944,0.251053539,0.63712474,7.858052168,0.195987198,1.117122876,1.519306107,0.705812681,1.415423159,0.062082442,0.425364691,0.579917449,0.183245351,0.744748584,0.076328055,0.185540044,0.168111449,0.104617249,0.087369145,33.24502997,0.443395551,0.425879156,0.107133819,0.590664901,0.346163371,0.019435677,0.168096926,0.352357269,0.573806019
10,not_cohort,0.187967398,6.197211892,0.094240259,0.524066761,2.575923729,0.174805122,4.455829177,0.760480947,0.212582708,0.636658935,0.036229125,1.375901985,0.189434729,0.122788608,2.970552784,0.097587856,0.088477419,0.034139202,0.06037417,0.101614384,9.106927682,0.061220538,0.180506078,0.043735474,0.23043089,1.377825453,0.443308583,0.122784842,0.59478941,0.405798694
11,not_cohort,0.238650211,2.538063503,0.117568216,1.424866984,5.396653882,0.045310523,1.928032951,3.159116054,0.51889912,1.338813741,0.050001612,0.516426232,0.571353297,0.25109478,1.285355301,0.084199146,0.127772579,0.044324371,0.052238688,0.081945673,10.34135042,0.085620731,0.216933016,0.046988923,0.46061238,0.712825071,0.127556513,0.145347465,1.830151047,0.956211823
12,not_cohort,0.532004217,8.828516603,0.581265155,1.618843538,6.455504578,0.457218262,2.967494086,4.009773084,0.993560593,2.961292385,0.11359124,0.514574611,0.699049968,0.999039816,1.97832939,0.229395233,0.512149129,0.120469116,0.107803871,0.114717393,11.50931157,0.189698229,0.375793206,0.098491688,0.907556969,0.416893692,0.020568715,0.431497684,1.590189294,1.197493297
13,not_cohort,0.176201104,1.183330002,0.121444011,0.207442632,3.570232343,0.056398532,1.115350642,1.505560539,0.656730135,0.685514723,0.038728691,0.156783243,0.386467868,0.095427433,0.743567095,0.058306273,0.059700968,0.046125296,0.050227338,0.058891093,6.603906414,0.084027689,0.123007001,0.025842303,0.278519876,0.521869331,0.027754299,0.089655523,0.097036664,0.372905369
14,not_cohort,0.355926349,2.846639172,0.178046131,0.638868974,6.894476637,0.066885413,2.06339685,2.337462312,0.817982072,1.478080549,0.063812632,0.41345162,1.82419134,0.322917384,1.3755979,0.157204328,0.186964908,0.061481185,0.089124221,0.178996128,16.49113397,0.185260038,0.390296255,0.035094625,0.662737528,2.012464966,0.074316919,0.402497583,0.936008059,1.517687055
15,not_cohort,0.836931184,4.527422187,0.435410496,0.957776938,11.73568936,0.080326499,3.331854582,3.849337303,1.817303681,4.611177614,0.125993981,1.507494835,1.750602238,1.219826042,2.221236388,0.315060301,0.743778795,0.143748673,0.15894479,0.175382455,29.59763846,0.122196911,0.514826954,0.150909438,2.053038591,4.137299553,0.021783678,0.42034241,1.297392307,3.222955065
16,cohort,0.258413253,0.734837763,0.046829206,0.105942462,3.145635779,0.032187528,7.245334872,3.637309884,0.555740829,0.294110943,0.049695359,0.559651859,0.385040304,0.363377674,4.830223248,0.065981214,0.074709609,0.037437302,0.043953371,0.083658189,11.14046063,0.060951517,0.182736178,0.03237355,1.371830309,0.477801243,0.154913347,0.130342676,0.290787628,0.581049871
17,cohort,0.263172194,3.591780708,0.118283613,1.060197662,15.90511103,0.156087259,0.548270398,0.840873932,0.669634669,1.944009739,0.052133915,2.564305503,0.491069668,0.208797801,0.365513599,0.077312518,0.23084578,0.048736893,0.066963725,0.091255735,5.363721771,0.051485522,0.174691913,0.033025507,1.110502512,4.613782233,0.425797412,0.185612335,0.458969884,0.845970227
18,cohort,0.144124036,0.829584953,0.068601331,0.138650265,1.346413939,0.03055375,1.080830642,0.306321996,0.246613261,0.644942228,0.031116834,0.226670167,1.053723009,0.110618314,0.720553761,0.055442322,0.086052486,0.040258114,0.028422372,0.074046567,21.3356311,0.055179416,0.094469478,0.027704554,0.20367982,0.049586818,0.013864146,0.078579323,0.438720563,0.248126293
19,not_cohort,0.195526496,2.513163185,0.09472549,0.436337139,2.166397606,0.072777291,1.627794571,1.071031501,0.394869889,0.689200928,0.032422917,1.84710436,0.419793146,0.261253298,1.085196381,0.134515671,0.121858651,0.019817134,0.042896511,0.158510495,7.034255739,0.033361663,0.12047972,0.035186493,0.290417907,0.588367515,0.503412203,0.116664539,0.520874258,0.533842177
20,not_cohort,0.282184462,4.443408965,0.237923519,0.282609417,9.076027193,0.028166288,3.907848035,0.068007058,0.232480076,0.438401767,0.054353811,2.140063298,0.256322072,0.763160562,2.605232023,0.118478852,0.091706308,0.073382576,0.074169333,0.13060161,13.90952677,0.064662106,0.172598239,0.05312088,0.261315681,3.275930459,0.026953472,0.173935049,0.339327931,0.813090482
21,not_cohort,0.298685155,3.394746938,0.171918377,0.89862015,10.96161417,0.191645843,5.33342565,1.905676348,0.633262344,1.211216064,0.06164601,0.734768263,1.903729482,0.29176456,3.5556171,0.124524237,0.088056716,0.069370068,0.079508316,0.16060768,15.48432375,0.143470632,0.435419596,0.077070589,0.565753276,1.466953931,0.200366117,0.24097378,0.26613199,0.705170776
22,not_cohort,0.35981677,0.427150662,0.080035873,0.104070706,12.91737684,0.031441452,7.44383981,3.004781198,0.939701606,0.193414143,0.064737661,0.182589017,0.503892253,0.059024725,4.962559873,0.253958011,0.056106009,0.070984027,0.06767713,0.11635409,13.34821499,0.171536233,0.212096614,0.047583189,0.616855891,0.483706879,0.045929208,0.187675116,0.768625574,1.885125364
23,not_cohort,0.566727588,3.328995434,0.423444611,1.836083732,10.10118131,0.079548129,1.687719124,1.278474038,1.034744099,2.409501072,0.163392804,0.927943219,0.967005535,0.752763028,1.125146083,0.199866943,0.954249324,0.219755974,0.19479254,0.184922123,348.6997288,0.466439208,3.42221798,0.083463069,1.207994404,4.986068738,0.042533525,0.379172556,1.197350692,1.185564218
24,not_cohort,0.281412043,2.859906105,0.489786019,0.578374359,6.867334062,0.059295397,1.783731624,3.982889171,0.82652645,1.730175347,0.055527805,1.863268013,0.643389968,0.30272888,1.189154416,0.135279129,0.177174617,0.067173351,0.078579359,0.173612977,15.7672507,0.188739587,0.267461378,0.059514328,0.642899385,1.043843213,0.141135924,0.17747584,0.285862398,0.785274786
25,not_cohort,0.36953479,3.045510308,0.623007777,0.894577096,12.62976841,0.136276465,1.826688506,2.117699462,1.328347037,1.355051454,0.07282322,0.222368962,0.689841127,0.341056905,1.217792337,0.095084996,0.14369577,0.054817316,0.070499622,0.094020106,11.72526924,0.064938423,0.245352084,0.039070991,0.694348591,3.842198863,0.019918167,0.253112659,0.773460608,0.952706129
26,not_cohort,0.34223892,2.464634691,1.104477497,0.862929662,4.224295649,0.061222193,0.980975167,3.706759026,1.438621479,2.663885236,0.078675379,1.235402245,1.084235606,0.683312645,0.653983445,0.097404416,0.129771822,0.059988901,0.105787941,0.098217441,21.40684642,0.118793191,0.410157651,0.050213945,0.708667324,1.090171375,0.042476218,0.170813843,0.615810845,0.840480779
27,not_cohort,0.756969223,1.15077515,0.46929123,0.64677087,9.314414137,0.068904113,1.659793291,4.63843947,0.625970985,1.274179265,0.074005035,0.78549443,1.80109498,1.170457645,1.10652886,0.102800804,0.250060884,0.253012892,0.091232683,0.093400443,20.33827037,0.703407575,1.031446834,0.19282559,1.582687026,3.478846719,0.209368533,0.211632869,0.877566306,1.476250911
28,not_cohort,0.497438566,3.020860976,0.128955234,0.637009591,8.059274584,0.811825876,2.738286709,1.742596858,0.982179405,0.966237302,0.073832641,1.118279331,0.462576348,0.374814355,1.825524472,0.087612393,0.158159245,0.044223547,0.101170814,0.103414117,8.762863946,0.058521528,0.908321125,0.049615522,0.54045652,1.236599632,0.25304482,0.186782648,4.792656383,1.075828986
29,not_cohort,0.344516481,2.335726143,0.311892479,0.6982842,5.460828091,0.139907884,1.417293045,1.049836456,1.074012388,3.936196891,0.072963846,0.224262829,1.349996431,0.300443131,0.94486203,0.110244702,0.198311866,0.079370213,0.087639162,0.134394758,17.68609461,0.157396664,0.489058007,0.046879998,0.678995468,0.451790511,0.036354318,0.214867503,0.285157585,0.771753199
30,not_cohort,0.454906496,1.04017857,0.226849375,0.850525252,27.91017028,0.135393817,4.855184002,3.517352269,1.000000189,1.275261882,0.095132081,0.227005792,0.815830292,0.247797422,3.236789334,0.19745925,0.166322095,0.114112625,0.099510945,0.161159735,65.07213408,0.36777144,0.391712593,0.110921276,0.804767335,0.413252049,0.032455603,0.24386911,0.757017604,1.299489745
31,not_cohort,0.35579213,2.380307547,0.300144294,0.745239136,4.981249516,0.058946193,2.097800135,2.011839106,0.778678376,2.353157365,0.066521495,0.208790122,1.644434726,0.24180392,1.398533423,0.089300328,0.112530175,0.087214027,0.085765104,0.087550394,15.25949173,0.164246748,0.92399736,0.055673414,0.707152574,0.725611227,0.01736094,0.365141602,0.531662721,1.235672581
32,not_cohort,0.297059032,1.8586794,0.181725196,0.52006951,11.16232727,0.053836477,2.260230279,1.768326566,0.798141284,1.361106151,0.062783094,0.47189415,0.943316006,0.223930587,1.506820186,0.07230016,0.114091625,0.055999041,0.066003938,0.095915834,10.60958143,0.102989402,0.266280558,0.047215935,0.546276577,1.067423587,0.027660208,0.143575648,0.71326484,1.194641413
33,not_cohort,0.281563973,1.484530708,0.382760142,0.406110861,5.207393864,0.073102434,1.146862049,2.344448514,0.894870909,2.268615971,0.055626701,0.15386809,0.556973558,0.270445718,0.764574699,0.187309541,0.123497841,0.050124056,0.092958732,0.15810352,15.53951009,0.12546868,0.38408362,0.050612089,0.547420398,0.521434456,0.020098227,0.174758433,0.663927188,0.589175824
34,not_cohort,0.43208951,2.744060015,0.495841594,0.628871216,6.948420692,0.067668002,6.42306494,3.766610234,1.131288795,1.980478041,0.083978423,0.284303655,0.749502914,0.488514464,4.282043293,0.120829074,0.107219123,0.093232025,0.084188061,0.092572108,18.53917554,0.212070082,0.387714112,0.079469556,0.615868183,0.253000749,0.020055716,0.248659172,0.509086743,0.82961082
35,not_cohort,0.174243883,1.632549388,0.127737021,0.506419888,11.71994178,0.115848761,1.719816769,1.96880275,0.381258589,0.640653975,0.038077791,1.253271013,0.359814882,0.076397328,1.146544512,0.057540249,0.080407097,0.061006261,0.055722998,0.078867846,15.31275339,0.227733615,0.378959319,0.079067143,0.377180033,0.670367038,0.113194964,0.130299361,0.691670288,0.546517071
36,not_cohort,0.361259805,1.662795704,0.163882271,0.301592653,7.0092574,0.038009258,2.054816747,4.02627484,0.39561981,0.706992241,0.051195557,0.427365227,0.554795791,0.507385983,1.369877831,0.09916977,0.118486315,0.175819928,0.069596069,0.112750674,18.09815426,0.277120242,0.221788169,0.083323904,0.355455935,0.512113761,0.182093565,0.148696077,0.447774529,0.472158366
37,not_cohort,0.340689061,4.06211833,0.864451008,1.407880491,10.82763924,0.108617649,0.675961945,0.995316643,0.960911221,1.188733665,0.076559129,0.332627751,0.829777211,0.157848888,0.450641296,0.119177682,0.167382999,0.121352223,0.087967744,0.108308425,18.81049035,0.233129133,0.237580208,0.070855866,0.74565594,2.578527282,0.023201656,0.201096499,0.311204706,0.816332822
38,not_cohort,0.424700788,2.309857486,0.116005895,0.563788332,10.14115999,0.112344022,5.35388999,6.550282157,1.444982362,1.383539044,0.078272726,1.089570589,1.062945255,0.388985467,3.569259993,0.120931252,0.149136335,0.075218489,0.091216761,0.115592925,29.17252198,0.158091625,0.493618891,0.058055815,0.768133776,1.455298829,0.329960846,0.249979636,0.975955245,0.986367189
39,not_cohort,0.475220478,4.805834774,1.491615274,1.503389978,4.242033498,0.170813324,1.232700238,1.06009858,0.698414978,2.345140275,0.097975951,2.704789214,1.230816337,0.778909128,0.821800159,0.143763661,0.946115532,0.11185985,0.120017163,0.15486417,8.442827523,0.132920331,0.143605842,0.06927573,0.739897052,6.40042504,0.048024158,0.303815626,0.484627633,1.244681276
40,not_cohort,0.443452207,3.417616505,0.173607667,0.493598716,8.039247308,0.065385667,4.044513398,4.506435995,1.03199121,1.631608856,0.079762906,2.03746572,1.959264353,0.341316424,2.696342265,0.101146611,0.174505059,0.052577086,0.094342333,0.120195348,21.43202691,0.110127851,0.342203966,0.051020401,0.635076211,1.990670198,0.108476288,0.211403434,2.104773637,1.764597577
41,not_cohort,0.364961666,1.145641937,0.115136003,0.500251226,9.230757024,0.237349199,2.175907826,4.716524247,0.945542432,0.76641021,0.084724762,0.15553849,0.627843201,0.217946633,1.450605217,0.118628729,0.183642297,0.179242725,0.110050131,0.10564007,34.00746725,0.676688018,1.170583142,0.130524072,0.614200064,0.255576412,0.028678365,0.258482178,0.463381238,0.854323947
42,cohort,0.203443896,1.305387107,0.072840629,0.175985467,8.432785433,0.129489648,1.651427119,3.009770905,0.500458236,0.604379739,0.053408146,0.195107138,0.351074299,0.124012967,1.100951412,0.061719634,0.091769903,0.057503145,0.042393063,0.069937365,21.4134458,0.324823782,0.427821176,0.095347425,0.334822262,0.532200475,0.012470366,0.101227593,0.638727738,0.504594218
43,not_cohort,0.322454937,6.854604223,0.22022991,0.973923387,10.69163466,0.715721373,2.884598268,2.523881693,0.789816147,0.857642306,0.066201575,1.111388332,0.508088858,0.332915281,1.923065512,0.09756761,0.139370958,0.079034463,0.081115673,0.092453824,10.62679595,0.175489899,0.593559754,0.071102981,0.594847582,0.807614154,0.018520001,0.240409124,0.699729746,0.877747777
44,not_cohort,0.381600569,3.221308044,0.176602497,0.963914591,8.581996007,0.106373317,2.434244925,6.560265782,0.768397768,1.310394377,0.065873456,0.640332106,2.074275894,0.323035786,1.62282995,0.133938639,0.219859161,0.117623628,0.108973432,0.116591807,31.47327196,0.354013792,0.585774429,0.110279869,0.675200808,3.266928594,0.086598072,0.27055967,1.12726837,1.219117527
45,not_cohort,0.543840064,10.80765062,0.420728452,3.209178338,17.50351664,0.128600665,1.690805426,1.940290508,0.997956965,3.369982128,0.091245849,0.493313721,3.044105408,0.582032248,1.127203617,0.241824853,0.309162049,0.127259775,0.11096104,0.155544597,10.13004227,0.118996315,0.406552623,0.072239865,1.110245318,3.439568556,0.674709163,0.387119767,0.904084848,1.691229029
46,not_cohort,0.198274944,1.353959563,0.04341172,0.151764076,4.985159838,0.027631464,5.699955755,1.836126346,0.400399408,1.015346615,0.038057111,3.513823168,0.368839602,0.176396511,3.799970503,0.085970026,0.066124017,0.045250236,0.057828535,0.107700258,10.82503848,0.052562702,0.180921614,0.035905216,0.311881149,0.924499938,0.387410951,0.110429575,0.112134133,0.43225968
47,not_cohort,0.635052964,5.066492794,0.328164758,1.184169783,5.066595048,0.111814474,6.90647043,9.003185852,0.562329738,1.182751643,0.112923525,1.385908329,0.561624546,1.417200409,4.60431362,0.253604362,0.960463067,0.129224114,0.241997694,0.14353933,39.25841447,0.405573317,0.668565135,0.189267145,0.83567219,5.00742538,0.925804273,0.367553442,2.017779765,1.669673787
48,not_cohort,0.294645415,2.717272686,0.092812267,0.579724361,7.522504192,0.092106575,2.664174619,2.83479035,0.51965612,1.335044574,0.04948466,1.518890258,0.661110797,0.230934298,1.776116412,0.234134251,0.119007692,0.054760194,0.107631237,0.198570796,21.95629068,0.100421831,0.248334594,0.047203908,0.47035982,3.00067978,0.217596591,0.148564285,0.578355955,0.768160188
49,not_cohort,0.312449652,0.598747297,0.117402747,0.395667517,16.75792336,0.078682845,1.789415098,5.016652241,0.734963006,0.795291017,0.064260463,0.409506855,0.684700572,0.144773391,1.192943398,0.077826319,0.139706075,0.200339816,0.097153573,0.083714965,27.62662665,0.818430559,0.536596104,0.186086949,0.525492674,0.823997367,0.033155082,0.146419053,0.354655133,0.845162777
50,not_cohort,0.315716589,2.851541105,0.05286776,0.272721895,8.955609865,0.050676304,7.96552325,4.374484544,0.63352878,0.518631536,0.059883423,0.251820582,0.523562072,0.147919176,5.310348833,0.089078837,0.099731768,0.065668809,0.109204611,0.090349214,28.88151264,0.312448684,0.508032065,0.083359416,0.537237676,1.151356064,0.012973126,0.129522503,1.295296063,1.132073139
51,cohort,0.180623285,0.964978694,0.1156594,0.171834,4.051841359,0.031302022,1.713577601,0.494121218,0.542367821,0.483154762,0.045064389,0.494884672,0.337051262,0.15425953,1.142385068,0.071504333,0.179194533,0.06498504,0.073112319,0.076963688,17.46736351,0.106906795,0.296944162,0.040691316,0.685678859,0.109503353,0.019959,0.122305473,0.305120171,0.407781017
52,not_cohort,0.738594144,4.616780726,0.266021256,0.260187014,13.42008022,0.352813343,0.78418,1.862469695,1.502033172,3.197139384,0.15194838,0.175337406,0.928196188,0.652388879,0.522786667,0.65449365,0.775457932,0.148309319,0.121719092,0.160533554,53.21785648,0.202571514,0.720913945,0.111407935,1.129298184,0.142975043,0.082441374,0.340655003,1.526019659,1.425711202
53,not_cohort,0.636982748,10.7936208,1.978984054,2.525137551,12.20160364,0.169103172,2.694262546,2.214675068,1.37202875,6.477313295,0.137940908,2.973516697,1.969461933,0.531529452,1.796175031,0.203612438,0.260873865,0.134535501,0.136697052,0.169591533,31.29298992,0.137017705,0.310297703,0.052914724,1.168342206,2.182777367,0.246744737,0.351562987,0.830915473,2.159764162
54,not_cohort,0.483946288,1.494845824,0.108108641,0.193818747,28.82660402,0.065450464,1.790600275,5.193685129,0.614498759,1.365988104,0.06766699,0.74010829,0.639610095,0.314852071,1.193733517,0.659314772,0.202288724,4.419618738,0.090277728,0.271634575,69.65136707,1.49764123,0.444286636,0.136071419,0.625136161,0.748102546,0.30240631,0.196470803,1.376942974,0.761059973
55,not_cohort,0.610164197,6.829505905,1.049042562,1.999149625,23.27592357,0.24774552,1.990442254,2.909218982,2.131661574,2.850883533,0.113883741,0.222659656,1.729627312,0.828127038,1.326961502,0.182863291,0.615860475,0.130369003,0.103263371,0.113381626,17.14112195,0.122452916,0.258719806,0.062311096,1.345900559,0.301767047,0.023386112,0.441212297,0.467204508,1.599599322
56,not_cohort,0.423728747,7.372185011,0.422514138,0.542930845,5.772186938,0.339000562,3.522757579,4.094060476,0.481754956,0.965173485,0.087423087,1.152477396,0.470877405,1.119644811,2.348505052,0.229596406,0.319074538,0.11306541,0.133369234,0.129069891,26.02390589,0.283188003,0.435079953,0.106662435,0.686102278,2.347623238,0.046872536,0.319494693,0.693718544,0.940570761
57,not_cohort,0.40149892,4.377891141,0.95788165,0.728584597,12.06063365,0.062691583,4.349061491,4.973961281,0.856643066,2.552350945,0.078972666,0.705995336,0.839309696,0.44369405,2.899374327,0.135785631,0.1579587,0.080387816,0.106544394,0.110631448,13.08004121,0.148768502,0.710539456,0.050188637,1.105593695,1.141261565,0.069256552,0.296570777,0.282881221,1.030397195
58,not_cohort,0.334793964,0.868306017,0.112397632,0.138076992,10.24548557,0.060680594,3.595758406,6.139622522,0.722957913,0.436230288,0.069867118,0.450092478,0.697986664,0.317208593,2.397172271,0.211119175,0.083860032,0.120292416,0.117910044,0.126997288,14.86392784,0.225141697,0.503750204,0.067463257,1.443941676,1.741000689,0.024437478,0.235928773,0.151372888,0.750531686
59,not_cohort,0.539713059,3.453223022,0.521681978,0.967130006,10.03424635,0.087204069,2.082229606,4.398161035,0.997104564,2.758793581,0.082533229,2.870692779,8.88041366,0.79323866,1.388153071,0.149962208,0.164911344,0.098984113,0.124196968,0.155856529,22.60072182,0.132238296,0.309754103,0.046528616,0.885790024,4.240865669,0.687096155,0.324919216,1.470888844,2.580925482
60,not_cohort,0.289540315,3.681294934,0.348860501,2.000288458,8.040933373,0.035289905,1.264995738,2.103432732,0.777136894,1.474180436,0.056648388,2.282893295,0.637455442,0.297676888,0.843330492,0.097217946,0.136246849,0.047843831,0.08776821,0.109967325,10.83515175,0.069372531,0.186231072,0.040747252,0.723802044,6.38145087,0.375369827,0.163389974,1.02938996,1.566432178
61,not_cohort,0.180396939,1.945999662,0.17583705,0.625044591,9.216730191,0.113778712,1.104413871,2.584152136,0.490640264,0.87149875,0.041693314,0.287431042,0.697026531,0.127441354,0.736275914,0.058593023,0.872123394,0.06526519,0.053179666,0.069532384,9.81189691,0.106628315,1.268042661,0.054214635,0.374793648,1.522914868,0.082856729,0.109746413,0.227330153,0.461951384
62,not_cohort,0.237944107,1.600267143,0.162895904,0.609106925,11.32147357,0.0713788,0.658475663,0.385367437,0.732676608,1.203312,0.047955979,0.594560622,0.70125942,0.101141965,0.438983775,0.099238812,0.053375693,0.057385373,0.057206375,0.075389211,8.871800541,0.064019315,0.165365049,0.029753341,0.388795092,0.774834451,0.082701386,0.135638295,0.620481772,1.050067558
63,cohort,0.113261337,0.168372351,0.040738512,0.379348741,1.788835152,0.184273788,3.264822158,0.842113813,0.10825058,0.280254614,0.026699305,1.516773189,0.495085821,0.065013906,2.176548106,0.036566119,0.040897549,0.057170338,0.025702343,0.072456198,11.68171892,0.03251595,0.130331749,0.033480924,0.155382903,0.446312864,0.131215567,0.078563035,0.102863222,0.258010617
64,not_cohort,0.2854011,1.731650632,0.208599713,0.363292883,5.018231792,0.026005766,2.184328085,2.790357664,0.418104599,0.958845148,0.051379067,0.430076307,0.442989764,0.305711913,1.456218723,0.320590591,0.439599957,0.065104858,0.06472118,0.32078956,10.89992337,0.16529192,0.296878812,0.060909143,0.339656446,0.631790968,0.212366389,0.135646458,0.311017677,0.550371935
65,cohort,0.59042697,0.752294286,0.65536871,1.858053512,38.23348844,1.221505334,3.107784538,2.782042721,1.822938669,3.309617402,0.12660628,0.287190665,1.126931677,0.535257947,2.071856359,0.213187428,0.216608277,0.145281608,0.099233347,0.122265977,31.68218056,0.260617913,0.930346556,0.068672574,1.174084124,0.25072849,0.032067401,0.536518512,2.825740196,1.610602383
66,not_cohort,0.190501647,1.826085903,0.061971529,0.452502541,8.768496807,0.024733683,3.75591993,3.752879082,0.444388464,0.999609431,0.037712543,1.43342582,0.374467569,0.136774273,2.50394662,0.06461883,0.078920177,0.028983267,0.049514909,0.082970337,11.16611794,0.073411961,0.370604775,0.036260644,0.370396964,1.944392304,0.485465383,0.118605757,0.430949779,0.601800127
67,not_cohort,0.305862705,2.471360519,0.100036947,0.284320008,7.870310296,0.054948402,1.244282367,1.498864239,0.76311017,0.810831739,0.121179381,0.380162518,0.438818344,0.143494766,0.829521578,0.344883213,0.083659862,0.05063419,0.059142352,0.209040067,12.63809964,0.068423281,1.183029674,0.037576802,0.573514922,1.122607396,0.104630784,0.168649617,0.223617068,0.789024619
68,not_cohort,0.234204322,1.80954102,0.453992933,0.401692718,6.304425755,0.058999788,1.00803337,3.087704131,0.602250832,0.920980994,0.0527043,0.227443685,1.279418208,0.26179462,0.672022246,0.071622061,0.106818419,0.054021873,0.059138859,0.083271308,14.68513522,0.15985154,0.594714244,0.057542139,0.410385685,0.451269162,0.015424564,0.173858903,0.845544575,0.767559219
69,not_cohort,0.318914451,5.760782843,0.705090688,2.334443677,6.889441404,0.263656572,0.425385232,0.922805897,0.820239861,4.731897325,0.071418491,1.667840943,0.546372116,0.671440051,0.283590155,0.125708099,0.341015956,0.073778436,0.079077919,0.112624093,17.78320813,0.089279032,0.240576457,0.058061831,0.725324408,3.498101247,0.471928616,0.19191753,0.756717097,1.364317196
70,not_cohort,0.429136313,5.159495142,1.048415928,1.40236447,4.532230952,0.081964549,3.319355956,5.006318385,0.161286067,1.431973425,0.071707933,6.612296293,1.16029978,0.531558793,2.212903971,0.182058147,0.281399826,0.075734623,0.141439097,0.215790553,11.23957655,0.112638933,0.26599227,0.071075848,0.686223575,7.002784194,8.977959895,0.31691291,0.667231408,1.43037161
71,not_cohort,0.175448843,1.577031069,0.090637375,0.215137241,1.433573209,0.037910989,2.132182398,1.426782701,0.19078371,0.620261995,0.032411076,1.253386343,0.610843075,0.15046299,1.421454932,0.086080054,0.215333463,0.053601314,0.059645774,0.135036562,11.0954755,0.134338483,0.124107008,0.066222282,0.283031182,0.511669341,0.083072429,0.092968855,0.130810267,0.330186682
72,not_cohort,0.212959123,2.014887093,0.126205599,0.691613872,8.710811569,0.037558625,1.337821462,1.848360995,0.531679286,1.456655817,0.042564175,0.203775284,1.546976948,0.19650163,0.891880974,0.067683628,0.086531504,0.036734769,0.063568398,0.073903479,6.596770446,0.074546615,0.331402673,0.033662723,0.395258779,0.712975802,0.019418013,0.12291543,0.704005244,0.754119241
73,not_cohort,0.328085603,2.368174195,0.210971815,0.488294101,2.525957612,0.113855305,5.810927525,8.681502984,0.405603625,1.090842614,0.060181689,4.237817463,0.520219446,1.403050888,3.873951683,0.139107087,0.361409734,0.052033578,0.082484257,0.146827848,13.46405553,0.092934029,0.218507449,0.05328083,0.559703334,6.208254949,0.015215458,0.223941175,0.400114511,1.554693384
74,not_cohort,0.590770539,1.166275823,0.766025447,1.031943443,7.321108673,0.066561384,3.863518117,4.127236618,0.804979128,2.275607734,0.081574833,0.574207665,1.203151655,0.487298985,2.575678744,0.096563748,0.160419389,0.102390069,0.070330253,0.09905924,14.40269445,0.115566446,0.390678668,0.06526201,0.941303869,0.501728584,0.014281911,0.26298541,0.994636753,1.253330674
75,cohort,0.451787169,2.931031043,0.051034483,0.138894131,3.873528739,0.370565154,1.047332384,1.188372226,0.455622294,0.916720322,0.061563582,0.212602268,0.314352815,0.296472367,0.69822159,0.10259115,0.164319374,0.07435943,0.05248767,0.175328327,33.24119544,0.125425345,0.244789966,0.043939857,2.507221733,0.119251267,0.202987132,0.105385666,0.520522401,0.499668123
76,not_cohort,0.245987677,3.698420421,0.110753616,0.429723514,8.717824957,0.061151587,7.16823304,1.08337248,0.350603464,0.356890409,0.050951586,0.826863231,0.466641066,0.163563043,4.778822027,0.731897396,0.064606158,0.062788596,0.067814396,0.440085855,38.06627532,0.148604453,0.196486595,0.03548024,0.453531698,4.499069401,0.284253741,0.124187961,0.073570846,0.485861396
77,not_cohort,0.216050515,1.60555812,0.063751881,0.317314191,6.512799251,0.046781409,1.967867582,3.348393337,0.574731545,0.903855994,0.041312781,0.664762838,0.516643514,0.12860363,1.311911721,0.059687158,0.076235345,0.031995436,0.047077937,0.080526659,11.90341488,0.066358391,0.285010985,0.031705518,0.360998252,0.567114456,0.018130709,0.127433089,0.230732194,0.674725285
78,not_cohort,0.441869927,6.00067652,0.483051351,0.783611203,4.37580508,0.094851111,4.233915662,6.125398885,0.332762457,2.159547065,0.075191937,2.959203715,1.38989962,1.103795892,2.822610441,0.158511581,0.342989264,0.092351031,0.17541502,0.176467687,28.79801131,0.115758564,0.220514359,0.073241757,1.123323221,10.84327516,1.600203641,0.333801382,0.684993964,1.809752685
79,not_cohort,0.335301454,6.616961454,0.248719515,1.381450476,4.731031037,0.183778623,1.958925401,2.545232013,0.414878392,1.198404093,0.065197177,0.595809932,0.472165987,0.484541931,1.305950267,0.138658312,0.206055629,0.113546767,0.136549759,0.108880538,22.59194337,0.411435247,0.544012435,0.10672341,0.649218319,2.75230829,0.313443615,0.219065694,0.29328709,0.713905055
80,not_cohort,0.319373425,3.3482337,0.34429299,0.726564403,9.866583442,0.167604472,1.203451405,3.926154574,0.842822282,1.807413228,0.061250332,0.152610444,0.57497189,0.30611515,0.802300937,0.111811933,0.192950804,0.122523878,0.066637486,0.091921068,19.22906084,0.285702679,0.464963522,0.09960282,0.681825054,0.392071395,0.014003347,0.220899476,0.999732513,0.917303709
81,not_cohort,0.209408256,1.728217442,0.130921189,0.40505385,4.576562985,0.12719125,0.854957307,1.212484846,0.630739852,0.98652344,0.04720817,0.197145245,0.584344697,0.259727125,0.569971538,0.087778615,0.392894571,0.043541724,0.07615538,0.111377845,10.07780211,0.121255551,0.452065616,0.04858011,0.361352785,2.421947902,0.018798608,0.157571445,0.207912387,0.55187055
82,cohort,0.120221257,0.247459556,0.069876581,0.098965819,1.083175128,0.03907359,3.490621984,1.078786573,0.265661625,0.106362456,0.033280892,0.232910042,0.162802349,0.079467534,2.327081323,0.041235894,0.038055664,0.063677285,0.038427881,0.123525649,4.804325532,0.068992318,0.114289318,0.068901585,0.144340001,0.348153879,0.097227839,0.082194934,0.048180507,0.200312705
83,cohort,0.276253928,2.062129133,0.0957908,0.787044448,6.803662618,0.258888716,1.105192816,0.091151524,1.11693204,1.534167496,0.057743388,0.264030736,0.807887767,0.365795983,0.736795211,0.099118498,0.125398025,0.113655127,0.071358262,0.096092708,17.8960894,0.226328016,0.212386093,0.057913756,2.076774449,0.701231671,0.101156952,0.314325823,0.671670859,0.733047471
84,not_cohort,0.412865234,2.66114769,0.860540685,1.020972122,6.368073442,0.095423328,2.225399123,5.125591618,0.45646937,1.748848661,0.076082468,0.902221002,0.933595645,0.716942296,1.483599415,0.25049842,0.347671532,0.571115086,0.112622072,0.14657047,27.78482119,1.079979329,0.386778022,0.278376924,0.734145104,0.804238753,0.023374724,0.298154764,0.471886947,0.826886788
85,not_cohort,0.30580061,1.509461701,0.083222183,0.244254443,5.79954273,0.054870229,1.724231877,3.048435573,0.54757476,0.917164559,0.054192735,0.137923164,0.504398406,0.193327721,1.149487918,0.071753973,0.151593643,0.153642479,0.07696408,0.08039683,21.51513274,0.301535884,0.457708963,0.095334779,0.499689407,0.264627288,0.01281704,0.140571258,0.596507552,0.548524424
86,not_cohort,0.353453819,1.08434808,0.450133034,0.777147286,9.113204873,0.070187791,2.764269496,3.199894221,0.675936557,1.537455701,0.079233412,0.447676573,0.72428849,0.29637481,1.84284633,0.110918369,0.184417889,0.118929757,0.108615532,0.123282072,29.50962351,0.21596963,0.741586345,0.059026527,3.493437716,0.896876537,0.017837221,0.204208853,0.192139614,0.712767432
87,not_cohort,0.746898525,3.20806886,0.40579766,0.678052188,9.863312947,0.063835519,13.27618314,5.676144582,1.520783659,1.280470216,0.123551607,0.988478218,1.653582825,0.971063235,8.850788757,0.191129673,0.193139194,0.120319724,0.124739402,0.144342455,45.43821918,0.447783647,4.164818115,0.103320392,1.050117748,1.082144639,0.054135747,0.383807348,1.585058105,2.085963123
88,not_cohort,0.217487928,2.025261505,0.080064228,0.217625118,6.874815834,0.038601321,2.388198641,3.71763068,0.480272593,0.875361394,0.042565152,1.196031112,0.427606847,0.190906734,1.592132427,0.063579596,0.175093139,0.045192315,0.04710088,0.081625994,8.748612686,0.168850584,0.301467198,0.075847393,0.627595074,0.296750701,0.106337806,0.155862926,0.829484753,0.509059198
89,not_cohort,0.136900316,0.380068904,0.054817358,0.142709505,3.390918648,0.025421703,3.461365978,2.886496522,0.251936249,0.216624466,0.027176777,0.214262913,0.187978028,0.075686122,2.307577319,0.063252775,0.042949786,0.032612514,0.041707688,0.088013637,7.573734718,0.079022662,0.13239441,0.033713778,0.306459762,0.192757548,0.051693773,0.071747488,0.330319588,0.248896214
90,not_cohort,0.302305832,1.603112955,0.147272024,0.327242686,4.455990568,0.039910088,1.863392639,4.248955167,0.561073035,1.000773324,0.048823531,0.54068557,1.429390661,0.262904813,1.242261759,0.927184166,0.332875947,0.067935046,0.072570039,0.532435599,15.69735474,0.186439233,0.236673974,0.062576572,0.417997835,1.528458973,0.229120576,0.150153002,0.843794782,1.001242626
91,not_cohort,0.321552103,6.279838408,0.284103321,1.29365391,17.88065137,0.087649204,2.235770021,1.412220709,0.831096532,1.756259469,0.068970139,0.600294878,1.25666171,0.116918915,1.490513347,0.110663863,0.118221391,0.111248401,0.071600669,0.110264174,14.394065,0.12366259,0.22544631,0.050849742,0.696232518,1.703571822,0.020841322,0.175735683,0.844330568,1.073462733
92,not_cohort,0.404013173,3.040424074,1.052875207,1.264483122,6.611517812,0.060379184,1.729970188,4.243710914,1.131721222,1.939819996,0.083452666,0.664438679,1.207242479,0.772580816,1.153313458,0.14621038,0.172561047,0.083973874,0.127273187,0.136097791,16.04061886,0.153969347,0.410949146,0.056333138,1.042589899,3.435614324,0.137800993,0.268626045,1.059063847,1.759619095
93,not_cohort,0.339953234,1.256372237,1.088758562,0.964320831,8.206469307,0.048369395,5.112748345,6.7886426,0.515486235,0.664570069,0.096100925,0.269587965,0.853276374,0.37435357,3.408498897,0.09781657,0.183798648,0.128791935,0.085750503,0.095960303,40.48269047,0.324476678,0.921582528,0.122665536,0.645611641,0.240128783,0.019735102,0.252342922,1.368582084,0.633915288
94,not_cohort,0.232024421,1.704394048,0.23320984,0.572974085,2.782268112,0.031031475,0.935093578,1.036627689,0.528106409,0.778330066,0.041193563,1.023206192,0.607806177,0.187461156,0.623395718,0.314668059,0.672506172,0.038379076,0.04851736,0.300984206,9.585834692,0.054021311,0.326780943,0.043910292,0.359604416,1.218140913,0.526824067,0.121863991,0.506806402,0.479535224
95,cohort,0.383273017,3.090185165,0.153175301,0.657314953,2.662197386,0.057623139,12.05124044,5.160907119,0.459964811,1.041139076,0.053205436,9.028317444,0.445641083,0.923917175,8.034160292,0.173764391,0.155165238,0.043328285,0.15276203,0.22919731,12.15393231,0.070495887,0.815061663,0.090513816,0.617577669,14.72110878,2.596209009,0.348574334,0.748823458,0.765022765
96,not_cohort,0.238168509,5.085189101,0.315510197,0.661397345,4.160895096,0.070253794,0.641332495,0.326345519,0.316729299,1.194655672,0.053383297,0.357638438,5.1210112,0.211575749,0.427554997,0.091175611,0.275906898,0.080155894,0.085126946,0.111787593,22.96190711,0.073530683,0.156051222,0.049117619,0.443760663,2.430309969,0.02357636,0.173756751,0.720258056,2.234454731
97,not_cohort,0.26050806,4.964658206,0.308584179,2.438744111,13.92272817,0.108773846,0.964733305,1.224451261,0.68879447,1.214260915,0.054023699,1.078530219,0.633929478,0.108658445,0.643155537,0.073613708,0.089157098,0.048922601,0.066273503,0.094159167,10.74775,0.111106471,0.22489297,0.04224772,0.498984659,1.536443902,0.021784227,0.14979023,0.406148445,0.873878443
98,not_cohort,0.344315999,0.868496412,0.15624165,0.169364258,6.171095105,0.08551722,3.313308326,6.088830191,0.530916209,0.407212386,0.058086784,0.904115146,0.552756665,0.232076592,2.208872217,0.130913219,0.163514892,0.208259926,0.157352242,0.092196309,33.57565373,1.269908526,0.563266713,0.256263483,0.410112865,0.524277005,0.399547831,0.189417962,0.424700803,0.539600663
99,not_cohort,0.816223082,16.42290647,0.320565572,2.284329494,5.908786609,0.138060055,3.369912528,4.004358123,0.505946336,1.022529867,0.111039927,2.278896109,0.751432453,0.520457151,2.246608352,0.226408502,0.402735422,0.17748954,0.20858283,0.161267074,69.79984067,0.333198764,0.454920248,0.153806033,0.918821022,2.554012544,0.122975659,0.366262936,1.348067484,1.037081708
100,not_cohort,0.19071482,3.162548351,0.225938056,0.854695261,8.47379666,0.022555926,2.565503237,0.312078982,0.379936936,0.513748694,0.043399651,0.276555191,0.357700288,0.104016755,1.710335491,0.082763398,0.056342266,0.05352077,0.058308315,0.094619917,12.57658411,0.095560224,0.291559505,0.037856471,0.280394432,1.960360786,0.015279784,0.161001209,0.335102177,0.509344637
101,not_cohort,0.380938329,4.567427703,0.837290844,2.088404783,18.91488498,0.66954625,1.608306239,1.058513702,0.86347271,2.309919932,0.075780088,0.277443166,0.894696912,0.211683462,1.072204159,0.113185942,0.186749178,0.076433279,0.062764275,0.085313551,18.19217123,0.097181906,0.190757238,0.038769751,1.01496268,0.703149054,0.02132578,0.225656476,1.117869072,1.086023231
102,not_cohort,0.169534587,1.446897895,0.089091449,0.288076368,6.492718101,0.047604349,2.094864478,1.684723426,0.386335225,0.960465145,0.039226877,0.584585026,0.90471869,0.11981353,1.396576318,0.055120211,0.159935755,0.075879477,0.055461906,0.072584219,13.00706603,0.162183399,0.260711135,0.057794747,0.276956605,0.628397194,0.073229001,0.086822331,1.422513102,0.586432946
103,not_cohort,0.493528493,3.507578466,0.703119466,1.25697718,5.561121945,0.607938037,1.577368793,4.457581102,1.119939509,1.503394465,0.100293219,0.257175272,0.678745954,0.819391864,1.051579195,0.15802174,1.067978837,0.159923409,0.145588538,0.109610984,31.96849818,0.755564324,1.088921505,0.206520818,0.809260693,2.839102949,0.154394221,0.648377926,2.415688991,2.157856432
104,not_cohort,0.197951013,2.108735863,0.061091415,0.413428068,7.930807091,0.045531074,4.594427955,4.099883732,0.446567131,0.997062128,0.039040711,1.501967998,0.388360806,0.129757464,3.06295197,0.096806138,0.083385621,0.030144554,0.054945231,0.107411991,16.21394458,0.08501827,0.613625395,0.053862769,0.360201034,2.065653469,0.433449075,0.118071785,0.254715328,0.494674439
105,not_cohort,0.508309597,1.081703443,0.651715113,0.958888516,5.941764999,0.296410686,2.401684263,7.129013958,0.451437642,1.571498357,0.102797263,1.990941853,0.560787942,1.063110456,1.601122842,0.167669861,1.243700623,0.153290858,0.199347936,0.142313922,23.43848966,0.325766701,0.732471633,0.15009168,0.917091565,5.041880243,0.027945954,0.368310398,0.967849652,2.682937805
106,not_cohort,0.397004223,1.881081767,0.089931942,0.486121214,18.73531721,0.357790716,2.965780144,4.743499139,1.037910683,1.145610019,0.075658082,0.221415067,1.082488661,0.23119526,1.977186762,0.091540099,0.071182033,0.101457631,0.078810297,0.08279513,21.30220193,0.382082434,1.384517752,0.091244418,0.585896434,0.697328349,0.041235221,0.292324719,0.808962914,1.148779062
107,not_cohort,0.367199036,1.772986286,0.177921922,0.252960934,6.14029675,0.079897046,1.295379183,3.486849247,0.937181898,0.969743518,0.074109517,0.337988129,0.828388604,0.443040274,0.863586122,0.078354328,0.114549775,0.055383898,0.067759445,0.075848039,14.03702832,0.212223744,0.656867032,0.502929486,0.498483569,0.873379244,0.05277402,0.226246083,0.953616642,1.138317426
108,not_cohort,0.309331175,2.582621744,0.155566034,0.280139313,10.39257908,0.026959118,5.847614255,2.916515242,0.577996851,0.574182399,0.061921512,0.932515226,0.623780571,0.18669248,3.898409503,0.090177954,0.084426303,0.055190904,0.121622958,0.092656756,18.25331188,0.106298725,1.340926246,0.042448931,0.585781386,1.004636505,0.154553204,0.184310621,0.328267529,0.711917039
109,not_cohort,1.57669665,1.954813552,1.024943242,1.148769412,21.53752622,0.071259664,2.225235746,1.223405879,2.316747141,2.204976719,0.164925056,0.366424455,2.039746469,0.860575188,1.483490497,0.141838543,1.048744764,0.133777564,0.137543734,0.106259662,7.699993068,0.104407328,0.475817316,0.071602298,1.000559782,1.524361246,0.013747281,0.97706407,0.685561613,4.730962172
110,not_cohort,0.413178801,3.702141934,1.102955615,0.956816392,3.625671603,0.183966038,5.582784415,13.76486286,0.416680103,1.358683259,0.07943668,1.505088331,1.819694934,0.564512095,3.721856277,0.173045789,0.297525869,0.068167474,0.168929604,0.1394865,37.94450517,0.25364561,0.534822426,0.121636814,0.797877472,3.347256031,0.150716153,0.416807231,1.283723044,2.077870684
111,not_cohort,0.561214425,5.780891333,1.631432552,1.49901319,8.809658479,0.247168479,3.93322955,6.681378512,1.197475615,2.032887485,0.119456794,2.247722213,1.19839813,1.059559061,2.622153033,0.326903539,0.211203515,0.124390374,0.140526669,0.264628974,35.27005856,0.136002861,0.75061313,0.108039704,1.29738579,2.615317961,0.033560269,0.374373717,1.019592476,1.459374925
112,not_cohort,0.278857943,5.852730838,0.126880337,1.185829457,3.86017531,0.051178724,1.86164552,0.305822605,0.78916045,0.67025819,0.055217916,1.193067732,0.685408339,0.282950111,1.241097013,0.125284541,0.084836946,0.115805559,0.074267444,0.142905266,21.14673547,0.13873946,0.324201064,0.036367789,0.372130202,2.222740926,0.810283807,0.162334528,0.352969436,0.789875551
113,not_cohort,0.351223657,1.778166337,0.093279012,0.127634472,6.714787312,0.090632853,4.659306014,6.474803013,1.181941511,0.942305113,0.061989259,0.231740367,0.709536362,0.339291272,3.106204009,0.097302554,0.149322162,0.046035838,0.096561122,0.092817944,18.78221801,0.165725642,0.999988256,0.049993208,0.689662476,0.390836287,0.033267975,0.248054376,1.03814246,0.86032904
114,not_cohort,0.699983317,6.379790075,0.739042237,0.842838499,15.49656145,0.203494486,2.76372807,3.70641445,1.347499231,2.493523081,0.125743979,1.403443519,0.998962564,0.517178625,1.84248538,0.168718625,0.541885666,0.128161016,0.182309663,0.147455785,27.53826344,0.175294154,0.745163205,0.141183925,1.189309752,2.229570076,0.093142626,0.427973608,3.033553648,2.182347133
115,not_cohort,0.220638923,3.206083349,0.071380412,1.48702442,6.678244086,0.047680168,0.87430901,0.785079799,0.461097797,1.363257484,0.045077981,1.029966019,0.775368086,0.2196754,0.582872673,0.068876855,0.078942159,0.051692517,0.054613417,0.089176872,11.3291431,0.099982758,0.163436496,0.050007405,0.439138124,3.110713991,0.280205138,0.132294146,0.434552368,1.106905531
116,not_cohort,0.581730251,5.243307802,0.234634273,1.165698765,20.70370179,0.096959609,5.629344235,4.369501178,0.811245583,1.676179628,0.081575441,1.037237464,2.853954487,0.27843009,3.752896157,0.97308433,0.157710623,0.097879537,0.112567267,0.443736264,34.44336592,0.184869253,0.387484323,0.066304512,1.050454884,2.454701778,0.262620607,0.327401537,2.004637227,1.513468624
117,not_cohort,0.376543413,4.590765051,0.206602185,1.225661983,4.661412212,0.097221392,4.739996998,6.520420705,0.573801626,1.517213695,0.056969714,0.84409081,0.651143762,0.319993558,3.159997999,0.143330519,0.127508892,0.072958357,0.137607646,0.132705258,14.34314065,0.200536439,0.201689133,0.066810231,0.555304024,1.904497493,0.53462679,0.235080522,0.410442426,1.152105438
118,not_cohort,0.186519947,0.990595274,0.098957111,0.384456377,5.399020983,0.054241403,2.074521834,2.894469909,0.513196426,0.577131714,0.040095644,1.680222237,0.317468481,0.181810379,1.383014556,0.069251047,0.115384564,0.045266172,0.07143019,0.086746178,18.36799547,0.164739623,0.422316127,0.056288727,0.323462998,0.849543047,0.015109586,0.119819742,0.80669221,1.158675417
119,not_cohort,0.158417079,2.387729016,0.163342997,0.860311491,7.773184405,0.071770985,1.827776819,0.626381258,0.364039779,0.751719492,0.045279324,0.93009794,0.68590971,0.097007776,1.218517879,0.065709216,0.073891599,0.040887128,0.055397663,0.091008309,9.034374141,0.073975999,0.447712048,0.048156688,0.274160651,2.356395855,0.150162172,0.115577668,1.88215333,1.090989343
120,not_cohort,0.137969585,0.851049215,0.093994398,0.259943599,1.817173097,0.034309186,2.669310654,1.651972541,0.29266533,0.2777251,0.03424531,0.387693867,0.20264396,0.115575419,1.779540436,0.05837969,0.063676299,0.047806246,0.053637374,0.069435139,9.233990373,0.299677123,0.710651239,0.045596306,0.183429729,0.272134963,0.190138525,0.104761509,0.423805874,0.282577016
121,not_cohort,0.248318106,2.254548382,0.428899488,1.296280205,5.812308594,0.049996943,1.370030139,1.847215562,0.51622424,1.034888716,0.05872584,0.621167328,0.502176483,0.265669934,0.913353426,0.07497593,0.14781953,0.048055252,0.05930865,0.091179365,11.80278353,0.06359717,0.3698788,0.044926983,0.384322965,1.528407654,0.122602074,0.154111633,1.382650152,0.98013081
122,not_cohort,0.230027402,0.946102457,0.070071011,0.169712437,2.303498048,0.06016934,1.522295044,3.868554264,0.243203596,0.42936915,0.042062937,0.449522105,0.405901354,0.231278713,1.014863362,0.060675095,0.133953127,0.122114001,0.058421533,0.074672728,15.99613445,0.341073928,0.315197247,0.114984055,0.219927992,0.885292396,0.3566371,0.136376442,0.361378341,0.675475558
123,cohort,0.304251477,1.037989864,0.104274426,0.595472997,6.615435946,0.044383306,2.885242575,2.628447037,0.463915734,0.568363934,0.046529977,0.402931387,0.355910018,0.220944904,1.92349505,0.124242329,0.062113435,0.063267628,0.084890533,0.116367468,14.60873369,0.170887152,0.331315873,0.052513499,0.31546947,0.458014977,0.231229408,0.131502079,0.368263042,0.547752899
124,not_cohort,0.33269448,4.199726317,0.372946603,1.18280182,8.923182136,0.087285823,1.585165674,2.201135987,0.423440065,1.055445734,0.072988938,0.895240873,1.21071177,0.26394733,1.056777116,0.14866623,0.096660446,0.079548018,0.117172835,0.133422377,19.14237699,0.205997687,0.378941908,0.055271833,0.470195695,1.161704359,0.028349429,0.261148497,1.805141405,1.31623585
125,not_cohort,0.217318494,2.157803511,0.136072297,0.491696377,5.178606467,0.070976558,1.215457001,1.962986851,0.436927556,1.520720789,0.043018234,2.285165383,0.864902111,0.15629773,0.810304667,0.096724847,0.108384251,0.053155589,0.062167903,0.174498242,9.304008837,0.079923541,0.432734346,0.044611574,0.472946298,2.345815955,0.478993171,0.122083295,1.299290066,1.537176172
126,not_cohort,0.294687611,2.762433938,0.195950914,1.015078328,8.811452973,0.391278389,0.889367756,1.088719622,0.636475967,1.93144902,0.059288165,0.315893654,0.990623525,0.44003599,0.592911837,0.090180546,0.190678274,0.093357641,0.086844481,0.102283413,12.1902461,0.075849104,0.188275895,0.039273337,0.632800485,0.760575352,0.026601075,0.211705925,0.27290957,0.695158632
127,not_cohort,0.451468559,10.58940445,0.772237463,1.876191335,7.528517212,0.074683177,0.935939961,1.060908454,1.888923959,2.814331223,0.091434353,0.273990179,0.767851163,0.536612881,0.623959974,0.124597346,0.208314286,0.129830132,0.117100069,0.108295284,6.173428002,0.123467602,0.217352363,0.063263446,0.833314214,1.543749893,0.022299758,0.347651524,0.631542776,0.844332168
128,not_cohort,0.541686845,7.642548721,0.437317007,0.867197743,6.514003742,0.088400324,6.91275049,4.321852135,0.507041337,1.172337744,0.105218312,1.584024228,0.524740306,1.006967486,4.608500327,0.248542094,0.213268659,0.155780181,0.22892225,0.135021522,60.68545303,0.596716984,1.034241839,0.103946473,0.787533174,0.50695851,2.237014869,0.336370817,0.846915845,0.969901859
129,not_cohort,0.567401777,5.896744966,0.364608487,1.081175637,8.666559002,0.311677165,1.529520056,3.104553825,1.154300359,2.664588193,0.139718257,0.531232541,0.932176091,1.078269546,1.019680037,0.432810778,0.841382013,0.182145101,0.151279383,0.356165557,108.459513,0.236196069,0.537863721,0.083142648,1.398811694,1.010852733,0.034564832,0.306809043,1.613167621,1.74542332
130,not_cohort,0.316204937,3.643685817,0.124285733,0.549517365,5.295368372,0.103492923,1.531002735,1.231720277,0.585972575,1.827825673,0.044546814,0.467094552,1.228551045,0.223352327,1.02066849,0.106085552,0.402115549,0.041625723,0.048592107,0.130353944,8.217276542,0.048141119,0.155923573,0.029845309,0.44240429,0.81432414,0.136446702,0.200256377,0.864843521,1.114238324
131,not_cohort,0.232048244,0.997756596,0.137701588,0.313934645,5.345427621,0.156715359,3.540406501,1.52056213,0.625291749,1.238934587,0.057370828,0.208926443,0.416635994,0.164094872,2.360271001,0.071422768,0.086797992,0.059565429,0.069752306,0.082055769,24.26113374,0.247571111,0.460270981,0.065893621,0.383819719,0.565227709,0.021666706,0.143216521,0.645347749,0.700840684
132,not_cohort,0.377774108,6.005337992,0.413100466,1.443180182,10.75933141,0.085364393,2.619186251,3.943320681,0.75709569,1.499599828,0.069832247,0.999332515,1.640584572,0.342423328,1.746124167,0.122532653,0.180528934,0.076388869,0.116975277,0.125720892,12.68869404,0.155061807,0.534548789,0.062247415,0.680387642,3.465567435,0.125013166,0.264444324,0.682719832,1.463755755
133,not_cohort,0.390880382,7.48802245,0.245540503,1.631371809,11.19095676,0.383721344,3.198089119,2.763008821,0.592141649,2.163264676,0.079498217,0.848217237,0.566405175,0.218913508,2.132059413,0.142794799,0.13322389,0.146913938,0.161705912,0.136177177,11.49949309,0.208338283,0.2316698,0.079690996,0.697428986,4.14083831,0.064442615,0.289770684,0.540781135,1.021074876
134,not_cohort,0.445211872,3.66378811,0.173923803,0.836896112,5.022209981,0.081192715,3.234860312,2.072856238,0.389039567,0.875680055,0.081010866,2.99036759,0.894908155,1.007908877,2.156573541,0.131219116,0.114226158,0.132092854,0.114442668,0.142253864,30.94651083,0.365323311,0.63511967,0.30195601,0.630168583,2.736193772,0.194789403,0.210344882,1.370404793,2.407061362
135,not_cohort,0.268903958,2.608909959,0.147123721,0.684344974,3.63773253,0.111649414,5.675739025,5.559429825,0.278326057,0.587424534,0.050461025,0.960609719,0.644691772,0.248402661,3.783826017,0.188859551,0.419854967,0.041416311,0.100060809,0.196575755,17.75715548,0.203574608,0.477003084,0.09028991,0.573023699,1.308845501,0.400190223,0.253676486,0.383157185,0.621286381
136,not_cohort,0.517173785,1.072196007,0.672455133,4.274557455,11.99481613,0.371797458,1.871023633,1.632780366,0.793037559,2.096712482,0.098713674,0.798919606,1.82561155,0.823760195,1.247349089,0.157353427,0.176977412,0.121571393,0.094382163,0.136433249,35.5031162,0.159541461,0.929787544,0.097835966,1.25321567,2.639145029,0.13013085,0.335141493,1.741744557,2.343475352
137,not_cohort,0.679605931,9.404082833,1.656649718,2.744773055,26.45207516,0.401843249,1.204844757,1.38738546,1.369040578,3.847340342,0.150849195,1.262893639,1.252321062,1.200850481,0.803229838,0.16773083,1.072091794,0.186235779,0.125932368,0.133187025,39.35784546,0.158045392,0.619664636,0.090572617,2.812333699,1.690923746,0.224586293,0.422324367,1.420489469,2.541877937
138,not_cohort,0.294884687,1.727388425,0.25664193,0.924853514,8.273911546,0.047883504,1.561763057,3.968739086,0.966355294,1.130818784,0.061761546,0.518524463,1.38578959,0.279752365,1.041175371,0.121533588,0.107059149,0.041537233,0.093744981,0.110202814,19.05965417,0.120847404,0.703364316,0.047318492,0.483166881,2.77069479,0.155204697,0.209232395,1.381463129,3.476905651
139,not_cohort,0.187059135,1.724444055,0.058244806,0.216083045,1.299281987,0.047146887,1.019162974,2.488016898,0.226935433,0.863350467,0.033800533,0.400842288,0.257751866,0.186098171,0.679441982,0.061188139,0.10640556,0.055732228,0.054568715,0.075850027,7.261420795,0.133673352,0.335247183,0.051953253,0.224432996,0.894078934,0.178866948,0.136824006,0.336491717,0.570551887
140,not_cohort,0.27167417,1.594380793,0.112362319,0.323529674,4.295765227,0.054454124,3.325867522,3.336279926,0.550553785,0.535306712,0.055571289,0.50101914,0.426706381,0.155571072,2.217245014,0.07544279,0.114749217,0.11495645,0.067139876,0.081836674,10.18987153,0.526700824,0.566321048,0.113869441,0.452452924,2.022533881,0.017743307,0.166950013,0.62106316,0.649559754
141,not_cohort,0.345086603,2.112376915,0.149262482,0.728895979,8.500037574,0.050732861,3.67705997,4.393777888,0.459468876,1.230919221,0.059180467,3.400868561,0.750482939,0.247712647,2.451373313,0.114965617,0.131800316,0.09883119,0.0917427,0.136596756,20.18480582,0.154733999,0.473042909,0.049276673,0.490599577,0.661715996,0.266407395,0.2148848,0.340084755,1.03866586
142,not_cohort,0.749840614,2.17013705,0.377631067,0.494822273,8.532073476,0.030236828,1.456959799,1.89957578,0.758450548,0.953194077,0.075314307,0.469520609,1.727100951,0.532615344,0.971306532,0.133003401,0.076733613,0.090256822,0.08557992,0.109381333,15.72984127,0.220218663,0.427645101,0.065676777,0.58459128,2.327911281,0.145175693,0.217638796,0.514544651,2.520215154
143,not_cohort,0.274515526,3.626225792,0.066453161,0.755098052,10.96667937,0.062307261,1.995996908,2.114081829,0.6287863,1.219213407,0.058197523,1.201507452,0.612001374,0.193235621,1.330664605,0.244404123,0.092443826,0.062707068,0.089860399,0.221785936,27.78890648,0.135817973,0.317434964,0.042289562,0.939830614,1.987730062,0.570536678,0.161975037,0.496291772,0.788594011
144,not_cohort,0.268947532,1.13573894,0.090498289,0.127327066,2.520630683,0.036213644,7.53532311,2.154516787,0.713605517,0.59276574,0.06023141,0.330840532,0.618906604,0.223664017,5.02354874,0.072136951,0.066776279,0.027958701,0.046734295,0.082458348,24.57745021,0.1243875,0.332392459,0.045562103,0.360388959,0.31995878,0.034462411,0.152038922,0.458840877,0.652223644
145,not_cohort,0.293105456,2.052879487,0.240384417,0.643213967,7.999475827,0.055409523,2.131821448,5.644391042,0.6123932,0.914602579,0.055688049,0.566028351,0.730086179,0.251557347,1.421214298,0.077693162,0.132040898,0.044354042,0.097456591,0.090933959,12.2934116,0.132820217,0.525020564,0.053145211,0.490448054,2.33952513,0.074890471,0.170863189,0.888334582,0.974881161
146,not_cohort,0.279329729,3.148740988,0.175206994,1.181972797,8.994375642,0.216092238,0.834865795,1.084909186,0.714786286,2.062237498,0.055624195,1.493552999,0.477984868,0.236932702,0.556577197,0.075582559,0.091494748,0.072193882,0.07671048,0.092779298,18.27150163,0.113109338,0.39037291,0.045934311,0.666434567,0.825001648,0.291152411,0.226561211,0.431403433,0.655563858
147,not_cohort,0.333686007,3.510884239,0.825508044,0.711643211,8.74651892,0.07408155,0.991700507,3.81484505,0.675022225,1.797892273,0.063896883,0.725456288,1.157453518,0.345828928,0.661133671,0.214363689,0.161692936,0.087084365,0.085749275,0.187001458,13.0746685,0.158600451,0.340536417,0.071948072,0.653234611,1.007671167,0.036255865,0.189657935,0.946890526,0.908650808
148,cohort,0.548641802,2.924958848,0.165267782,0.328349519,4.375098768,0.473322139,9.715139836,6.597331198,0.389581884,0.833492252,0.07804916,1.209704573,1.186248445,1.359171714,6.47675989,0.190593507,0.153645128,0.090378318,0.113601196,0.142942819,19.59131137,0.10109226,0.349348107,0.078499094,1.099726407,1.931492579,0.214700123,0.246731669,1.978278012,0.835094567
149,not_cohort,0.341488698,4.508040638,0.235386784,0.551503102,9.532995602,0.222840099,1.541696762,2.113373596,0.755307501,1.461707685,0.08935787,0.22926483,0.505259378,0.368581142,1.027797841,0.106837889,0.132384918,0.113274876,0.108287531,0.081760749,28.92586988,0.315785081,0.94256092,0.102108082,0.600063648,0.454087705,0.013905899,0.153920597,0.852013747,0.70780739
150,cohort,0.091410099,1.039128343,0.030518098,0.14342347,1.661367139,0.01988155,1.285728638,0.400344522,0.198921266,0.345052026,0.021581684,0.06010645,0.169928669,0.088264079,0.857152425,0.050869652,0.05501587,0.019769842,0.023554011,0.067754269,1.769274532,0.029926162,0.060698276,0.022269663,0.138900691,2.111020387,0.160842004,0.057321903,0.129233675,0.314468932
151,not_cohort,0.293053449,7.861336242,0.071203799,1.061577938,2.940981495,0.212983065,3.808724638,0.734206976,0.246565316,1.120875598,0.051789744,2.091897292,1.257615506,0.229507341,2.539149758,0.24003585,0.192166517,0.053586179,0.073560213,0.254278193,18.5727176,0.106395607,0.248569997,0.055131668,0.529708822,2.304276821,0.709352351,0.176833621,0.401361504,0.778993862
152,not_cohort,0.327134176,3.508541948,0.333494143,0.803432628,7.074754463,0.094320878,1.60025014,2.110625961,0.920905597,2.139159442,0.065759833,0.18875793,0.742362306,0.219932238,1.066833426,0.102094092,0.167091153,0.077668849,0.090867227,0.084888994,14.21950593,0.153427928,0.258236336,0.054742312,0.770306001,0.600325997,0.018880686,0.232278332,0.192704316,0.717541509
153,cohort,0.388366314,0.717593728,0.058834342,0.136982313,6.74775101,0.070103685,1.783988825,2.929675234,0.56594185,0.802299213,0.048482592,0.464677289,0.346917189,0.244750206,1.189325883,0.083571633,0.061482734,0.037814879,0.066992741,0.084797894,12.94322083,0.082937303,0.287244385,0.041137551,1.669665222,0.875180246,0.200652014,0.12790166,1.019164439,0.749597345
154,not_cohort,0.352296685,4.168411329,0.515117043,1.587149652,12.510307,0.037166946,1.907109917,3.231886095,0.464567874,1.676284128,0.06241928,1.168207416,0.799887145,0.29508132,1.271406611,0.10790268,0.120392237,0.096431526,0.095450802,0.11500695,15.61228372,0.127466569,0.572580871,0.04762424,0.896142167,3.28156509,0.227135045,0.236987784,0.684943244,1.643832601
155,not_cohort,0.200932074,1.116529082,0.092218684,0.552493229,3.468540582,0.094659519,2.705534202,0.614587798,0.300001525,0.257063687,0.045981563,0.167251667,0.194569073,0.154417324,1.803689468,0.065628331,0.08669767,0.09306613,0.080943924,0.118677988,15.2750246,0.176960296,0.228513703,0.057580587,0.247861662,0.07036834,0.018421649,0.157751563,1.150122654,0.412324302
156,not_cohort,0.243003101,1.362580884,0.043980486,0.334710945,2.806531014,0.033276277,4.233036336,0.56762575,0.42668619,0.522649971,0.036595528,0.248840163,0.737343371,0.243512615,2.822024224,0.117815299,0.058439296,0.043318146,0.066591195,0.130252978,12.47122233,0.176959355,0.41857556,0.069330336,0.23168029,0.502865656,0.043250731,0.136564691,1.384441069,0.645828467
157,not_cohort,0.615819003,4.493203784,1.050916513,1.639355226,14.14301083,0.303596555,0.705684872,1.134905177,1.682388211,2.891335755,0.12945629,0.185264209,7.760377876,0.671607064,0.470456581,0.18888338,0.411890042,0.191660424,0.149669875,0.287071593,33.81501435,0.183570278,0.252782159,0.071036395,1.197325837,10.19264391,0.089216573,0.459595785,0.53468743,2.450611464
158,not_cohort,0.287580904,6.474102327,0.190703586,0.498157,4.274284726,0.298736796,2.131406191,2.708341805,1.12204159,1.799901836,0.067901161,0.829553744,0.566698923,0.129353215,1.42093746,0.108078801,0.161779946,0.086037999,0.080984076,0.113126148,36.75730442,0.227145091,1.008524533,0.076671662,0.626130179,0.383368528,0.022264692,0.150333683,3.077534761,0.77281951
159,not_cohort,0.483812512,7.21360331,0.388642832,1.353996751,4.246202125,0.084727021,1.30546334,1.28904035,0.241915748,1.822441184,0.079367095,4.823340926,1.660150739,0.78107444,0.870308893,0.201332056,0.189075131,0.128755401,0.141698029,0.207301073,38.76479057,0.162872697,0.312649625,0.067064625,0.646659833,3.698263825,0.361248514,0.324516026,0.697491162,1.764299431
160,not_cohort,0.231710348,2.768774053,0.091467812,1.000733272,8.892011141,0.099370782,1.161132342,1.469492598,0.646947491,1.690133505,0.050387341,0.354375398,0.681567986,0.144800582,0.774088228,0.091753041,0.093621541,0.085334944,0.094603706,0.080936569,16.33703008,0.196515364,0.343013816,0.063234598,0.719498275,0.859937833,0.039777036,0.129618656,0.443419037,0.633931335
161,cohort,1.830543004,1.536895009,0.1415954,0.286602584,2.378522878,0.136423358,11.70741185,6.731590903,0.368396736,0.537630441,0.067138757,3.963050042,0.952441628,1.627353418,7.80494123,0.145000491,0.114201575,0.05936912,0.096610532,0.141312011,43.24664201,0.145776016,0.506433474,0.080772321,2.551725473,0.93751535,0.175234232,0.221303761,1.241892537,0.629371696
162,not_cohort,0.439284436,2.938125156,1.240380446,2.020754525,5.546588351,0.143804174,2.102967476,3.450369192,1.401485532,1.366463532,0.108632994,4.406119963,2.617537585,0.567456657,1.401978317,0.162332912,0.262941485,0.111249336,0.131193163,0.170908912,76.22352566,0.184810827,0.355718215,0.080147153,0.741837565,6.383179576,0.535738139,0.425949745,1.462906682,1.400529515
163,not_cohort,0.204337697,0.378675986,0.335982608,0.50545354,4.231813066,0.03273486,1.419773141,1.290248686,0.56877307,0.630465938,0.060949778,0.516565983,1.077096411,0.296016863,0.946515427,0.069938642,0.141165323,0.040680963,0.0571414,0.089505982,13.70926598,0.08568548,0.406752105,0.054569446,0.269258944,0.98874068,0.105523827,0.135423555,1.094659919,0.82173178
164,not_cohort,0.467880905,3.734311747,0.285302317,1.148771034,8.659363981,0.136616697,3.348782522,5.255598957,0.805181475,1.47766391,0.080264529,0.934773304,0.632011016,0.384871708,2.232521681,0.123281581,0.194559979,0.12139047,0.103638014,0.122999798,35.23360748,0.466198832,0.787893262,0.102241137,0.693158039,3.009394709,0.045667181,0.287943201,1.384161994,1.235349113
165,not_cohort,0.397685384,6.030140023,0.311875985,1.001629211,11.61728694,0.151768018,2.564270548,1.012726166,0.835893501,2.495512594,0.069936985,2.554753341,1.352522104,0.43001262,1.709513699,0.148795375,0.364649279,0.12585522,0.084269152,0.132310532,6.752832189,0.123844865,0.374799501,0.046353081,0.703396631,1.576888837,0.842558808,0.252037841,0.779337926,1.106240216
