B_Cell_1,T_B_Cells,T_Cell_1,Macrophage_1,T_Cell_2,Macrophage_2,Endothelial,Vimentin-hi,Small_Circular,Small_Elongated,Fibronectin-hi,Large_Elongated,SMA_hi_Vimentin,Hypoxic,Apoptotic,Proliferative,p53+_EGFR+,Basal_CK,CK7+_CKhi_Cadherin,CK7+_CK+,Epithelial-low,CK-low_HR-low,CK+_HR-hi,CK+_HR+,CK_HRlow_p53+,Cklow_HR-hi,Myoepithelial
0,1.811370988,2.589522238,2.551733677,1.510340992,0,2.624284344,3.488064597,2.941704756,3.996062418,3.906540339,1.510340992,1.510340992,2.740789913,2.941704756,3.302732681,1.811370988,1.510340992,0,3.567245843,3.090124588,3.54776749,4.636472399,3.523178217,3.574798981,2.464583501,1.510340992
0,2.34107643,3.917033619,3.642106426,0,0,2.34107643,4.085369413,3.460552271,4.300912506,2.040046434,0,0,0,2.517167689,3.094404097,0,2.793374101,0,2.960865188,2.739016439,3.545196413,3.994288944,3.497423631,3.612143202,1.56292518,2.818197685
0,2.09982138,2.912734736,3.679604976,0,0,2.643889424,4.287342101,3.054063889,3.794426579,2.840184069,1.798791384,0,0,2.798791384,2.400851375,1.798791384,3.757832776,3.848009407,2.09982138,0,2.701881371,2.275912639,2.840184069,2.87797263,0,2.701881371
1.544184016,1.544184016,2.799456522,3.177652472,1.544184016,0,3.383033107,3.100486517,3.734515715,4.119371861,4.319430276,0,0,1.845214012,0,2.021305271,0,0,4.391756676,0,2.447274003,2.021305271,1.845214012,1.845214012,2.146244008,0,0
2.763697919,2.830644709,4.389524632,2.830644709,0,0,3.963270274,2.860607932,3.693116845,4.197734273,2.684516673,0,3.286576664,1.684516673,2.462667923,2.161637928,1.684516673,2.888636656,1.684516673,2.684516673,2.638759182,3.912403378,0,1.684516673,3.203030613,0,0
2.570344599,3.34849585,3.374824789,3.158616306,1.667254612,0,2.946008213,3.611737285,3.211322657,4.073794793,2.989473907,0,2.871374595,1.968284608,0,2.708647298,0,0,1.968284608,2.512352652,2.570344599,2.570344599,1.968284608,2.512352652,4.605774338,0,0
0,1.75236424,3.689380348,2.451334245,1.451334245,0,2.773553539,2.296432285,3.838724071,4.489158995,1.75236424,0,2.150304249,1.451334245,2.849274253,2.530515491,0,0,1.451334245,2.75236424,3.472523544,3.320565964,1.75236424,2.229485495,4.545106026,1.451334245,0
0,2.494291679,3.816510974,4.054596922,2.193261683,0,3.09635167,4.382658409,3.284342153,4.293632228,3.207502122,1.716140429,2.795321675,0,0,2.31820042,0,0,0,2.31820042,0,0,2.31820042,2.31820042,2.619230416,0,0
0,1.513335788,0,2.416425775,2.212305792,0,2.743784709,3.081537512,2.689427047,3.659463823,2.115395779,0,0,4.557875548,2.62727914,3.787493637,2.592517034,1.513335788,0,3.298665623,3.33941059,4.20441728,2.513335788,3.018485766,3.495607021,2.467578297,0
1.567146109,2.567146109,3.220358623,3.220358623,2.044267364,0,3.442207372,3.950961475,3.058507803,4.127052734,2.771266092,0,0,0,2.1692061,3.239243967,0,0,2.044267364,2.947357351,2.982119457,4.509154162,3.436377829,2.998509873,3.029544107,0,0
3.582072605,3.439704718,4.262864029,3.515125815,1.676276724,0,3.603133433,2.329489238,2.931549229,4.179386161,1.676276724,0,1.852367983,1.852367983,2.790220077,3.542564063,1.375246729,1.676276724,0,2.489190081,4.37437727,4.352055066,3.074216733,2.60569565,3.49582066,2.375246729,0
3.986677238,3.867987451,4.153223179,3.345108706,2.323919407,0,3.278161916,3.666342087,3.227009394,3.403100653,0,0,2.867987451,0,2.867987451,2.867987451,2.323919407,2.721859415,2.022889411,3.666342087,2.022889411,2.624949402,0,2.022889411,0,0,2.500010666
0,2.24102607,3.144116057,2.583448751,0,0,3.405378926,2.445146053,3.533282141,4.121839662,2.583448751,0,1.843086061,1.843086061,2.387154106,3.266331935,0,2.86427536,2.496298575,4.631961177,3.320207316,2.97341983,0,2.97341983,3.175524521,0,0
1.736514245,2.833424258,4.526799409,3.932413897,1.435484249,0,3.587772593,3.77790693,2.979552293,4.077948769,2.549427601,0,1.435484249,2.280582289,2.639604232,3.116725486,1.736514245,0,2.134454253,3.806552111,2.134454253,3.575363335,2.213635499,3.116725486,2.833424258,0,2.03754424
3.602832649,2.932196243,4.656472113,3.968362698,3.100600674,0,4.025433554,4.030019599,2.255502634,3.306655156,2.051382651,0,1.352412647,1.352412647,2.857562625,3.266226499,3.664166508,2.051382651,0,0,0,1.352412647,0,2.130563897,0,0,1.352412647
0,0,3.370361081,2.59220983,0,0,2.291179835,4.154502695,3.405123187,4.136277875,0,0,3.370361081,0,0,2.291179835,0,0,0,2.291179835,0,3.495299817,4.273451068,2.59220983,3.521628756,0,2.291179835
2.205441253,2.059313217,3.299862466,3.152734903,2.506471249,0,3.299862466,3.860030296,2.138494463,3.500222299,2.904411257,0,2.791706977,0,2.205441253,3.622794303,2.138494463,1.962403204,2.536434472,1.837464468,2.564463196,4.786691787,3.013555727,3.013555727,2.89182213,2.639096814,1.661373209
0,2.594953829,2.953975772,2.953975772,0,0,3.383324245,3.35191578,3.749855789,4.464185549,2.35191578,1.749855789,2.829037035,0,3.181219553,1.749855789,0,0,0,0,3.268369729,2.226977044,1.749855789,0,2.652945776,0,0
0,1.501597082,3.505918456,3.497232277,0,0,3.393691685,3.827932943,3.535020838,4.415410935,2.780350683,1.501597082,2.899537091,0,2.455839592,2.404687069,0,3.425876368,0,1.802627078,3.033075999,3.514434307,4.262772895,3.911530206,3.921552831,1.978718337,2.542989767
2.316237236,3.015207241,4.096194288,3.658659917,0,0,3.553026336,4.097992611,3.075905081,4.161335276,3.293960842,0,0,1.714177245,3.094388487,3.376935077,2.75556993,2.015207241,0,2.96944975,2.96944975,3.293960842,1.714177245,4.006433316,3.658659917,0,2.1912985
0,1.392676894,2.75440473,3.255999754,1.994736885,0,2.75440473,3.940451599,2.506620246,3.279167619,3.405514118,0,2.091646898,1.693706889,2.855074892,2.346919403,2.237774934,3.163528905,0,1.994736885,2.091646898,2.960878618,3.116952763,4.709904243,2.807650242,2.506620246,1.392676894
2.69152763,1.964528902,4.279098297,3.890528169,1.788437643,0,2.766161249,3.794903686,2.186377652,3.469678881,4.063748998,0,2.390497635,1.487407648,2.528800333,1.788437643,4.421400812,0,1.964528902,0,1.788437643,2.089467639,0,2.089467639,0,0,1.487407648
0,1.640597131,2.242657122,2.681989816,0,0,0,3.466671934,3.503919991,4.301462609,3.681989816,0,0,3.847423007,1.941627127,2.117718386,0,0,2.242657122,3.145747109,3.172076048,0,1.640597131,2.339567135,3.886109799,0,0
0,1.74946534,2.678884265,2.59456338,0,0,2.050495335,3.071684634,2.624526603,3.766498679,1.74946534,0,1.448435344,3.050495335,1.74946534,3.552239065,0,0,0,3.274510147,3.071684634,3.188798033,2.652555327,2.52761659,4.927578592,0,0
0,0,2.924519191,3.06282189,0,0,2.197520464,3.929914223,2.95084813,3.698122814,3.021429204,0,0,2.419369213,2.623489196,2.419369213,0,1.720399209,2.021429204,3.182797207,2.498550459,3.410595289,3.401640446,4.388785125,3.197520464,2.197520464,1.720399209
0,0,3.240668628,3.455677953,2.434488654,0,3.047272511,3.38387866,2.036548645,3.285747003,2.756707949,0,2.036548645,3.731153844,3.097246486,2.978556698,3.067957109,4.717563629,1.735518649,0,1.434488654,2.610579913,0,1.911609909,2.212639904,0,2.212639904
1.49946577,2.101525762,3.552544214,3.571347778,1.800495766,0,3.112249627,4.173407769,2.821685065,4.07000871,3.18966185,0,2.402555757,2.645593806,2.861193606,3.030944687,1.49946577,0,1.49946577,2.34456381,1.976587025,3.284795605,3.043533815,4.492902001,2.34456381,1.49946577,1.49946577
0,2.41882812,3.145826848,2.543766857,0,0,2.543766857,2.543766857,3.754620222,4.37627577,0,0,0,1.941706866,1.941706866,2.543766857,0,0,0,0,4.081585952,2.242736861,0,0,4.249202904,0,0
0,1.863081879,3.14183548,2.641233129,0,0,2.988020616,2.728383305,3.671517933,4.495201593,2.590080607,0,0,1.988020616,1.863081879,2.942263125,0,3.842326657,1.863081879,4.501903801,3.782159971,2.616409546,2.289050611,2.848358622,3.47938231,0,2.084930629
0,2.433897344,2.547840696,2.212048595,0,0,2.712650945,2.336987331,3.347711197,4.068374614,2.712650945,0,2.132867348,1.433897344,0,0,1.433897344,0,2.035957335,3.013680941,3.55116864,2.712650945,2.212048595,2.035957335,4.902687606,0,0
3.348026778,3.740434298,4.697390386,3.894444483,1.450399687,0,3.657225563,4.071575969,2.772618982,3.782838147,1.751429683,0,0,0,0,0,0,3.030183284,0,0,0,0,0,1.450399687,0,0,2.772618982
2.475469196,0,3.625457653,3.429711706,0,0,3.063740903,3.4700063,3.357709044,4.204836501,3.343231221,1.572379209,2.271349213,2.350530459,2.1744392,3.364770899,0,2.80282813,2.894598504,3.65873904,3.350530459,3.90683296,2.572379209,2.475469196,4.36054758,0,0
0,0,3.108394408,2.455181895,0,0,1.853121903,3.777401189,3.476371194,3.745216506,3.029213162,0,0,0,2.999249939,0,0,3.525219761,0,0,0,0,3.397189948,0,2.932303149,1.853121903,0
2.265081815,0,3.47459683,3.097590728,0,0,2.844865412,4.218358152,2.770231794,3.680055163,2.344263061,0,2.043233066,0,1.566111811,1.867141807,0,0,1.566111811,2.411209851,2.344263061,2.888331106,3.762011463,4.491423902,3.404960902,1.867141807,0
0,1.96431283,2.829614256,3.120660031,3.099975432,0,3.446232968,3.604462871,2.80941087,3.841300015,2.788221571,0,1.788221571,1.487191575,0,3.149949407,1.96431283,2.691311558,0,1.788221571,3.250619569,4.675275949,3.63947992,2.848919411,3.47396331,2.18616158,1.788221571
1.505098561,0,3.010248539,2.283249811,1.806128557,0,3.587883931,0,0,0,0,0,1.505098561,0,0,0,0,2.45934107,0,0,0,4.801544355,1.982219816,1.982219816,0,0,0
0,1.89188337,3.448185871,3.281049454,0,0,3.51513266,3.109367314,3.51513266,4.272094612,2.971064616,0,2.192913365,0,1.590853374,3.109367314,1.590853374,0,1.590853374,4.556525345,3.203637231,3.390193924,0,3.306856718,2.289823378,0,2.067974629
1.613203284,2.843652205,4.0830253,3.215263275,2.215263275,1.613203284,2.891956885,4.07108518,3.476526144,4.169505784,2.516293271,0,2.727146636,2.090324538,1.914233279,2.391354534,0,3.488264547,1.613203284,4.383318578,3.215263275,3.482435003,4.049365931,2.789294543,3.19298688,2.090324538,2.993414525
0,0,2.705441928,2.927290677,0,0,2.295267463,3.980369121,2.927290677,4.167007146,3.029953019,1.751199418,0,2.228320673,3.083637878,2.705441928,1.751199418,0,1.450169423,1.450169423,3.263082779,3.083637878,4.667390078,2.491562108,3.463006647,2.052229414,0
0,1.651375863,3.323473721,3.18285478,0,0,3.450716412,3.860890877,3.031587105,3.794390663,2.429527113,0,3.341571943,1.651375863,2.765319215,1.651375863,1.651375863,0,0,3.375651732,2.350345867,3.768647159,4.398010062,3.537866588,2.952405859,2.253435854,1.651375863
3.502706945,3.764818875,4.409657353,3.390002665,2.91288141,0,3.120006903,3.630736759,3.104766937,3.699001591,0,0,2.699001591,2.13473016,2.435760156,2.611851415,2.13473016,0,2.936362506,2.259668897,2.35657891,3.555235997,4.067542029,3.055548914,3.435760156,0,0
0,2.221468185,2.984896178,3.513724256,0,0,3.102281777,3.787316004,3.3917299,4.2153451,2.823528176,0,2.47674069,1.823528176,3.814754252,3.575576624,2.425588168,1.823528176,2.367596221,3.04101212,2.984896178,2.777770686,2.563890866,4.616269962,3.385821041,1.823528176,1.522498181
0,2.391642475,3.339810837,3.178748568,0,0,2.93571052,2.09061248,3.437942495,4.469010381,0,0,0,1.488552488,2.187522493,3.509741787,0,1.488552488,0,2.71900141,4.358956394,3.466276094,2.442794998,3.461680342,3.689949613,0,0
2.840417115,3.058472876,4.142390205,3.460960512,2.177659284,0,3.557870525,2.82111196,3.347920999,4.150787137,0,0,0,1.779719275,1.779719275,3.347920999,0,3.483010653,0,4.41014715,3.579059824,2.800908574,0,2.709138201,2.624817315,0,1.478689279
2.588123282,1.847760593,4.090798642,4.160572419,0,0,3.476149523,4.30790641,2.889153278,3.7080986,3.038092291,0,0,1.546730597,1.546730597,2.588123282,0,1.546730597,1.546730597,0,0,4.118439429,2.944670606,2.500973107,2.802003102,0,0
0,2.243833173,3.605561009,3.853071749,1.942803177,0,3.4950657,2.766711918,3.14692316,4.355543644,1.766711918,0,0,1.465681923,2.845893164,2.465681923,1.465681923,0,0,2.243833173,3.334913642,4.72047161,2.507074608,2.465681923,3.530139912,1.766711918,0
1.960630502,1.659600507,3.753022192,3.002023188,2.960630502,0,1.960630502,3.747736595,2.637324112,3.8224635,3.498449597,0,2.981819801,1.835691766,2.358570511,2.562690494,2.057540515,1.358570511,1.358570511,1.960630502,2.057540515,3.157911061,2.472513863,4.817812176,2.820968509,0,1.358570511
2.636852409,1.909853681,4.160273683,3.232072976,0,0,3.382122433,3.70919423,2.663181348,3.820122252,3.113973664,1.733762422,2.92409412,1.909853681,2.546675778,2.812943668,1.432732426,2.847705774,0,0,2.034792417,4.510100331,0,2.13170243,1.432732426,0,2.663181348
0,2.279771766,3.580801762,3.732069437,0,0,3.455863025,3.234014276,3.249808543,3.99577511,2.279771766,0,0,0,1.802650512,2.580801762,0,1.802650512,0,1.802650512,2.916593864,3.990171233,3.321164452,2.756893021,4.407955558,1.802650512,1.802650512
0,2.650542327,3.325152985,2.864422147,1.609149642,0,3.211209633,4.221933498,3.153217686,3.965175499,1.609149642,0,3.188933238,0,2.308119646,2.387300892,3.262362155,3.662228085,2.211209633,2.650542327,2.563392151,1.609149642,3.252602318,3.140628559,2.387300892,0,4.753100758
0,2.055537069,3.453477078,3.134718315,0,0,3.096929754,3.811411925,3.560687047,4.276951307,1.754507073,0,2.930598332,1.754507073,2.754507073,2.754507073,0,2.868450426,0,1.754507073,2.868450426,3.231628328,4.035540441,3.096929754,4.388984343,2.055537069,2.055537069
0,2.098706546,3.875044455,3.672737813,0,0,3.716754642,3.329155467,3.526030332,4.417812605,2.959044552,0,2.341744594,1.496646554,2.399736541,2.538039239,0,3.335495645,0,1.79767655,3.244834581,4.371128372,3.13011501,2.399736541,2.538039239,0,0
0,2.243802718,3.675166482,3.285195403,0,0,2.368741454,3.867052008,2.997130385,3.968078587,3.41013414,0,0,0,2.067711459,0,0,0,0,2.067711459,0,3.696100389,3.088900758,2.465651467,1.766681463,2.970801446,1.766681463
2.380074895,2.939382906,4.303707428,3.283164882,0,0,2.857196149,3.240412901,3.548866915,4.355506703,2.380074895,0,1.778014903,1.476984908,1.954106162,3.120437584,0,0,0,4.276325457,3.518377593,2.68110489,2.995498848,2.838712744,3.468210983,0,1.476984908
2.982234596,3.689029938,4.086969946,2.542901902,0,0,3.11693317,3.870260836,3.509043635,4.114028179,0,0,3.584294587,0,2.542901902,2.542901902,0,3.355815259,1.940841911,3.321053152,3.219595512,3.564091201,2.718993161,2.241871906,3.648412087,0,2.940841911
2.606621151,3.101471173,3.985699942,3.208681142,1.703531164,0,3.194892858,2.800441177,2.63295009,3.683534536,1.703531164,0,1.703531164,1.402501168,2.516444521,2.907651147,0,2.958803669,0,2.305591155,3.676659018,3.488860999,4.816638531,2.180652419,3.791667253,2.180652419,1.879622423
0,2.419156723,3.479854564,3.197307974,2.919759074,2.243065464,3.748215443,2.817096732,3.237602569,4.086609676,1.641005473,0,0,1.942035469,3.203298338,4.766649365,2.118126728,0,0,1.641005473,3.730910585,2.243065464,0,3.125305312,1.339975477,0,0
0,1.842115797,2.49532831,3.184538478,0,0,3.240055805,3.705438657,2.956059149,4.060913795,3.194298315,1.541085801,2.386183841,0,2.319237051,2.444175788,0,0,0,2.902813637,2.842115797,3.637995814,2.620267047,4.545407175,2.386183841,0,0
0,2.241215237,3.368320035,3.122028829,0,0,2.241215237,4.345018958,3.175713688,4.206887208,3.825546461,1.843275228,2.387343272,1.843275228,2.688373268,2.542245232,0,1.542245232,0,4.327575067,2.797517738,2.772694154,2.621426478,3.033606926,3.320396483,1.542245232,0
1.386839212,1.687869208,3.172169047,2.532967248,2.80181256,0,3.256070932,2.918318129,2.918318129,3.660997061,2.164990463,0,0,2.164990463,0,3.219348125,1.386839212,0,1.863960467,2.642111717,2.466020458,3.030291889,4.785473537,3.150267206,3.355322161,1.386839212,0
1.647130875,1.823222134,3.581629326,3.649296936,2.460044231,1.346100879,3.694405742,3.482821446,2.851250857,3.690493153,3.027342116,0,0,4.123527701,3.485979965,4.591613547,3.285620132,2.300343388,1.346100879,2.425282125,3.226914471,2.550220862,0,2.726312121,2.707828715,1.346100879,0
3.337089684,3.364073173,4.501137343,3.568846722,1.444995081,0,3.177388841,4.137842,2.223146331,3.46618438,2.922116336,1.444995081,2.767214376,1.444995081,4.231746503,2.892153112,2.290093121,3.320056344,0,2.558938433,2.047055072,2.936356775,1.444995081,2.591123117,2.806722917,1.746025077,2.047055072
0,1.659861387,3.107019418,2.739042633,0,0,3.136982642,4.424784372,3.151223081,4.094430291,3.250925994,0,2.562951374,0,1.960891383,2.504959427,0,0,1.659861387,2.86398137,2.261921378,2.438012637,2.86398137,4.401800465,3.040072629,0,1.960891383
2.839785657,3.195173315,4.613572102,4.078667746,1.964724394,0,3.353890478,3.502543489,3.219996899,4.04390564,2.362664402,0,0,1.663694398,2.441845648,3.427122392,0,0,0,1.964724394,2.867814381,2.894143319,1.964724394,1.964724394,3.411882425,0,0
2.18044422,2.896447564,4.439560064,3.636810253,0,0,2.481474216,3.48579559,3.362287808,4.362287808,2.384564203,0,1.481474216,0,2.823896897,3.153572074,0,1.481474216,1.782504212,1.481474216,3.837500073,3.162715453,2.083534207,2.843202052,2.879414225,0,0
0,1.672116142,3.190630082,1.973146138,0,0,3.585929995,1.672116142,3.353357379,3.82745218,2.751297388,0,0,0,2.274176133,1.973146138,0,2.950869743,2.517214182,4.612632627,2.786059494,2.149237397,1.672116142,2.818244178,1.973146138,0,0
0,0,3.684154056,3.742146003,0,0,3.129090628,3.467444946,2.793298526,4.057854014,2.71411728,1.538026021,0,1.538026021,2.768474942,4.044531053,0,1.839056016,2.49226853,3.467444946,3.350939377,4.460751479,2.49226853,2.742146003,3.849779882,0,0
2.97766047,3.142470719,4.235708029,3.761344209,2.039808377,0,2.841440723,4.140178922,3.153751729,3.901143616,2.516929632,0,2.641868368,1.863717118,0,2.261657127,0,1.562687122,2.340838373,2.465777109,2.407785162,2.562687122,3.094166039,4.4848934,3.535814976,0,0
0,2.237861828,2.590044346,3.317043074,0,0,2.936831832,3.474650927,2.334771841,3.652835176,2.635801836,0,2.112923091,1.635801836,1.635801836,3.050775184,0,1.635801836,2.112923091,2.811893095,2.749745189,3.778816637,2.635801836,3.082959868,4.968845866,1.635801836,2.237861828
3.751046385,3.450016389,4.058416558,3.511823539,3.851011236,1.520597463,2.821627459,3.610502575,2.365695503,3.48438529,2.219567467,0,2.775869968,2.298748714,4.18898338,2.775869968,2.724717446,3.219567467,1.997718718,2.863020144,2.520597463,2.982995461,2.520597463,4.431221868,2.599778709,0,2.634540815
0,2.051595185,2.720601966,2.477563918,0,0,2.52871644,3.264670011,3.657259301,4.31562553,3.477563918,0,2.477563918,0,1.875503926,0,0,0,0,4.371741472,3.31483662,0,0,2.52871644,2.896693225,0,0
0,1.647275435,3.754485404,3.045215443,0,0,2.425426685,2.425426685,3.751079156,4.600067878,2.124396689,0,0,3.009003271,1.647275435,0,0,0,2.124396689,0,3.94830543,0,0,1.647275435,2.124396689,0,0
2.424161621,2.160920186,4.001862266,3.202312871,0,0,3.274863538,4.697478629,2.337011445,3.65228188,3.08173894,1.382768936,3.115162695,2.160920186,0,2.461950182,1.382768936,3.516307844,4.354044784,2.683798931,1.683798931,2.744496772,2.762980177,2.914247853,2.95097066,0,2.780708944
3.259312557,1.715244513,4.048691787,2.812154526,3.227127874,0,3.742594121,4.421108225,2.414214517,3.46343254,3.554093604,1.414214517,2.644663438,1.414214517,0,2.455607202,1.414214517,0,4.389186511,0,1.715244513,2.644663438,2.192365767,2.644663438,2.692968118,1.414214517,0
0,1.971425697,3.811845475,3.17554568,0,0,3.8635203,3.554057137,3.382202931,4.393029624,2.767305715,1.369365706,1.670395702,1.670395702,1.369365706,2.887879646,0,3.604894153,1.369365706,3.17554568,3.154695541,3.041463564,2.624638211,2.816523738,4.51362848,0,1.670395702
0,1.757843843,3.058873839,2.871787196,1.456813848,0,2.66093383,3.080063138,3.354440939,4.040012622,3.406203854,0,1.933935103,1.757843843,2.411056357,2.757843843,0,4.795270341,0,0,3.249205537,1.456813848,0,2.234965098,0,0,1.933935103
3.920081243,3.523366326,4.806285085,3.203586894,1.848199236,0,3.827444015,2.889591921,3.450259227,4.028133834,1.848199236,0,0,3.170418531,3.682831843,2.732805817,1.371077981,1.371077981,2.149229232,2.786051329,2.87622796,0,0,2.070047986,0,0,1.848199236
3.553870476,3.654540638,4.795106471,3.631475334,2.016051381,0,3.373032782,3.451417888,3.03724068,4.072002787,0,0,1.41399139,0,1.891112645,2.317081377,0,1.41399139,0,2.41399139,2.876389388,2.794202632,3.289052653,2.016051381,3.674062778,0,0
2.532347505,4.016647345,4.53559256,3.185560019,0,0,3.421649208,3.209041115,3.361651278,4.150395602,1.930287514,0,0,0,0,2.23131751,1.930287514,0,0,0,2.775385554,3.00946876,0,0,0,0,0
3.244878754,2.190521092,4.051856331,3.366612351,0,0,3.704625913,3.717721211,3.621884856,4.259942501,3.833973768,0,2.968672342,0,0,0,0,0,3.385497695,0,0,2.190521092,0,0,2.190521092,0,0
0,1.887297829,3.449590694,3.209517124,2.063389088,0,3.276463914,2.285237838,3.342142689,4.269314872,2.790387816,1.586267834,0,3.063389088,3.063389088,2.66544908,0,0,0,2.816716755,4.241406268,2.887297829,0,2.285237838,3.130335878,0,0
0,0,0,2.77179647,0,0,3.027068975,3.810549059,2.674886457,3.682065042,3.667587218,0,2.197765203,2.373856462,2.595705211,1.595705211,0,1.896735207,0,2.674886457,0,3.072826466,2.197765203,4.518430669,0,1.595705211,2.440803251
0,1.891977337,3.711521273,3.642099864,2.704890694,0,3.208995438,3.170730938,2.135015386,3.208995438,1.590947342,0,0,0,4.786846994,3.311106645,3.483041944,3.867409146,0,1.590947342,1.590947342,2.962015204,1.289917346,3.115992149,2.436045382,1.891977337,2.193007333
2.259430478,2.639641719,4.081598557,4.61045333,0,0,3.022858471,2.706588509,3.276463817,4.022858471,1.560460473,0,3.20391315,0,2.736551732,1.560460473,1.560460473,4.19594422,0,0,2.706588509,2.514702983,1.861490469,0,2.037581728,0,2.162520465
3.02416744,3.317644298,4.831048832,3.692103211,1.561769443,0,3.30995747,2.959709451,3.233867301,3.95270455,2.038890697,0,0,0,0,0,0,0,0,0,0,2.603162128,0,2.038890697,1.561769443,0,0
0,1.713172046,2.956210095,2.991925647,0,0,2.917292029,3.969649253,3.197471886,3.922687061,1.889263305,0,0,0,1.412142051,2.111112055,0,0,1.713172046,2.690895652,1.889263305,3.197471886,4.816633668,3.084239909,2.453534736,2.315232038,2.014202042
3.05669427,5.003120677,3.369005276,2.255061923,0,0,2.857121915,3.100159963,1.954031928,3.269302362,2.322008713,0,3.518303358,0,1.954031928,0,1.777940669,3.518303358,0,2.078970664,0,2.322008713,1.476910673,1.954031928,1.777940669,0,4.206884959
0,1.341835911,3.049406087,2.73977592,2.954619768,1.341835911,2.040805916,4.162693901,1.943895903,3.040805916,2.296078421,0,2.833197605,0,2.885903956,2.722047153,1.642865907,0,0,0,1.341835911,3.4062939,3.023077149,2.244925898,2.296078421,4.940845151,1.341835911
2.616433386,0,3.971364613,3.186308694,2.169275355,0,3.563727036,3.727983925,2.98881929,3.843217354,2.917463382,0,2.373395338,1.470305351,1.947426605,3.470305351,0,2.868245359,2.549486597,1.771335346,2.64639661,3.302814263,2.315403391,2.64639661,4.547309677,1.470305351,2.42454786
0,1.539046559,3.016167814,3.784559227,0,0,2.936986568,3.94216708,3.09534906,4.147572593,3.083114603,1.539046559,2.618227805,1.539046559,2.016167814,2.016167814,0,0,1.840076555,2.954019907,2.715137818,4.118830156,4.340450269,2.840076555,2.936986568,2.580439244,2.238016563
1.874925568,2.653076818,3.681105542,2.778015555,0,0,3.687838924,3.824315574,3.454709164,3.761416293,2.778015555,1.874925568,4.180276937,0,0,2.653076818,0,2.573895572,0,0,0,0,3.547023426,2.175955563,2.653076818,0,2.653076818
0,0,2.747513167,3.156637343,0,0,2.78372534,4.205329267,2.728208012,3.926114806,2.531913367,1.385785331,0,2.084755335,1.862906586,1.686815327,0,0,2.385785331,2.385785331,2.084755335,1.987845322,2.800758679,4.720239082,3.198698688,1.987845322,0
0,0,2.567216379,2.187005137,0,0,2.766788734,4.034577796,3.056236857,3.932079929,3.01951405,0,2.090095124,2.442277642,2.333133173,0,0,0,1.965156388,2.442277642,2.333133173,2.601978485,4.506735632,2.919398897,4.034577796,0,3.121503589
1.757856277,2.660946264,4.36208233,2.988305199,0,0,3.757856277,2.602954317,3.666341296,4.367450687,1.757856277,0,1.757856277,2.058886273,2.456826282,2.058886273,0,2.712098787,0,2.234977532,3.490250037,3.249217971,2.234977532,2.058886273,3.439097515,0,0
1.452824862,3.193187552,4.011533433,4.103132386,3.021026587,0,3.177100732,3.086293318,3.208699718,4.112741063,2.407067372,0,0,1.452824862,0,3.193187552,0,0,0,0,3.076074153,4.664745947,2.407067372,2.230976113,2.795247543,0,0
0,2.299841656,2.973257556,3.117501448,0,0,2.658863599,2.776962911,3.162313792,4.321030955,2.232894866,0,1.454743616,1.454743616,2.299841656,2.834954858,0,2.88610738,0,2.630834875,3.873044907,2.408986125,2.299841656,2.755773612,4.750310716,0,0
0,3.143377834,3.055422664,2.210324624,0,0,1.666256579,1.365226584,3.580070432,4.305244739,2.064196588,0,0,0,1.842347838,3.356452659,0,0,0,2.064196588,4.928944924,0,0,1.967286575,1.842347838,0,0
1.806991415,1.32987016,2.585142665,2.533990143,0,0,2.284112669,3.115199995,2.32987016,3.187202656,4.473821276,0,1.630900156,2.727810169,2.585142665,2.443813512,2.1749682,1.32987016,4.709356974,1.32987016,2.443813512,1.630900156,0,3.02006624,1.931930151,0,0
2.507540949,2.94119651,3.936600758,3.153804603,3.218745409,0,3.586722195,3.679476248,3.531674628,4.139564163,2.2645029,0,3.662442909,0,1.963472904,2.507540949,1.662442909,4.063843449,1.662442909,3.554537511,2.703835594,3.537504172,3.218745409,2.616685418,3.275226765,1.963472904,2.89289183
0,1.435636983,1.736666978,2.280735023,0,0,1.435636983,2.850610331,1.435636983,2.477029668,2.213788233,0,0,0,4.857898433,1.435636983,1.435636983,0,0,0,0,0,0,1.912758237,2.213788233,1.912758237,0
0,2.252442157,2.614169993,2.905654671,0,0,2.650382166,3.897864426,1.252442157,3.121673877,2.252442157,0,2.875691447,1.729563412,2.206684666,4.998063378,1.553472153,1.252442157,0,0,1.854502148,2.650382166,1.951412161,2.252442157,2.428533416,1.729563412,1.553472153
0,1.597926136,3.279167373,3.338288825,0,0,3.177709732,3.614959475,3.59356133,4.450406129,3.221175426,1.898956131,1.597926136,0,2.376077386,0,0,0,2.29689614,3.29689614,3.14199418,2.07504739,3.16612786,2.443024176,4.362102268,0,1.898956131
3.202542021,2.521300784,4.023727904,3.353809696,2.776573289,0,3.746610065,3.71995787,2.863723464,3.570518806,2.968458815,1.822330779,2.822330779,0,0,0,0,1.822330779,2.822330779,0,0,0,0,0,0,0,0
4.759617619,4.249164271,4.26436157,3.158702014,3.857672019,0,3.260159655,3.697293385,2.305917146,3.026076449,0,0,2.00488715,0,2.00488715,3.202167708,3.635823269,2.482008405,2.00488715,2.101797163,1.703857154,0,2.180978409,2.907977137,1.703857154,1.402827159,2.658099664
0,2.408584758,2.931463504,4.00150137,1.931463504,0,3.161912425,2.952652803,3.603561361,4.439319375,2.232493499,0,2.408584758,2.952652803,3.354709377,2.776561544,2.232493499,4.282679849,0,3.436613482,3.888112083,3.69861937,3.74437686,2.776561544,4.13012059,0,2.107554763
0,1.542637449,4.045064569,4.038181786,0,0,2.621818695,4.188059718,3.511120397,4.367413911,2.019758703,0,2.14469744,1.542637449,2.14469744,2.584030134,0,0,0,1.542637449,3.250207625,3.195849962,4.232833529,2.019758703,3.908125433,1.542637449,1.542637449
0,2.130985482,2.784197996,2.130985482,0,0,2.807679091,3.141709347,2.52892549,3.355000293,0,0,0,4.027236044,3.684261528,4.798671864,3.314255325,2.227895495,0,2.130985482,3.097127215,3.307076741,1.52892549,2.733045473,2.829955486,1.52892549,2.006046745
2.804347163,2.485588401,4.013862178,3.5067777,1.406407155,0,3.992994459,4.210546587,2.911557133,4.035816754,2.309497142,0,2.582498414,1.883528409,4.771707903,2.70743715,2.821380503,2.911557133,0,2.520350507,3.549421955,3.105377159,1.406407155,3.03987561,2.610527137,0,2.44779984
4.313948782,3.28036736,4.325229793,3.504763298,3.536585011,0,3.581397355,3.891903243,2.226009697,3.382356898,2.734165186,0,2.748888443,3.411646274,2.313159873,3.9776309,4.443785997,2.350948434,1.873827179,1.271767188,1.572797184,2.417895224,1.748888443,2.924979702,1.572797184,1.271767188,2.116865228
0,2.006666954,3.221510802,2.851764994,0,0,3.205324041,3.466059442,2.799058644,3.700393903,1.608726946,0,1.30769695,1.30769695,2.261939459,3.466059442,1.608726946,1.608726946,0,2.898761557,3.093026785,3.667532432,4.794410726,3.100088639,3.538145871,1.30769695,1.608726946
1.773927496,1.950018755,3.004376418,2.728170006,0,0,3.397176787,3.863832608,3.27223805,3.887870849,2.619025536,1.472897501,3.096146791,1.773927496,1.773927496,1.472897501,1.773927496,2.619025536,4.751651102,3.074957492,2.42714001,1.773927496,0,2.42714001,1.950018755,0,2.728170006
0,2.530416052,3.959090678,2.354324793,2.530416052,0,3.395717479,2.229386057,3.405477316,4.000238068,0,0,0,0,2.053294798,2.655354789,1.752264802,3.183628566,0,4.076547257,3.660749821,2.706507312,2.053294798,2.053294798,3.476540672,0,0
0,1.54231638,2.797588886,3.55934972,0,0,3.583709066,3.694604725,3.60677437,4.394796374,2.144376372,0,2.821069981,0,2.019437635,2.387414421,1.54231638,0,0,2.144376372,3.305744374,3.258319724,3.205074212,2.989474412,4.575337825,0,2.019437635
2.76889522,2.85907185,4.143502584,3.558041854,1.654951867,0,3.641723602,3.298404544,3.447343557,4.087921158,1.654951867,0,3.186430784,1.654951867,3.418379861,3.447343557,2.76889522,3.680257733,0,3.474495803,3.454292417,3.715649708,2.132073122,2.433103118,2.734133113,0,0
0,2.362181283,2.686692375,1.885060028,2.926452714,0,3.22085213,4.260418767,3.132214643,4.061151287,3.288752366,1.708968769,2.106908778,1.407938774,1.407938774,2.612058756,0,1.885060028,2.311028761,4.118056139,3.316423793,4.344452516,2.750361454,2.186090024,3.501360459,0,0
0,0,3.115057443,3.194238689,0,0,2.416087438,3.01814743,3.416087438,3.831060786,0,0,0,3.738306733,3.115057443,3.960155483,2.893208693,0,0,0,0,2.893208693,2.416087438,2.416087438,2.416087438,0,0
0,2.715784672,3.072331996,3.036119823,0,0,2.519490027,4.050968944,3.307860443,3.977588044,2.820520023,1.674391987,2.996611282,0,1.674391987,2.577481974,0,0,0,0,2.850483246,3.327604501,4.02269685,2.820520023,2.850483246,0,0
0,1.45404996,3.066833817,1.931171215,0,0,2.45404996,1.45404996,2.985528877,3.761545998,1.45404996,0,0,4.416892642,4.464773826,3.564639671,2.998118005,2.495442646,1.45404996,1.931171215,3.893382654,1.45404996,0,2.796472641,0,0,0
0,2.532827887,3.017127727,2.345741244,0,0,3.484650923,2.377925927,3.089130388,3.934228428,0,0,0,1.231797892,2.64677124,4.212709829,0,3.641731015,0,1.231797892,4.899064011,1.833857883,1.231797892,3.024189581,1.833857883,0,0
0,0,3.081423412,2.404729802,0,0,1.325548556,2.905332153,3.081423412,3.996721399,3.77115276,0,0,1.802669811,1.927608548,0,0,3.793895887,2.024518561,1.325548556,2.705759798,1.927608548,1.626578552,1.626578552,4.894453971,0,1.325548556
0,2.042378348,2.996620858,2.945468335,0,0,2.741348353,3.834770038,3.203746351,4.246498331,3.285416397,2.042378348,3.083771034,0,0,1.741348353,1.741348353,3.083771034,0,2.343408344,2.519499603,3.473742113,3.103076189,3.473742113,2.820529599,2.343408344,3.33241296
0,1.907188156,3.1246721,3.419071517,0,0,2.509248147,3.569945988,3.545677413,4.505431348,3.083279415,1.60615816,1.907188156,1.907188156,1.60615816,2.647550846,0,2.685339406,0,3.815673175,3.514643179,3.083279415,2.861430665,2.305128165,3.861430665,0,0
1.792699627,1.792699627,2.491669631,2.269820881,0,0,3.585091316,3.637797667,3.093729622,3.801299798,2.871880873,0,1.792699627,1.792699627,2.269820881,1.792699627,0,1.792699627,4.647005668,2.093729622,2.394759618,2.637797667,2.695789614,2.834092312,3.394759618,0,2.093729622
3.511020973,3.119814347,4.151222811,3.67565261,2.005870994,0,3.613326018,2.93528992,2.880932258,3.880932258,1.403811003,0,1.880932258,2.181962253,2.005870994,3.08505224,0,1.403811003,2.403811003,3.057023517,3.284624595,3.605208127,2.517754355,2.181962253,4.715564864,0,0
0,2.120273503,3.184731493,3.302117091,1.421303499,0,3.184731493,2.597394758,3.296364762,3.879185396,0,0,0,4.286999559,2.462696184,3.084061331,2.500484745,4.753337776,0,1.421303499,3.111499579,2.120273503,0,2.883701497,2.120273503,0,0
2.779183729,4.084144018,4.640337823,3.838161589,2.339851035,0,3.118002285,3.919634631,3.242941022,4.047421211,0,0,2.038821039,0,1.737791044,2.038821039,0,0,0,2.515942294,0,2.038821039,0,0,0,0,0
0,1.453367279,2.599495315,3.033150876,1.453367279,0,3.201555306,3.07661657,3.086835735,4.132795176,2.453367279,1.930488534,2.152337283,1.754397275,1.453367279,3.00966978,0,0,0,2.775586574,3.231518529,3.259547253,2.984846196,3.125465137,4.802644807,0,0
2.48973291,3.240731915,4.231528916,3.356825244,0,0,2.77055952,4.06847628,2.879703989,3.984898668,1.92546148,0,2.402582734,1.749370221,2.727093826,3.402582734,0,0,0,2.293438265,3.624431484,4.352514593,3.673649507,2.527521471,3.226491475,2.562283577,2.293438265
0,0,0,3.407280559,0,0,2.45303805,2.45303805,2.45303805,3.2311893,0,0,3.356128037,0,2.45303805,0,0,3.152008054,0,0,2.754068046,0,0,0,2.45303805,0,2.754068046
0,2.172135965,3.987713713,3.898047597,2.64925722,0,3.576969681,2.64925722,3.646352229,4.397445247,2.251317211,0,2.587109313,0,1.473165961,3.359656686,1.774195956,1.774195956,0,1.774195956,4.013495435,4.297942423,3.958887387,2.251317211,3.422555967,1.774195956,0
0,2.961439443,3.367979624,0,0,0,2.137530702,2.137530702,3.898455551,4.511055683,2.505507488,0,3.151771142,0,1.961439443,1.660409448,0,0,0,2.563499435,3.780983379,0,0,0,2.7743528,0,0
0,2.721665657,3.198786912,3.160998351,1.642484411,0,1.943514407,4.057457759,3.222268008,3.916642261,3.104882409,0,2.756427764,2.119605666,2.487582451,2.596726921,0,0,0,0,1.642484411,2.119605666,1.943514407,4.277968158,2.119605666,0,0
2.946608714,3.247638709,3.671664286,3.004600661,0,0,2.91442403,2.645578718,2.754723187,3.810497799,0,0,0,4.545295023,3.108689258,3.524756548,2.022329428,1.624389419,0,1.323359423,3.576212454,3.192591143,2.624389419,2.553808345,4.747423949,1.624389419,0
0,2.258591526,2.735712781,1.559621522,0,0,1.860651517,3.02201952,3.541892755,4.243568653,3.817300097,1.860651517,2.763741504,0,0,1.559621522,0,0,2.258591526,1.559621522,2.95756153,0,0,1.860651517,4.588192774,0,0
4.330752748,4.233067901,4.358854042,2.933972405,2.235002401,0,3.451021607,3.484879874,2.962001129,3.872936649,1.581789887,0,3.401333822,1.581789887,1.581789887,2.743157889,1.581789887,2.943517723,1.280759891,2.394703244,2.623182572,3.13201824,4.430594588,2.235002401,2.772121585,0,1.979729896
2.258682912,3.243959655,4.422043094,3.644884518,0,0,3.866137935,3.204807531,3.439573054,4.135670097,2.325629702,0,1.480531662,1.480531662,2.434774171,3.258682912,1.480531662,4.428944627,0,1.480531662,2.521924347,0,0,1.781561657,1.480531662,0,1.480531662
2.719213572,3.633783377,4.385998893,3.693659467,0,0,3.476175523,3.891148871,3.541568485,4.331997429,1.874115532,0,2.573085536,1.573085536,2.351236787,2.476175523,1.573085536,0,0,2.050206791,3.760606257,3.385998893,1.573085536,1.874115532,2.719213572,0,0
0,0,3.773907283,3.50090601,0,0,3.575539629,3.442914063,3.074937278,3.909569885,2.597816023,2.296786028,0,0,0,2.995756032,0,0,0,3.251028537,3.375967274,3.694726036,4.481477459,2.597816023,3.552058533,0,0
2.231021699,2.106082962,3.173029752,4.477150825,1.628961708,0,2.884234213,3.666388206,2.708142954,3.384836563,4.505756684,0,1.628961708,1.628961708,2.106082962,1.628961708,1.929991703,2.583204217,1.628961708,1.628961708,0,2.106082962,4.091359706,2.775089743,2.805052967,2.327931712,0
3.106557046,2.034675039,4.086213429,2.767068799,1.812826289,0,3.180803075,2.511796294,2.034675039,2.948488891,1.937765026,0,1.937765026,1.812826289,3.12103487,2.180803075,2.767068799,4.81786373,1.812826289,2.414886281,2.034675039,1.812826289,0,2.48183307,2.335705035,1.335705035,2.034675039
0,0,2.261561676,2.898383773,0,0,3.051612149,2.659501684,3.215804185,4.060902225,2.386500412,0,1.483410425,1.784440421,2.085470417,3.629538461,0,0,0,4.569770256,3.603984357,2.437652935,1.96053168,2.629538461,3.47904562,0,0
0,1.865383081,4.064040168,3.26332309,1.865383081,0,2.166413077,3.918461525,3.488632372,4.211736056,2.166413077,0,2.564353085,0,0,2.166413077,0,0,0,3.697891994,2.643534332,2.342504336,2.342504336,2.467443072,0,0,0
3.533307794,3.901757925,4.555915585,2.934550438,0,0,4.269126028,2.194187749,3.519840219,3.999235272,0,0,0,2.115006503,2.64648542,2.86319453,1.717066494,4.376031337,0,2.457429183,2.620156481,1.717066494,0,2.01809649,0,0,1.416036498
0,1.956032882,3.160152865,2.910275392,0,0,3.069976235,3.646228962,3.819355742,4.280315338,0,0,2.433154137,2.257062878,0,0,0,2.734184133,0,0,2.433154137,0,0,0,2.257062878,0,2.257062878
2.238929574,3.051842931,3.935722659,2.53995957,1.937899579,0,3.193172084,4.020684949,3.534496674,4.148752944,2.481967623,0,3.22793419,0,2.335839587,2.113990838,1.636869583,4.259083606,0,3.099267581,2.415020833,2.959088878,3.270338039,3.591112092,3.899320673,2.481967623,3.545354602
0,2.216379376,3.534442711,3.02255935,0,0,3.108473978,3.336953307,3.349918284,4.267917766,2.558802057,0,0,1.994530626,1.994530626,2.859832052,0,2.216379376,0,2.362507411,3.436487464,4.371715413,3.008771065,2.721529354,4.452916637,2.69350063,1.517409371
0,1.44750578,3.50820362,3.688055028,0,0,3.581044688,4.149936316,3.049565771,4.166007469,3.027289376,0,2.049565771,0,2.526687026,2.677954701,0,1.748535775,0,0,2.769725075,3.128747017,4.68328665,2.894663811,3.333996505,2.809233616,0
0,2.258574196,3.856269382,3.593027948,0,0,2.763724175,3.702618992,3.683455833,4.545927969,2.161664183,0,0,0,1.860634188,3.478682285,0,0,0,3.528087141,3.699483279,3.735695451,2.258574196,2.337755443,4.407793309,0,0
2.920279839,2.660642529,4.500634501,2.898003445,1.619249844,0,3.676154695,2.98097768,3.729839554,4.26270252,2.660642529,0,0,1.619249844,3.806770565,3.411641533,1.619249844,2.660642529,2.874522349,2.522339831,2.765377879,2.397401094,0,2.660642529,0,0,0
0,0,2.653284178,2.000071665,0,0,2.97779527,2.398011673,3.000071665,3.361799501,3.92175814,0,0,4.46989368,1.699041669,1.699041669,1.699041669,0,3.096981678,2.176162924,0,0,0,2.000071665,0,0,0
3.209946173,0,3.886639782,3.660415233,1.762788141,0,2.966908124,3.775625366,2.876731494,3.830974003,3.085007436,1.762788141,2.239909396,0,0,0,0,0,0,0,1.762788141,2.540939392,4.041541742,2.607886181,0,1.762788141,0
0,2.050108892,3.969186984,3.575153699,2.40229141,0,3.340143503,3.46508224,3.203923756,4.099326915,2.594176936,0,0,2.62414016,2.652168883,3.504953752,1.749078896,2.40229141,2.050108892,2.828260142,4.549452251,3.147018905,2.770268195,2.703321406,3.351138888,0,1.448048901
0,1.278221525,2.834524026,2.82228957,2.357402771,0,2.783371504,2.556975126,2.056372776,2.82228957,1.97719153,0,0,4.925017214,3.315648023,3.049073537,4.573568674,2.056372776,1.880281517,2.424349561,1.97719153,2.60044082,1.278221525,3.010615285,2.319614211,1.278221525,2.232464035
0,2.539327628,3.196904947,3.08899955,1.798964939,3.69659203,2.989296637,2.859662779,3.406419962,4.154990796,1.497934943,0,2.099994934,2.099994934,2.196904947,2.196904947,0,4.194291332,1.798964939,4.519537659,3.885324769,2.702054926,2.929298707,3.099994934,3.691059541,0,2.343032983
1.517619563,0,1.994740818,2.663747599,1.517619563,0,3.10868417,3.343694366,2.216589568,3.33053292,3.950588854,0,2.295770814,2.119679555,1.517619563,0,0,1.818649559,4.58728766,2.517619563,0,2.517619563,1.517619563,2.119679555,3.073922064,0,0
0,1.93947969,3.487664301,2.8937222,0,0,2.717630941,3.605373236,3.453584511,4.630266245,2.741112036,0,1.763388431,2.365448422,4.332176643,2.541539682,2.541539682,2.576301788,0,1.93947969,3.519263287,3.569568405,2.93947969,3.80280255,3.635544704,1.763388431,1.462358435
1.457600365,2.536781611,3.71527894,2.059660357,0,0,2.976114305,2.302698405,3.557970911,4.362856414,2.235751616,1.457600365,1.457600365,1.758630361,2.15657037,3.314932862,1.457600365,2.235751616,0,4.547858418,3.66711538,2.819328201,1.457600365,2.837811607,2.059660357,0,0
0,2.201259605,2.900229609,2.41211297,0,0,3.843476735,1.900229609,2.789531312,3.567682562,0,0,0,1.900229609,1.775290873,2.789531312,0,0,1.298169618,1.298169618,3.247559625,2.076320868,1.775290873,3.014172962,4.987389655,1.599199614,0
1.880857429,0,3.599635827,2.922250114,0,0,2.482917421,3.136129934,2.960038675,4.014396338,2.54986421,0,0,0,0,3.15961103,0,0,1.403736175,3.167164168,3.348218847,3.475618182,2.44512886,2.725955469,4.780130617,1.403736175,0
3.289468227,3.078614861,4.737420942,3.549661968,1.999433615,0,3.490795309,4.192558214,3.203553598,4.120007546,2.300463611,0,3.25470612,1.69840362,3.278187216,3.461831613,2.397373624,3.060131456,0,3.0408263,1.69840362,2.601493607,1.69840362,2.739796305,1.69840362,0,2.844531655
0,2.077398051,3.628848049,2.657181647,0,0,3.875357694,3.327818053,3.668462658,4.468333158,2.524556082,0,2.700647341,1.855549301,3.085998222,4.57405099,2.679458042,3.307846972,0,2.657181647,3.902174513,2.608876968,0,3.09443139,2.740155882,0,2.156579297
4.223819695,3.756385707,4.630594577,3.422187349,1.622846799,0,3.848156081,3.552265725,3.294944657,3.988334784,2.40099805,0,3.723217344,0,0,0,0,0,0,3.202630396,0,1.622846799,0,0,0,0,1.622846799
0,2.528040407,3.298073767,2.476887884,3.078947875,0,3.245895755,3.448859161,3.3998727,4.08834565,1.573797897,0,2.050919152,1.573797897,0,3.092311837,1.874827893,0,0,1.874827893,3.065159591,4.317307662,2.528040407,2.528040407,1.874827893,0,1.573797897
2.913863985,2.61283399,3.595966064,3.625068446,4.286688349,0,3.427335262,3.436742731,1.76773595,2.404558047,2.822093612,0,0,3.602368556,3.263742548,3.531163943,4.725981201,2.068765945,0,0,1.591644691,1.989584699,0,2.494734678,0,1.290614695,0
3.343553167,0,3.784245156,3.071486867,3.17118978,0,3.86115854,3.304401043,3.124193218,3.575760368,2.057246428,0,2.425223213,0,2.425223213,1.580125173,0,0,4.660390801,0,2.279095178,2.621517858,0,2.534367683,2.425223213,0,1.580125173
0,2.199583092,2.977734342,2.868589873,0,0,3.169619868,0,3.290663561,4.09537384,2.801643083,0,0,0,2.023491833,0,0,0,2.199583092,2.92658182,3.901438784,2.977734342,2.722461837,2.92658182,4.659477945,0,0
0,1.855788634,2.810031144,2.810031144,0,0,2.332909889,3.523241587,3.207971152,4.054445721,3.059908617,0,0,2.758878621,2.253728643,3.927670642,1.855788634,0,1.554758639,2.332909889,3.463243658,4.34292701,4.376926718,3.031879893,3.468572491,2.93496988,1.554758639
2.27142304,3.322575562,3.985333394,3.11652108,0,0,3.495437851,3.718581071,3.425237904,4.27142304,2.710755734,0,0,0,2.368333053,2.146484303,0,0,0,3.538594768,3.031090885,2.991582343,3.100726813,3.376933225,4.293645144,0,0
3.359845995,4.211635916,4.601262532,3.325477094,1.697088164,0,3.40465834,2.77626941,3.387284244,4.177813543,2.095028172,0,2.174209418,0,2.174209418,3.228567081,0,2.626507089,0,3.008842025,4.05215637,2.241156208,2.174209418,2.77626941,2.299148155,0,0
1.813953869,2.358021913,3.945893164,3.237199743,0,0,3.517245247,3.114983864,3.291075124,4.068018322,2.768196378,0,0,0,2.358021913,2.855346554,1.990045128,0,0,0,2.659051909,4.540273481,0,2.855346554,0,0,0
3.687185464,3.137513542,4.329540051,3.734610114,3.715909616,1.920029598,3.488231322,3.397150853,2.016939611,2.823119585,0,0,1.317969607,0,2.317969607,3.929692915,2.221059594,2.397150853,1.795090862,1.317969607,1.920029598,4.5983203,3.448303375,3.330806832,2.732942955,2.163067647,0
0,0,3.433983238,3.677021287,0,0,3.069284163,3.616605365,3.575860397,4.297035594,3.423999018,0,0,0,0,2.091560558,0,3.045803067,2.392590553,2.744773071,2.635628602,2.091560558,2.489500566,2.392590553,4.231439644,0,0
0,1.938164415,3.532925168,3.15123924,1.46104316,0,2.574986513,3.648563881,3.18531903,4.183677083,2.46104316,0,1.938164415,2.892406924,2.858983169,3.246372995,4.752855848,2.858983169,1.46104316,2.063103152,2.841254402,2.364133147,0,2.952404854,1.762073156,0,2.540224406
3.470021411,2.665541222,4.209609267,3.23957249,0,0,2.364511227,4.227834087,3.193814999,3.85587292,2.841632481,0,2.607549275,0,1.762451235,2.938542494,0,0,0,2.364511227,2.063481231,3.353515842,3.99033794,2.23957249,2.762451235,0,0
2.081673416,1.303522166,3.960578018,3.799066503,2.00249217,0,3.178583429,3.433855934,2.148620206,3.154780514,0,0,0,1.303522166,3.123066101,4.815672703,2.993718246,2.00249217,0,0,2.905582157,2.479613425,0,2.701462174,1.604552161,0,0
0,1.728862661,3.554937463,2.890230663,0,0,3.675805931,4.011031439,2.808043907,4.111779796,2.842806013,0,2.68310517,1.728862661,2.573960701,3.336317684,2.272930705,1.728862661,1.427832665,4.536397689,2.272930705,2.919194359,2.029892656,2.541776017,2.382075174,0,1.90495392
2.109611401,2.489822642,3.724508617,3.166516252,4.362949406,1.711671392,3.643637507,3.794456762,2.313731383,3.471339237,2.109611401,0,2.012701388,0,1.410641396,3.166516252,2.188792647,0,1.887762651,2.410641396,2.556769432,4.492708331,3.397413131,2.966943897,2.753064077,1.410641396,0
2.554880346,2.855910342,4.210232246,4.028772631,0,0,2.679819083,3.912391698,2.776729096,4.008877802,2.962365673,0,0,1.901667832,2.554880346,3.630021614,1.901667832,0,0,1.901667832,3.213421693,3.371489848,2.998577845,2.746765872,4.216587888,1.600637836,0
0,1.891299703,3.912489002,3.908333042,1.891299703,0,3.005243055,3.912489002,3.170053304,4.347665736,2.932692388,0,3.037427739,0,1.891299703,2.669450953,0,0,0,2.192329699,2.932692388,2.932692388,3.70421306,2.932692388,3.96318171,0,0
0,0,3.195338183,3.394910538,0,0,3.660224982,2.961254977,3.672459438,4.243261736,3.230100289,0,4.141462802,0,0,0,0,0,2.894308188,2.718216928,2.417186933,2.417186933,0,0,3.563314969,0,2.116156937
1.457572963,2.688021884,3.965428834,3.376651055,2.059632954,0,3.270486319,2.799995644,3.110785476,3.846739047,0,0,0,1.457572963,2.156542967,2.934694217,2.156542967,0,0,4.59682218,2.688021884,2.457572963,2.411815472,2.661692945,2.36066295,0,0
1.501868716,1.501868716,3.183109953,2.882079958,0,0,2.824088011,3.680845663,2.280019966,3.451258722,3.257743572,0,1.501868716,4.425112734,3.340717807,2.916842064,2.780622317,4.455145053,1.501868716,2.280019966,1.978989971,2.404958703,0,3.280019966,1.501868716,0,2.280019966
0,1.821338102,2.474550616,2.298459357,0,0,0,3.678670599,2.750757028,3.260670796,2.365406147,0,1.821338102,0,3.298459357,0,1.520308107,0,1.520308107,0,1.821338102,1.520308107,1.520308107,2.122368098,2.634251459,4.721158605,0
2.775730077,1.798006472,3.839399157,2.894916485,2.400066463,0,3.692876129,4.314541846,2.752248981,3.655338968,3.389071079,0,3.856811959,1.798006472,0,2.342074516,1.496976476,0,3.109760333,0,1.496976476,2.727425398,4.366208196,2.839399157,3.041044521,0,1.798006472
0,2.705126125,3.120099473,3.24294522,0,0,3.24294522,4.189425965,2.40409613,3.649608797,3.236605042,0,2.682849731,2.006156121,2.006156121,2.445488815,0,3.189425965,2.24919417,2.705126125,1.881217384,2.881217384,4.551463237,3.111666306,3.196487819,2.103066134,1.881217384
0,1.854578267,3.072062211,3.488046722,0,0,2.968521619,2.252518276,3.030669526,4.036421855,0,0,0,1.553548271,0,0,0,0,0,4.809543998,3.586972027,2.984912035,1.854578267,2.553548271,3.46203329,0,0
0,0,3.454239441,3.839590323,0,0,3.362469068,4.536853863,3.086262656,3.983278495,3.035110134,0,0,0,0,0,0,0,0,0,0,0,2.609141401,2.433050142,2.910171397,0,0
1.613212195,1.613212195,3.353574885,3.604438271,1.914242191,0,2.8684847,3.998818469,2.654604881,3.59998393,2.914242191,1.914242191,2.891965796,1.613212195,2.789303454,2.654604881,1.914242191,2.567454705,1.914242191,2.215272187,1.613212195,3.3121822,3.028185543,4.704175272,2.789303454,1.613212195,0
1.542696539,2.387794579,3.698032576,2.957669887,0,0,3.019817794,2.320847789,3.520420144,4.223937776,2.621877785,0,1.542696539,0,2.496939048,2.241666543,0,0,1.843726534,3.09899904,3.501737931,3.387794579,3.258699882,3.110898263,4.808692909,0,0
0,2.185970939,3.469272167,3.19457111,0,0,2.918364698,4.042095383,3.203004278,4.057543874,3.833353909,0,2.809220229,0,2.441243444,1.78803093,2.332098974,4.06792591,3.168242172,1.964122189,2.089060926,2.742273439,2.441243444,4.445086783,3.257852946,1.964122189,2.809220229
1.740896113,0,3.496770969,2.740896113,0,0,3.805354103,3.704683941,3.592154462,3.963612585,3.102623949,0,2.854839466,0,2.218017368,2.820077359,0,2.218017368,2.695138623,3.155869461,2.695138623,3.412993971,3.121107355,2.695138623,4.458566616,0,0
0,2.554707231,2.962192557,3.105614699,1.600464721,0,3.144532765,3.62165402,3.118978661,4.135758841,3.324740591,1.600464721,2.503554708,0,1.901494717,3.233933177,1.901494717,0,0,2.922684016,3.233933177,4.313955264,3.144532765,3.047622752,3.168666445,0,0
1.579432047,2.181492039,4.038824535,3.47152665,1.579432047,0,3.454493311,3.46024564,3.508850973,4.234570482,2.357583298,0,3.49851014,0,2.809880969,2.181492039,0,0,0,4.297933736,3.097945987,1.880462043,2.809880969,2.834704552,3.202681338,0,0
0,0,2.967419514,3.422264374,0,0,2.511487558,0,3.444540768,4.190135985,1.967419514,0,0,0,2.268449509,2.569479505,0,2.745570764,0,3.429817511,3.727087358,2.988608813,3.839575786,3.630177345,4.393930775,0,0
0,2.572546351,3.923347963,3.813808141,0,0,3.483323166,2.426418315,3.736048482,4.354814167,2.329508302,0,3.295650035,0,0,2.204569565,0,0,0,3.608261903,3.68169082,1.727448311,0,2.630538298,2.768840996,0,0
0,2.616871614,3.461969654,3.20514332,2.755174312,0,2.917901609,3.326565483,3.337030917,4.077393607,3.552630717,0,1.713781627,0,0,2.827724979,1.713781627,1.713781627,2.315841618,2.014811622,2.412751631,4.379362618,2.014811622,1.713781627,2.558879667,2.190902881,0
0,2.353808081,3.654838076,3.609080586,0,0,2.256898068,3.288306532,3.46101805,4.556840968,3.775412008,1.955868072,2.131959331,3.499936116,3.794717163,2.499936116,0,1.955868072,2.256898068,2.353808081,2.955868072,2.557928063,0,2.131959331,2.654838076,0,0
1.630201762,0,3.740791472,4.046842269,0,0,3.362595522,4.1257461,2.834321745,3.860650683,2.776329798,0,0,0,1.630201762,2.232261753,1.630201762,0,1.931231758,1.630201762,2.107323017,2.329171766,4.351187506,2.475299802,2.630201762,0,1.630201762
0,2.177670616,3.001579357,3.256851862,0,0,2.979302963,3.478700612,3.729933139,4.319642692,1.700549362,0,1.700549362,0,2.302609353,2.700549362,0,0,0,2.814492714,3.080760603,3.603639349,4.579645241,3.408119538,3.725855227,3.080760603,1.700549362
2.919692049,3.712566557,4.512672383,3.478483351,0,0,3.401776724,3.435017657,3.612630089,4.306098753,1.758324047,0,2.712566557,0,1.457294052,2.411536561,0,2.633385311,2.235445302,3.927116068,3.220722045,1.758324047,3.674777996,2.411536561,3.256634601,0,1.457294052
2.087976442,2.953277869,3.853893236,3.381707199,0,0,3.667760039,3.374283181,3.560245194,4.438224461,3.154923232,0,3.264067701,1.911885183,2.690036434,2.991066429,2.309825192,3.497345913,0,3.894156416,4.220449597,3.116005166,2.565097697,2.72479854,3.922609049,0,2.455953228
3.225631358,2.727320804,4.001478654,3.166653498,0,0,2.994492533,4.039074665,2.970358853,3.975294071,2.380533318,0,3.218682498,1.426290809,2.681563314,3.523200822,1.727320804,0,0,2.681563314,2.841264157,4.590941025,3.252365611,3.150566678,3.490748798,2.970358853,0
0,1.967589439,3.699983199,3.24634304,0,0,3.56964943,3.752919274,2.905441532,4.002351545,2.444710694,0,3.617572982,1.79149818,1.967589439,2.905441532,1.79149818,2.444710694,1.967589439,2.995618162,3.12393664,2.745740689,2.720917106,3.449509576,4.746222971,0,0
0,2.834032288,3.470854385,3.547242731,0,0,3.180819774,3.685969752,3.465250508,4.102506249,1.879789778,0,2.48184977,1.578759783,1.578759783,2.657941029,0,2.857513383,2.055881037,4.47029724,2.809208704,1.578759783,3.1102387,3.04115778,3.442082643,0,3.286329959
2.81436514,4.091035789,4.138460439,3.170912463,2.551123705,0,3.02824496,3.906511363,3.095191749,3.912851541,3.07400245,0,3.115395135,2.250093709,2.07400245,3.153183696,2.250093709,1.772972454,0,2.471942459,1.772972454,4.099308315,3.095191749,3.278122433,2.250093709,1.772972454,0
0,3.023705057,3.081697003,2.822059693,1.479637012,0,3.658613959,2.801856307,3.278977562,4.251224493,2.257788263,1.479637012,0,1.956758267,2.655728271,3.886177193,1.956758267,3.059420609,0,2.593580364,4.003383479,4.195640356,2.780667008,2.710085934,3.965358439,0,2.521029697
1.335042289,2.113193539,3.161117091,2.732982297,2.034012293,0,3.743282254,2.866521206,2.511133548,3.599860112,1.636072284,0,3.23266938,2.180140329,2.78220032,2.414223535,0,2.891344789,0,1.636072284,2.926106896,4.942390065,3.604555233,2.590314794,3.388120732,3.308170142,2.113193539
1.579389176,3.242147007,3.269585256,2.921811857,0,0,2.357540426,3.561660409,2.901608471,3.778046263,2.858142777,0,0,1.579389176,2.181449167,2.27835918,2.27835918,1.579389176,2.357540426,4.443900257,2.482479163,2.357540426,1.880419171,3.041787174,2.27835918,0,2.181449167
0,2.1124941,3.161712123,2.932038036,0,0,2.828497444,1.714554092,3.270856592,4.076281928,1.714554092,1.413524096,0,2.454916781,4.631534139,2.90488579,0,3.337803382,2.527467448,2.367766605,3.889195284,2.413524096,1.890645351,2.527467448,2.015584087,0,0
1.801081865,0,3.270903881,4.306909899,4.205915582,1.500051869,3.403141856,4.113893691,2.102111861,3.326126672,2.77880547,0,2.704171852,2.579233115,3.306231843,3.740601118,3.018565809,2.991413563,1.500051869,1.977173124,3.05635437,2.822271164,2.962449867,2.454294379,3.449441876,0,0
2.088277909,2.088277909,3.920786822,3.951600769,2.088277909,0,2.565399164,3.389307905,3.36703151,4.353095732,3.167459155,2.088277909,2.787247913,2.088277909,0,2.866429159,2.088277909,0,0,4.305761853,0,2.933375949,0,3.167459155,0,0,2.389307905
0,0,3.53600182,3.700061992,0,0,2.22779324,2.954791968,3.093094666,4.024829835,2.864615338,0,0,2.051701981,3.182035749,3.521523997,2.051701981,1.750671985,0,4.682129856,2.704914495,3.695154657,1.750671985,3.29474003,2.896800021,0,2.528823236
0,0,4.003619516,3.265784251,3.137754437,0,3.364538405,3.690596406,3.317962263,4.106903993,2.635079078,0,0,1.894716389,2.195746384,3.265784251,0,0,0,2.547928902,3.149988894,2.894716389,4.450415283,2.872439994,3.432535484,0,0
2.940822962,1.940822962,4.279279455,3.736702979,1.639792966,0,3.669176744,3.33876297,3.102190964,3.753736318,3.594035476,0,2.116914221,0,1.940822962,1.940822962,2.639792966,1.639792966,4.49227296,2.542882953,1.940822962,2.785921002,2.116914221,1.940822962,2.33876297,0,1.940822962
1.473541825,0,3.658233256,3.221729852,3.029844326,0,3.418024497,3.342773545,2.752295426,3.189545169,1.95066308,0,0,0,2.835269661,2.587485177,1.473541825,3.205935585,1.473541825,0,1.473541825,4.633109018,2.552723071,2.95066308,1.774571821,0,2.318639865
0,2.67862091,2.979650906,2.448171989,2.402414498,0,3.120269847,3.555381958,3.588051075,4.445121237,2.809899825,0,1.925293244,0,2.67862091,3.188534678,2.05023198,3.489564674,1.749201984,2.939533683,3.465205328,3.565443284,3.527353235,2.966685929,4.393640574,1.448171989,3.101384503
0,1.812957548,3.854350234,2.873655389,0,0,3.572625393,3.236203422,3.594712923,4.125769375,3.113987544,0,2.113987544,0,2.466170062,2.113987544,0,2.290078803,2.357025593,2.290078803,2.466170062,1.812957548,0,4.254652684,0,0,0
1.855992769,2.45805276,4.323600874,3.694841859,0,0,3.463447792,3.19841545,3.528090627,4.469834591,3.270966117,1.554962773,0,0,2.45805276,3.333114023,0,1.855992769,0,2.668906125,3.418285633,3.887401233,3.418285633,2.759082756,3.528090627,0,0
1.844363401,1.543333405,3.382182496,3.643703951,1.543333405,0,3.55617063,3.871713009,3.424146998,4.191693416,3.034695099,0,0,0,1.543333405,2.446423392,0,0,2.584726091,2.584726091,2.689461441,3.497575915,3.375842318,2.719424665,4.614109868,0,0
2.985388163,2.702841573,3.644849626,2.902413928,0,0,3.688118317,3.191862051,3.203443924,3.883731715,2.322630332,0,1.623660327,1.623660327,2.401811578,3.179962828,0,2.769788363,1.924690323,2.401811578,2.924690323,3.699207289,2.401811578,2.665053013,4.760063776,0,2.225720319
2.151704119,1.373552869,3.036310701,2.60400179,1.97561286,0,3.151704119,2.577672852,1.674582865,2.218650909,2.941754593,0,1.373552869,2.487496221,0,2.072522873,4.792185556,0,1.850674124,0,0,2.65230647,0,0,1.674582865,0,0
2.803151253,2.140393422,4.128059687,3.552013128,0,0,3.370842343,3.054207274,2.763642712,3.834120371,2.972902335,0,0,1.441423417,1.742453413,2.219574668,2.043483409,1.918544672,2.043483409,2.617514677,2.043483409,2.918544672,2.720177018,3.428195152,4.610215438,0,0
2.726314924,1.985952234,3.894437253,3.116286003,2.463073489,0,3.477313928,3.706111538,3.253123963,4.271509543,3.61942069,1.684922239,3.497835595,2.28698223,0,2.764103485,1.684922239,3.162043493,3.802193534,3.328374915,2.684922239,3.308171529,3.917918349,1.684922239,3.689243612,0,2.96367584
0,2.326427519,3.574751164,3.506635344,0,0,3.350561199,3.611663248,3.445117306,4.543911463,3.313838392,1.782359475,2.627457515,2.08338947,2.326427519,3.468101213,1.481329479,2.08338947,1.481329479,2.08338947,3.114797935,4.082302375,1.481329479,1.958450734,2.560510725,1.481329479,0
0,1.949298413,3.19849677,3.47757219,0,0,3.000450935,3.592751089,2.347238421,3.53757012,1.824359676,0,1.648268417,2.250328408,2.426419667,3.372544287,2.046208426,0,1.648268417,2.250328408,2.778602186,4.893781085,3.210561282,3.437143533,3.286757674,0,0
0,2.318903552,2.443842288,2.955725649,2.619933547,0,3.097054802,2.955725649,1.841782297,3.184204978,0,0,0,3.239722306,3.6678571,3.531978377,3.475250752,1.841782297,1.841782297,2.443842288,0,3.612634309,4.876811579,3.531978377,2.841782297,3.273146061,0
0,1.770284889,3.726933469,3.983802646,0,0,3.428296286,3.995594171,3.39867382,4.414723479,2.645346153,1.469254894,3.102723349,0,2.372344881,2.168224898,1.469254894,2.510647579,0,1.770284889,2.645346153,2.372344881,4.545531149,2.61538293,3.529952734,0,0
0,2.681193989,3.681193989,3.158315243,0,0,3.473585678,3.260977585,3.362435226,4.12835202,2.936466494,1.982223984,2.885313971,0,0,2.459345239,0,0,0,2.885313971,3.413587749,2.459345239,3.237496489,1.982223984,3.28325398,0,0
2.730204835,3.086752158,4.398929515,3.546144646,1.68881215,0,2.989842145,3.652599977,3.396382326,4.26745136,2.591902137,0,2.165933404,0,0,1.68881215,0,0,0,2.387782154,2.802755502,2.802755502,3.360910008,2.165933404,3.360910008,0,0
0,2.737903638,3.436873643,3.299846406,1.507454717,0,3.051522761,4.015310589,3.231730586,4.163552919,3.051522761,0,2.711574699,0,1.808484712,1.808484712,0,2.869182553,2.285605967,4.409457608,3.051522761,2.285605967,2.938818481,2.461697226,3.451937389,0,0
0,2.184359171,3.263540417,3.029457211,0,0,2.485389166,3.555427033,3.20554847,4.239355032,2.997272527,0,0,4.289869355,2.997272527,3.463112772,3.113778096,2.786419162,1.883329175,2.184359171,3.661480425,1.883329175,0,2.184359171,2.485389166,0,0
1.601764771,2.446862811,3.434273684,3.254977285,0,0,3.033128536,3.786456202,3.658669623,4.147071888,1.601764771,0,2.981976013,2.601764771,3.033128536,0,2.379916022,3.309334948,1.601764771,0,2.832213693,2.078886026,4.321924075,2.504854758,3.546247444,1.601764771,2.379916022
0,1.970605399,3.538807123,3.379974869,0,0,3.368545408,3.1269526,3.31302808,4.183680224,2.57266539,0,1.970605399,2.57266539,2.095544136,2.835906825,0,3.686608743,2.192454149,4.623174036,3.183680224,3.037552189,2.772237745,3.593854689,3.882650229,0,0
1.504819346,2.805849341,4.022015243,3.220822689,1.504819346,1.504819346,3.666187348,3.750332013,3.304159895,4.223321034,2.735268267,0,3.622090641,2.106879337,3.463860738,3.767270435,2.459061855,3.521852685,2.459061855,4.064725971,2.82703864,2.546212031,1.504819346,3.835233119,3.009969324,0,2.735268267
0,0,3.343292381,2.690079868,0,0,2.088019876,3.420458336,3.760117734,4.667231656,4.047061269,2.264111135,3.109209175,0,1.786989881,1.786989881,0,0,0,3.234147912,0,3.065743481,0,1.786989881,2.900933233,0,0
0,2.016995007,3.556907092,3.619054999,0,0,3.608059614,4.293456811,3.247443929,4.377462191,2.44296374,2.016995007,2.238843757,1.539873753,0,2.238843757,1.539873753,0,0,2.44296374,2.901601589,2.770322674,3.840903748,2.494116262,4.323062444,0,0
0,1.879565372,3.402444118,3.499354131,0,0,3.208624092,2.946512162,3.035912573,4.12835575,1.879565372,0,1.703474113,1.879565372,2.305534105,3.609269994,1.402444118,0,1.402444118,4.579403098,4.007749164,3.837013022,2.764171954,3.055656631,3.667261941,0,0
0,2.737382818,3.582480858,3.110963481,0,0,3.093930142,4.005620301,3.127353897,3.874967081,1.997020129,0,3.093930142,0,1.695990133,2.298050125,0,3.420266003,0,2.926439055,2.298050125,3.481319968,4.360632109,3.158388131,3.173111388,1.997020129,3.329458589
0,1.466116142,2.545297388,3.022418643,0,0,3.487305441,4.07783945,2.997595059,3.737957749,3.792452003,0,1.767146138,2.642207401,2.420358652,3.206478832,2.244267393,1.466116142,4.467849855,2.670236125,2.466116142,2.897479906,1.466116142,3.363743234,3.519194586,0,0
2.980070602,2.268866141,4.358771253,3.922078655,0,0,3.499315063,2.955247018,3.105009339,4.048050197,2.569896137,0,1.724798097,2.025828093,3.025828093,3.321395192,1.724798097,2.122738106,1.423768101,1.423768101,3.321395192,4.345454577,2.122738106,2.537711453,2.870926133,0,0
0,1.610166148,2.087287402,2.212226139,0,0,2.455264188,1.911196143,3.8060658,4.224007969,2.513256135,0,0,0,0,0,0,0,0,1.610166148,4.493827583,0,2.212226139,2.388317398,2.212226139,0,0
0,2.434858484,3.068326939,2.279956524,0,0,3.434858484,2.133828488,3.51403973,4.208644929,3.460164349,1.434858484,2.58098652,2.133828488,2.610949743,3.234199033,1.434858484,3.994765109,2.882016515,4.645979025,3.198286477,2.966337401,1.73588848,2.665307405,3.542068454,0,0
0,2.026269634,3.378452153,3.216601333,0,0,3.517631328,3.32729963,3.32729963,4.148485513,2.32729963,0,2.804420885,1.725239639,2.628329626,3.026269634,1.725239639,0,0,0,3.531419613,4.47805607,3.432809815,0,3.156603403,2.980512144,2.026269634
1.580308541,0,3.351160553,3.336183397,0,0,3.419157632,3.633386985,3.233521055,4.297146265,2.835581047,1.580308541,2.279278546,4.173594609,2.659489788,3.336183397,2.810757463,0,0,3.399852477,3.609692319,2.756399801,2.534551051,3.399852477,4.137815743,0,0
0,2.384243946,3.467427935,3.743868657,0,0,3.451190736,4.036382802,3.08321395,4.074440026,2.333091424,0,3.956340714,2.810212678,1.731031432,0,0,2.032061428,2.430001437,2.892399435,2.827941445,3.137571613,4.62256889,2.791729273,3.866164084,0,2.208152687
3.53375981,1.562948199,3.966926162,2.977921547,1.261918203,0,3.551952814,2.895386659,2.562948199,3.408046239,2.642129445,0,0,3.61985305,2.584137498,2.8417018,4.665210348,2.107016243,0,0,3.348278034,0,0,3.270518375,1.562948199,1.562948199,0
1.872610087,2.802029013,3.958969918,2.802029013,0,0,3.657939922,2.802029013,3.243677949,4.222858105,2.173640083,0,0,0,1.872610087,3.127882592,0,1.571580091,0,1.571580091,3.778405967,2.270550096,2.173640083,4.349006914,2.914002772,0,0
1.925922635,1.925922635,3.71125247,2.986620475,0,0,3.611664373,3.116254333,3.91492725,4.518099392,2.947111934,0,2.579135148,0,2.829012622,2.102013894,2.22695263,3.258361095,1.624892639,2.624892639,3.130042617,2.666285324,2.90364624,4.012282465,3.437805996,0,0
3.15592242,3.528308325,4.198722869,3.088975631,2.009794385,0,3.398960469,3.890607977,3.494094224,4.182980653,3.227278329,0,3.371522221,0,0,2.663006899,0,0,0,0,2.884855648,2.611854376,2.48691564,1.708764389,3.26506689,2.009794385,0
0,1.410822544,3.556950579,2.902184237,0,0,3.687284348,2.929336483,2.586913803,3.482704551,1.711852539,0,0,1.410822544,2.313912531,2.49000379,1.711852539,0,0,0,1.711852539,1.887943798,2.452215229,2.614942526,2.808762552,4.927490103,0
0,2.213873503,3.946267263,3.80493811,0,0,2.514903499,3.74535242,3.058971543,4.046382416,2.213873503,0,0,0,3.628846851,3.469146008,0,2.992024753,0,2.514903499,3.168116012,4.310783516,2.815933494,4.046382416,3.11696349,0,3.058971543
1.91493668,2.215966676,3.32430615,3.193690281,1.437815425,0,3.660531896,3.230207115,2.835755434,3.801427405,2.039875417,0,2.47920811,1.437815425,1.437815425,2.583943461,0,3.071283881,2.956329365,3.406298374,2.91493668,2.852788773,2.392057935,3.162091295,4.799920744,0,2.340905412
3.029776225,3.054599809,3.896237317,3.141749984,0,0,3.680140896,2.644425344,3.304477282,4.024636585,1.799327304,0,2.945455339,0,0,3.054599809,0,0,0,2.644425344,3.631836216,4.451573645,2.100357299,2.702417291,3.951615648,0,0
0,2.416752632,3.741916307,2.850408193,0,0,2.872684587,3.127957093,3.778480468,4.778210636,4.065809186,1.872684587,2.826927097,0,0,0,0,0,0,2.349805842,1.872684587,1.872684587,0,1.571654592,2.048775847,0,0
0,1.855228148,3.098266196,2.855228148,2.031319407,0,3.05934813,3.706486496,3.001356183,3.900551127,4.300832351,0,2.156258143,3.74452985,1.554198152,2.633379398,2.758318135,0,4.166982009,2.156258143,1.855228148,2.253168156,1.855228148,2.832951753,3.253168156,0,0
0,1.896449406,3.302989587,3.186484018,1.595419411,0,2.709362763,3.835968659,2.595419411,3.563902359,1.595419411,0,1.595419411,2.072540665,1.896449406,2.197479402,1.595419411,0,1.595419411,2.498509398,1.595419411,2.874173012,4.798724327,2.957147247,3.010392759,0,1.595419411
0,2.156045037,3.587408801,3.449775794,2.156045037,0,3.170285476,2.979953778,3.758105028,4.482380898,0,0,0,0,1.979953778,2.457075033,0,0,0,2.156045037,3.559737375,2.457075033,3.302173073,3.369119862,4.457075033,0,0
1.923122998,2.224152993,3.86264225,3.201876599,0,0,2.400244252,3.900846603,2.701274248,3.576335511,2.224152993,0,2.701274248,0,0,2.224152993,1.923122998,0,2.768221038,0,1.923122998,3.099214257,3.284850834,4.192635942,3.454601915,0,0
0,2.000222633,3.284653367,3.398162642,1.699192637,0,2.352405151,3.290257244,2.90331262,3.988112243,2.720381936,0,1.699192637,1.398162642,2.699192637,3.217706577,0,0,2.000222633,4.744906696,2.79610265,3.406762813,2.243260682,3.060920473,3.473709603,1.875283896,0
