HM_1,HM_2,HM_3,HM_4,HM_5,HM_6,HM_7,HM_8,HM_9,HM_10,HM_11,HM_12,HM_13,HM_14,HM_15,HM_16,HM_17
1.4610864105435,1.32244264824506,1.1078133917323,1.19080237444219,1.65226600182669,1.49607807823993,1.40395945134611,1.67862241937631,1.08923267270012,1.27250709263459,1.30453751303908,1.70357683479426,1.77671912415892,1.16994423655896,1.18091760378421,1.1278180592546,1.39777524284617
1.46370150423737,1.3385377451618,1.10766924879603,1.18941941065663,1.64327882958217,1.48931778161321,1.40138144708171,1.67492901893083,1.09039268951378,2.44903653068106,1.29707913809655,1.70541393986064,1.78527097609438,1.16885902966301,1.1830233547474,1.14045393741072,1.39301501453727
1.46197722328342,1.33102498649355,1.10680578268986,1.19471170093505,1.64746690877388,1.49173842155471,1.40360164610212,1.6790192802023,1.09149512448975,2.09470850207608,1.3020439739874,1.70825147921173,1.77749746670625,1.16966055207473,1.1848279332848,1.14156608674119,1.39841285777729
1.45020046139515,1.33029716942403,1.11407954853455,1.18546895603353,1.64023395668207,1.50457244488113,1.40684667031019,1.65894428917022,1.09489564690961,2.16528806296375,1.29649303491312,1.70902189225866,1.78731156582458,1.1821924973486,1.17968930557931,1.14195673029697,1.40473603978345
1.45882044266478,1.34383633517111,1.10848294486832,1.18996900837259,1.6379317614774,1.48930090567813,1.41694434209367,1.67705885007475,1.08266364704071,2.03469510687009,1.30289309108748,1.70090006809098,1.78170942086202,1.1856311656359,1.17330691678807,1.14515125054551,1.40281323022673
1.46016489405452,1.33761209406994,1.11040171361049,1.19148267639729,1.64615010096716,1.4800646488591,1.41178431753516,1.6632246214908,1.09741737976392,2.66048765564778,1.2910366097654,1.70204351956077,1.79107102331362,1.16642814108786,1.1688208292875,1.14111273914201,1.39221453295735
1.46078040012475,1.33972669750384,1.11477360107652,1.18884364558582,1.65930344237917,1.49452063970957,1.40774357052941,1.66911055671332,1.09295955914863,1.97320613839429,1.2942513548607,1.70282988752491,1.77802209237849,1.17578947030812,1.18179442192244,1.1459788594895,1.39847243452206
1.45987481011948,1.34087445494917,1.10766195599409,1.18735678813795,1.64075223152242,1.4849928142715,1.4009223920049,1.67935181908865,1.0879969488459,2.44437840193421,1.30516142942237,1.70943191891083,1.7796438542034,1.16908250734994,1.1830881448752,1.1354815149434,1.39769739449016
1.46228447236621,1.3312917655245,1.10780116137622,1.19488090698625,1.65057423578058,1.49617852394927,1.40304756047966,1.66985920809525,1.08645051439464,1.92362717469521,1.29091422761374,1.70321045865612,1.7842739365785,1.17518808691652,1.18332711670548,1.14434202160515,1.39189248892062
1.46504478195307,1.33631827702935,1.11203093704088,1.19237053639234,1.64921796238229,1.49187534141519,1.40429050303153,1.67427697256924,1.08577249713261,1.98427755300383,1.29694572819711,1.7048200353768,1.77882437649586,1.16932537766419,1.18022235307866,1.1354836886812,1.39399665868224
1.46720943650152,1.33631007179727,1.11536118043189,1.19073787589631,1.64378171396029,1.49459119998764,1.40463694539582,1.6715036669907,1.08944254443765,2.18772386850998,1.29614602575921,1.7092580364631,1.79273436603536,1.1672949555767,1.18615172756115,1.13952306709061,1.39346572567996
1.44804753660147,1.33448189943136,1.10519097811862,1.19082501522055,1.63839193451429,1.48728487752828,1.40302451765628,1.6759004633048,1.08172031872119,2.05378723384054,1.30757677081946,1.69774981708667,1.79405919296353,1.17306928336364,1.18400575246978,1.14236761332433,1.40907495456816
1.45862160805279,1.34146123936422,1.10704222706932,1.19024338043915,1.64589814132412,1.49267265320058,1.39908712027637,1.66887069889142,1.07979423084032,2.70549464333046,1.29436650974365,1.69811176873081,1.78597975877748,1.17068986519621,1.18134610378664,1.12720744851763,1.40183471457143
1.46459320111628,1.33698880250415,1.11503771939485,1.18481581245276,1.6400494993162,1.4846282025785,1.40249461881072,1.67411416442399,1.08610640242818,2.29031998827921,1.30112121603383,1.70367372717434,1.7862365433873,1.16473395500125,1.18059112843112,1.13955099795834,1.39552039542759
1.46194137998349,1.33982998546167,1.11417634526892,1.18648026261584,1.63820441319979,1.48914021756283,1.40485839379476,1.67348718173717,1.08044988483276,2.07470482695607,1.31293965150858,1.70893946016359,1.78242570548906,1.16450299959707,1.17973269144557,1.14227166759174,1.40178312727461
1.46557154083954,1.33694022876037,1.10834797409181,1.19348972390913,1.64620905363587,1.49445414456008,1.40371266595766,1.67377823535523,1.08878015552903,2.31105817824704,1.29649866891962,1.70214705432564,1.78358453000424,1.16839789466964,1.18192272173885,1.1372795689335,1.39540618415007
1.46863977225568,1.33481067665059,1.10887585944141,1.19301526415492,1.64712281916197,1.49105970289473,1.40372583520725,1.67129809760692,1.08781022385466,2.12625222600281,1.29797172390211,1.70639304444208,1.78117355456643,1.16217412361831,1.18158457476371,1.13331659259267,1.39915134625413
1.45853787367927,1.33568856763644,1.11173381525442,1.18786936970048,1.64229704856136,1.49225755590202,1.40064332123391,1.67009911699732,1.08831793307976,2.38369980800663,1.29952714696987,1.70191531140968,1.78395042438699,1.16916879240818,1.18486708435396,1.1414837379383,1.39927512856385
1.46796761468452,1.33812807496503,1.10844063545949,1.18769244888846,1.64933007601172,1.48938101083524,1.39579370645144,1.673320597367,1.0932515380646,2.34304425287546,1.29443653553244,1.70498291081173,1.7735429788585,1.16532389123905,1.18073858495587,1.14071783246038,1.39615723683567
1.46165720037658,1.33755843669237,1.11332559158615,1.18932156051851,1.64235813609707,1.49002765242087,1.40816270162174,1.67291961016507,1.08339555556343,2.11120782854167,1.30316789332706,1.70674674295338,1.78256834621625,1.16895859187762,1.18021118818358,1.13822847496905,1.39563392847641
1.46745969582362,1.34230893289795,1.10911635756211,1.18762084379351,1.65386327469784,1.50108190109108,1.4007420748885,1.68018401675545,1.08835707702743,1.88870462813192,1.29637545222548,1.70656664265248,1.78079202558733,1.16512445309075,1.18433221719977,1.13513541701342,1.39558903919255
1.4614137764327,1.3486973538706,1.10978222431998,1.18643305936316,1.64463872058083,1.48753928251374,1.40889775588206,1.67464053263992,1.09128457585716,2.05204449168788,1.31264312176686,1.70406482645829,1.77411228030762,1.17894439432325,1.18077473213153,1.13453311205491,1.39896874170371
1.46070661861134,1.3316909466173,1.10921618574779,1.1929199622756,1.65549329581172,1.50122671263456,1.40235251583267,1.67121944718189,1.09052473601131,1.92796013996425,1.29220529163081,1.70340882097424,1.78524665437244,1.17614473580829,1.18555529838603,1.14652914325997,1.39761636243987
1.46514737767373,1.33862014945724,1.11037607899807,1.19311834652252,1.64743911629672,1.49093341917481,1.40452992000268,1.67058308506499,1.08840971861171,2.2523828317502,1.29494513315073,1.70444641371913,1.78165637444163,1.16815305308128,1.1800502777774,1.13811845650262,1.39457221186024
1.46728990637777,1.3409222174959,1.10862555706325,1.19001468080177,1.64591278362453,1.49551457704349,1.40310942898038,1.67820059183985,1.09132616632209,2.19469451321532,1.29428969173875,1.70731505854445,1.78120443955913,1.16423754137781,1.18253553857275,1.13605130776906,1.39824924532912
1.46774722409282,1.33994746623756,1.1086354344039,1.20584334070781,1.65151312610991,1.49868412145393,1.40280648598188,1.67139576705388,1.09102474168222,1.94421601685803,1.29818836028143,1.69968393429081,1.77972418075595,1.16719486233663,1.18573477660064,1.13381412008982,1.41063426888713
1.46131201013844,1.33978739936804,1.11171782720312,1.18833221751574,1.6460392921311,1.49270237774294,1.4011302665025,1.67612838441997,1.08866964472566,2.20978392219527,1.2987667292545,1.70529639125186,1.78325507535216,1.16604768244336,1.18324171473174,1.13501040705138,1.39356062900916
1.46238194906375,1.33854647110923,1.112689005986,1.19309095320506,1.65029478364564,1.49682864370716,1.4046645587449,1.67040151039005,1.08947212193671,2.03633696684783,1.29476310810106,1.70312587339382,1.77956020176294,1.17033386197903,1.18513445490833,1.14276959856737,1.39619286210439
1.46228803335561,1.33850405338695,1.10788344733789,1.19131986850609,1.64986761891321,1.49630462253174,1.40019071994154,1.67034893932341,1.08697968639888,2.35367320344301,1.29457902774877,1.69761172011267,1.78300918614045,1.17101656027438,1.18345491574655,1.13762041325126,1.40146619330896
1.46052101921264,1.34169356669424,1.11442881965544,1.18981599351917,1.65565124199751,1.4877127716851,1.40761152662672,1.66688177986478,1.09493605529396,2.14898100374134,1.29194094880039,1.7049756884073,1.7820779579094,1.16554440544189,1.17496512005734,1.13627119138019,1.39547279755611
1.45914841516005,1.33847180454195,1.11983851183755,1.18687770823316,1.6393101412853,1.48497885329777,1.40603317825599,1.66965104920029,1.0843449444878,1.99489112820075,1.3055951613429,1.69967351266905,1.78745894828868,1.16956845164417,1.18984158792676,1.15117414094268,1.39196301830625
1.45947024972071,1.3327350862925,1.10394266662531,1.18323919841174,1.65171137139053,1.49255508678878,1.40454856400726,1.66558619295286,1.09876612710859,2.34261404963224,1.2906149256419,1.71223269551517,1.78806710659373,1.1714564680192,1.17506206845844,1.14305012125375,1.40700990857709
1.46725760508337,1.33495465131472,1.10256137937037,1.19240671573116,1.64879302279191,1.49801666489821,1.40566642223078,1.67241878759865,1.08913992568857,2.43038539073113,1.29425644155967,1.70229329710598,1.78249206797803,1.17159063338238,1.18643948770623,1.14345037025081,1.39987475058914
1.46278497304756,1.34201729010309,1.10997837563794,1.18954655434722,1.64112525070989,1.48933652968825,1.40576844975782,1.67443341931648,1.08907622812651,2.28167356660283,1.29775278998861,1.70671634205493,1.78213771491103,1.16727229032555,1.18273231695334,1.13272961653846,1.39752845644734
1.46695428255411,1.33789694036657,1.11250809413965,1.19392754427753,1.64872940731764,1.49089356914545,1.40553899948065,1.67555005486123,1.08537233331122,2.03947067210281,1.29837637314137,1.70644769923452,1.77901644004319,1.16731248724713,1.17682514496632,1.13447036462046,1.39569089447278
1.46900360707882,1.3403738791507,1.11385491788849,1.19349491061506,1.64374794246024,1.49415561097546,1.40324969809106,1.67340163791157,1.08179273956018,2.18243990532025,1.29850005450793,1.69893407628001,1.78004101681032,1.16439441279305,1.1828486296248,1.13319126127599,1.39676189598976
1.46367747082064,1.3377220218293,1.11033746964602,1.18646195737098,1.6475832734117,1.49076055513463,1.40111936252251,1.67494845521657,1.08819851810926,2.4275195884678,1.29226052206305,1.70033432629097,1.78616591530853,1.16906029419852,1.18106191591067,1.13067544291134,1.40088318805705
1.46703059322532,1.34396015783049,1.11300720841902,1.18610373466298,1.63831786285681,1.48205775363389,1.39750207550164,1.67452337632929,1.09327717516859,2.32010764511805,1.30682847968982,1.70326687747407,1.77537846597082,1.17378379846836,1.17890592144478,1.12661408068752,1.39999748197961
1.46301974898253,1.33317691175117,1.10867596062503,1.19288638203949,1.65112309561253,1.4944343545757,1.40146613058831,1.67842018909636,1.09222194942195,1.51024811078683,1.30195868466595,1.71271567660282,1.77666680616832,1.17075258235648,1.18455307787923,1.12783993511032,1.39404020117174
1.46330365161903,1.33983667533473,1.10689572249991,1.1928154556338,1.6417432712839,1.49151740765224,1.40953908998572,1.6781522384313,1.08556582846396,2.25266274459265,1.30021215456749,1.70653317238251,1.78237183575798,1.17024240255517,1.17844654168746,1.13318151233604,1.39468324843945
1.46201221983789,1.33359265290473,1.11543623453566,1.18944556852191,1.64384980973369,1.47942210753367,1.40350329729717,1.67141055901468,1.08257016985123,2.10112789303426,1.29912674019406,1.70212723635133,1.78438923031405,1.17104461662651,1.18799486404956,1.14874981018587,1.39560473357537
1.4655454631921,1.33756877339964,1.11293817382508,1.1876564603933,1.63784229929674,1.49148167503777,1.40226567119963,1.67820734264725,1.09772174083285,2.42451984062739,1.28803226315953,1.71146616032132,1.78583852630194,1.15233795261619,1.18271902807025,1.13263873872861,1.39865226382344
1.46221186735609,1.3389785118649,1.11689939505958,1.19669445574207,1.65011716736703,1.49529615901141,1.40412238914792,1.67080550061629,1.09219395635206,1.89089086651879,1.29110966885545,1.70732040255227,1.77809800584171,1.1646233616266,1.1881618787637,1.14161959529522,1.39583828778873
1.4659247427318,1.33861765727289,1.11127075555687,1.19317800768832,1.64219880507662,1.49533007527996,1.40366626357084,1.67506631855777,1.08353956941276,2.35883697795374,1.29311976896826,1.70035978707896,1.78657957125486,1.1665555531467,1.18302272251703,1.13665147793689,1.3983926546121
1.46415133922815,1.34353049798297,1.11051759758524,1.18623072776667,1.63667740703967,1.4853402490809,1.41145054013552,1.67190789146688,1.08178588851738,1.99491330668823,1.31665494305123,1.71233117769509,1.77808732574188,1.16634451958629,1.18224382338226,1.13093329993535,1.39607335572246
1.46692288042618,1.3297976425508,1.11745795096769,1.19061462081126,1.6509870679655,1.48674597068905,1.40013455430492,1.67750848862729,1.08549244180009,1.9597345538864,1.29907609549683,1.7062989720054,1.77923329954791,1.16577739651166,1.17951082618379,1.13408697413531,1.39050931227882
1.45936796737352,1.33907469426439,1.12082239611339,1.18005912924504,1.63594743082238,1.49965962372961,1.39807362077811,1.67823240484644,1.09049192844361,2.36425539815501,1.29115622627288,1.70414311802555,1.79238563128386,1.14987946429576,1.18428542574781,1.13785282897498,1.39655151539325
1.47247006523255,1.33549587028726,1.11306441727173,1.1853904973875,1.64339397750379,1.48916413043924,1.39399468897996,1.67395919646423,1.09386920100804,1.50668661187578,1.2936998842274,1.71329831858941,1.78558663825803,1.16405038839848,1.19422704316049,1.12756623600428,1.39801255552612
1.46263164959913,1.34232135552794,1.11207033865097,1.1925359314879,1.64627606012929,1.49101110462604,1.40550712224019,1.67206782908735,1.08513492334868,2.27734939512803,1.30107426413842,1.70718051875911,1.78121689512155,1.16840129233205,1.17654760582486,1.138598849177,1.39434873298486
1.45804301697267,1.33492226431499,1.12849260411705,1.1995355679344,1.64232516939305,1.49664433170451,1.39875674275466,1.66291317473028,1.09326590443081,1.26697907554541,1.31602797615443,1.69131515575848,1.78610389575469,1.17246696557244,1.18957812111658,1.12624783002463,1.3774315867536
1.46517011276246,1.33790185474753,1.10816425567718,1.19369355489316,1.6462058681895,1.49186189525643,1.40531256012618,1.67222231815563,1.09069559541579,2.35496362186769,1.29410479439782,1.70566622019105,1.78368243329116,1.16979586191611,1.18103456995017,1.13930817917469,1.39350358498511
1.46114391153023,1.33807771176645,1.11305590317383,1.19026909751964,1.65037803516426,1.49018588224794,1.40397803514159,1.67807392007994,1.08476795647202,1.85344083172615,1.30087789772158,1.70243341252587,1.77717003349833,1.1724253126869,1.17810242534489,1.1353865239566,1.39326261788778
1.46325500142702,1.33018893871873,1.11009619360896,1.19029532427634,1.65213180826568,1.49021735795873,1.40426483471482,1.6761696167261,1.09151303053563,1.95724999122348,1.29796508749962,1.70359751546623,1.78192665696905,1.16886166721143,1.18461374759806,1.14280886063029,1.39326474015865
1.46241267519528,1.33692996579928,1.11221624155462,1.18985388484397,1.64427233442933,1.49314233756386,1.40653843971109,1.67598003894292,1.08471182747208,2.38732643369902,1.29448873571029,1.70102550864122,1.78499807284401,1.17234430070877,1.18170202041493,1.13988579666421,1.39702396190243
1.45739351724538,1.33524417404206,1.11159404536803,1.19225959601902,1.6427010156428,1.49323664114592,1.40485350867722,1.66992641172586,1.09047660073999,2.38645742394662,1.29853300604673,1.698919015849,1.79012063269296,1.1683814986688,1.18221420161771,1.13583269567574,1.39105854558174
1.46176220293752,1.33946735335785,1.1047241322124,1.1887077671478,1.64189829789703,1.48738406188687,1.40425154145924,1.67351334179198,1.08187456365818,2.35189866697589,1.29707501036508,1.70634612614641,1.77993482215534,1.16671066648535,1.18209184986026,1.14563077315928,1.38878323970288
1.46916530557268,1.33126045925811,1.10558981497817,1.20516347901736,1.65799442621811,1.4954219120241,1.3952444914765,1.66991649535422,1.07737906659633,1.76737187580158,1.30127789342465,1.68747779522304,1.79177769381114,1.15588181467377,1.18122624268694,1.13001478142924,1.38986439728082
1.46823546281813,1.34054555012482,1.11294529559482,1.18664687557485,1.65436688427882,1.50164122036558,1.39860508135035,1.68488451398419,1.09527115627266,1.72312111752721,1.29396542240801,1.70806536516907,1.77689147321437,1.15901706029574,1.18786768628395,1.13533245640854,1.40041643976432
1.46265754562932,1.33507238078245,1.10732364712021,1.18760839925061,1.65041577319946,1.49103793789247,1.40134318391362,1.67632251002721,1.0911920459501,2.52966812882434,1.29974672113763,1.69992149143455,1.78853927096065,1.16612250132216,1.18449871784656,1.13222062645658,1.40827577218119
1.46055623205098,1.33921306150685,1.1001487227798,1.1954849444152,1.64598296491127,1.48962342572177,1.40466704090577,1.67907486751382,1.08652807747898,2.20064221080004,1.29607464111015,1.70262348993589,1.77472102355053,1.16541945062591,1.17903595682349,1.13798158553583,1.38728409993242
1.46662174018151,1.32733276886515,1.11331831624508,1.20170037286306,1.64362859926914,1.50012120889679,1.3980190367828,1.68158059624658,1.07257812870274,1.77786856142764,1.30545856218034,1.70888085152392,1.78127244833239,1.17317973210373,1.18680674635481,1.13555700698798,1.39566271242648
1.46238693314393,1.33412543297527,1.10902320102621,1.19245991178463,1.64593904513193,1.48448229102407,1.39996687583517,1.65043187092217,1.07630139095517,2.27808453760056,1.30209620747778,1.70888916897968,1.79753739158825,1.15862639377157,1.19341419463857,1.14064117869338,1.39071469932512
1.46414965802255,1.34128519881538,1.10899800922967,1.18981610975007,1.644278830795,1.49300635383233,1.40091846581149,1.67779674151121,1.08979870076604,2.35444333485521,1.29625868039053,1.70677629436548,1.78510892078026,1.16722839860179,1.1850797603247,1.13539199826775,1.3987781316814
1.46034020158322,1.34082545303777,1.11110180592972,1.18704681891241,1.63795468488082,1.48539987039736,1.40334945211946,1.67226661865125,1.08576732797813,2.2597005972676,1.30572663120711,1.70219340397016,1.78558446659198,1.16644415994516,1.18431872020767,1.14840891594251,1.39374950426853
1.46210774530333,1.3372480065093,1.11148801784083,1.19054270017509,1.64597633041838,1.49440106409816,1.40749020804414,1.67268759408322,1.08468899583943,2.07767757819291,1.29193730002759,1.70290019348841,1.78443296113086,1.17218030062908,1.18408557318254,1.1478175032529,1.39469663233384
1.46427232744666,1.34689626459484,1.10659984388295,1.18681378491964,1.64327970004691,1.49436801333263,1.4042876979018,1.67181966465964,1.08192480733246,2.52832461600173,1.28945221612095,1.69861720705334,1.78702262372533,1.16511342134846,1.1811128717588,1.12824808257085,1.40206331491995
1.46440684130933,1.33122831437504,1.11037201315796,1.18746778846542,1.65066447697636,1.49278719092584,1.40515827946472,1.66770802000316,1.0935671113435,2.24458949556171,1.29461463222987,1.71566267795659,1.78376491456177,1.16516033718526,1.17486931291071,1.14216079429777,1.40103936111187
1.46548233841082,1.33552479557409,1.11352130081939,1.1815545673537,1.64007102505332,1.4862833118424,1.40557949898482,1.66560194780684,1.09219395977187,2.2959608413101,1.29624784463212,1.70278606066062,1.78533250815848,1.16660610355213,1.18588933719714,1.14117850120294,1.39394134822512
1.4662530451026,1.33944800255248,1.11005473388027,1.19307008164601,1.64507728795078,1.48866098947584,1.40604223781755,1.66774689018078,1.08612573157882,2.42793305018606,1.29518406094835,1.70526900963475,1.78551565632826,1.16818858692103,1.17658224865431,1.13854707792468,1.39420133898021
1.46160139080715,1.32803371381302,1.12076924973039,1.19626754021113,1.64763083120455,1.47883413331073,1.3925216434188,1.6688456091009,1.08253819385246,2.4336320869257,1.29429927236807,1.70338917087961,1.79201181272061,1.16105551873668,1.1841143432978,1.13048542312373,1.39509652436745
1.45383171079598,1.34347343211699,1.10688945338715,1.18340902513344,1.64960602819088,1.49439081740952,1.39733420141184,1.6665788102192,1.08422260160169,2.8795479865629,1.29073090108973,1.69393310982993,1.789159464904,1.17511902078319,1.18468996407872,1.12567066001781,1.40878844466619
1.46391186512564,1.33692665621668,1.10930844361442,1.1925394587537,1.64952162548651,1.49795574277535,1.40486061003608,1.66922381169242,1.08657375259068,2.11238873054152,1.29521720195628,1.698383972742,1.77977160566554,1.17330956772119,1.18487973801064,1.14707215518345,1.40001792940945
1.45595176199772,1.32419963469252,1.10837022452936,1.18960977392925,1.64555835291621,1.49173732707336,1.40658639865235,1.67781204584841,1.09001990887905,1.70221330875226,1.30670229345863,1.69459247346796,1.77897188504592,1.17571788038007,1.19246675315617,1.14205883357082,1.39196593197759
1.45174205327339,1.32722827442784,1.11112296386684,1.1855548616516,1.6356755104489,1.48181951424995,1.39978453910562,1.67386112647542,1.08487675537769,2.21293810116894,1.33022348871136,1.70714182071216,1.77798042977983,1.18364836155089,1.18179981631809,1.14237914338252,1.40604243214795
1.46195959958674,1.34616419325305,1.11106574636258,1.19061990450131,1.6511398942197,1.48904275826388,1.3994282783615,1.66927613119511,1.08805723015919,2.17322316346761,1.29715706375112,1.71150622502536,1.77904476257329,1.17166434019539,1.17416878388483,1.13924764374219,1.39547499304227
1.46274604843454,1.33196291044294,1.10158827962207,1.20283609519148,1.65824525957181,1.50128619781619,1.40135953501239,1.66695786966973,1.09463413380399,2.04926680968924,1.29448442366246,1.69507932193729,1.77493823461348,1.17275810464836,1.19175441027866,1.14269738087862,1.39976232400892
1.45583769093748,1.3345606397612,1.11669623559164,1.19526206148929,1.62778799974927,1.48581257278711,1.41643446299459,1.67779441483452,1.07167012246571,2.47824504627682,1.30076547304659,1.7049166118266,1.78827055129707,1.16300210640954,1.18069504729753,1.15667786735979,1.40931608851697
1.46395238228926,1.33617867046733,1.11492049424613,1.19008295683829,1.64241292164653,1.48600749040295,1.40560148314604,1.67478219169205,1.08260417476243,2.28812866986675,1.29519181695822,1.7054176683397,1.78126503213669,1.1663949822851,1.18338151448418,1.14740504983796,1.39747643540785
1.46023092333112,1.33144347247522,1.11233466663374,1.19791048465973,1.64362969241303,1.49470079986128,1.41563728944299,1.67004906565664,1.09026392501078,2.13838616907422,1.30113030799454,1.69714220916139,1.78446121676334,1.17222762039736,1.18777256070945,1.14672364180524,1.38896883050497
1.45366022912258,1.34266966414804,1.10975864417189,1.18853086004909,1.64094520125192,1.49144232731821,1.40916885454348,1.67487052034907,1.08634530222201,2.29388424431417,1.30377266536133,1.70380557400354,1.78473738933232,1.17873877181705,1.17897768482482,1.14111529195359,1.40753775517791
1.46628285918002,1.34109189865335,1.11427449129916,1.18581889769281,1.65373888387404,1.50275203494445,1.4023048951582,1.67661834341094,1.08430174963985,1.4737274064398,1.28794911607565,1.70831192225608,1.7857944915147,1.1633619613595,1.1899213565299,1.13685485033683,1.39822645241072
1.46155355998823,1.3378699957227,1.11076252751658,1.18651784089495,1.6605930976162,1.50080442380143,1.3974804310118,1.68879675222447,1.09148416323477,1.46313261638481,1.29828184924838,1.70867090617303,1.78442329269138,1.165767326884,1.18918479866744,1.13569797606171,1.39363431604424
1.47119861868928,1.34062143022286,1.11545209234507,1.19023198730633,1.64660358302681,1.4854566439413,1.39775314853176,1.65901749521549,1.08339054459335,2.5493517216286,1.29764744612035,1.70266098021598,1.78420273496846,1.15615139135091,1.18607360101987,1.13000124818576,1.39140745370996
1.46063069413071,1.35566062656418,1.11909910495407,1.17717256299126,1.62667286927768,1.47639820611328,1.40161308217259,1.66659383704381,1.09222405611584,2.77519845861244,1.32179208120771,1.70166609450273,1.78410938998649,1.16197263602162,1.1705819470149,1.12430963608131,1.39712443110046
1.4641352167498,1.33748736872174,1.11364427801435,1.1896835107363,1.63702981182726,1.48748186137219,1.4079515780972,1.67583733827463,1.08028441766838,2.27691889069597,1.29604819640241,1.70227107267149,1.78002866470577,1.1671714543837,1.18238077919701,1.14957482355912,1.39854338912483
1.46417985268383,1.34249739599246,1.10374927041502,1.19485919134255,1.64575736558112,1.49603208966391,1.40708019948653,1.67745009864295,1.08581757684907,2.22280840168605,1.29831385275553,1.70436315569716,1.77983974674642,1.16647546195513,1.17957514245111,1.13865810657302,1.3937037887324
1.45754738707538,1.32388167929269,1.10445202875645,1.18640804703483,1.64480130618176,1.48904064237105,1.38987896562775,1.67025563780925,1.08878090684894,2.3461860523639,1.29579796642787,1.6954462359001,1.79884098239638,1.16440930049343,1.17978246289293,1.14912700167637,1.39422959605403
1.46649783255327,1.34867641595911,1.13264226666559,1.19288418314065,1.64317912897571,1.50177749803821,1.39522292745898,1.68666708128707,1.08417451320385,0.900242773175023,1.27526618059193,1.71218588336478,1.76788609153237,1.1606958297939,1.19883232898328,1.150025660271,1.38625155502485
1.46817242894001,1.34631511789362,1.10483170457461,1.19900434937085,1.63655539775815,1.47589030791529,1.40369809249896,1.66825340637242,1.08968986348622,2.64743794906651,1.30054736279432,1.71457734567771,1.78965493355152,1.17296949146658,1.17195264683113,1.14024206930071,1.39789125855946
1.46598081010037,1.33729001937634,1.10513919246821,1.18871058563286,1.64692810677383,1.49079314039391,1.4048116697565,1.67348347797477,1.09067530077009,2.14357817962185,1.29933993133778,1.71059021802928,1.77818487529521,1.164448539339,1.17740049224962,1.13174412088888,1.39561707444769
1.46112703584854,1.32817301777519,1.10614900336679,1.1948038668885,1.64336368304059,1.50315867161233,1.40569428031552,1.68989449403904,1.08877210138065,2.24626572487173,1.29749947423999,1.70555477102527,1.79500463799674,1.16253108137402,1.19507681164861,1.13093405261411,1.39426024192254
1.47084676400391,1.34642894330594,1.11072317311138,1.18966078314793,1.64914054476312,1.49768475784083,1.40062223121344,1.67692970980792,1.09586520442043,2.21830519769694,1.29601026972235,1.70680722091282,1.78052754341389,1.16162863937157,1.18525166849676,1.13659200926677,1.39975028803351
1.46492830253804,1.33786152238858,1.10966931674907,1.19853238642213,1.64371111807877,1.49248351331567,1.40600970623096,1.67210355842306,1.08745412407474,2.14110577809018,1.29425052201508,1.7044975291465,1.78312290544181,1.16905054424635,1.18334114917684,1.13531769183814,1.39023207720132
1.46172907898316,1.34009347551913,1.1090631063929,1.18995822044299,1.64338444189666,1.49488191523828,1.40947333868545,1.67384098153705,1.08308873043585,2.12154738817698,1.30011835797042,1.69976014086995,1.77918030969524,1.17340578393547,1.17732912407491,1.14469394648594,1.39748898493567
1.46064530072362,1.33121391400431,1.10991886986892,1.18332917147187,1.64074304123444,1.47879529506424,1.39668696781701,1.67424302256826,1.08881737092662,2.47264572283586,1.30697521226103,1.7061680235631,1.78426053767792,1.15829998853728,1.1771800123241,1.1328155719696,1.39238932514862
1.46001820306253,1.34396319973959,1.11302358310303,1.1940856489563,1.65291195529408,1.49009678536983,1.40368654152772,1.67041935349596,1.09275116662699,2.18630207413145,1.29259109007706,1.70811700093107,1.77954113448045,1.16753197545886,1.17730001799809,1.13781235223037,1.39416927230206
1.46122525427999,1.34190311977013,1.11473433402368,1.20088055504525,1.64825268898005,1.49825824800953,1.40650743199162,1.67194499379128,1.09136928271406,1.8355694513582,1.290809051157,1.70587902805357,1.77963880717871,1.16663151323889,1.19237111059682,1.14146909589967,1.39633942539242
1.45612997741939,1.33857820800464,1.11283941304955,1.19472718101517,1.64988781235128,1.50014023690968,1.40557157256506,1.67433716580193,1.08681484930682,2.14438613886903,1.30504999708008,1.69666150140494,1.78234579720858,1.17251169446496,1.18168898616183,1.136060073112,1.39708520557192
1.46291531997484,1.34249199248791,1.11789874685251,1.20358898783072,1.64615766949316,1.48376894401122,1.40383198493825,1.67830629750435,1.09732651551096,2.07275924679153,1.30270477644256,1.71172507551204,1.78039205544727,1.17089200141344,1.16959394662586,1.12915047362228,1.39807940130596
1.4650028413005,1.33487361933827,1.10973704415764,1.19254374542925,1.64769935859424,1.49383458297266,1.40300678428941,1.66482172602487,1.08379917709272,2.31873211664031,1.29650993735068,1.6991629659181,1.78685269869927,1.16623782098053,1.18421012178727,1.14104596592034,1.39429976738265
1.47115218634823,1.33624034812417,1.11362020662418,1.19228284742034,1.66072052428909,1.4971912406929,1.39589394824852,1.66565528184361,1.0874569905269,1.4689095943288,1.30223821037422,1.70131699360992,1.78004407006173,1.17180736930987,1.18768530677228,1.1278428443516,1.39244895006465
1.4598338629871,1.34012441232006,1.10789179783225,1.18742167696719,1.65445941429419,1.49129860639845,1.39734411541021,1.67243149158431,1.09403651399506,2.27058053090021,1.29395095232489,1.70811793683357,1.78212207232768,1.17386207366777,1.18265678676308,1.13762245587837,1.39954352457311
1.45853404543165,1.34597731250379,1.10584327727299,1.18925238793161,1.64455668640167,1.48402392361413,1.40346932587644,1.67502604568806,1.08208442422294,2.03573305391079,1.31234907916106,1.7087205427176,1.78534530880801,1.173664799664,1.18089582460505,1.13066548178422,1.40745224715406
1.45265127084598,1.31072022756091,1.09829507306559,1.20670084153774,1.63638949439265,1.47707025887214,1.39591014590601,1.66263463817063,1.08018924053554,2.29221327937873,1.32738117696483,1.71049508365978,1.80004703071912,1.17515504283177,1.18730297497858,1.13523246880716,1.38937586501819
1.46229308854911,1.34189704568535,1.11091949964801,1.1932394751444,1.64844958954698,1.48924561514136,1.40121187172288,1.67091154110378,1.08980838027222,2.35024107756122,1.29983418956016,1.70161228453727,1.77955540610306,1.16625165198582,1.18153069531396,1.13626625544437,1.39457559584074
1.46497844910848,1.3403444549818,1.10781371987395,1.18824548108362,1.64238326247615,1.48446736187833,1.39974473454582,1.66984578456644,1.08967114711141,2.68991602746186,1.2973315899358,1.70948584775539,1.78755660902944,1.16543545129446,1.18101481698342,1.13738043909782,1.38962751891543
1.46950140105627,1.3289794796666,1.10594820781038,1.19466557630488,1.64991115461878,1.49624019007679,1.39645628222941,1.67372430242489,1.08376175908021,2.26784429872561,1.29359137216558,1.69839114887711,1.77871654165951,1.16833951827032,1.17760825886174,1.13910645129977,1.39167538958638
1.45989925496971,1.33584280150904,1.10754760367314,1.19142614313163,1.64387599808614,1.49388293912211,1.40613779038091,1.65432454240925,1.07748821701424,2.41364559628473,1.3013656935448,1.70858581012313,1.80231362843638,1.16415023880225,1.18999736560044,1.13465774066267,1.3833077589719
1.45217386350233,1.33089697766846,1.09949087341292,1.19996531232022,1.64846150124718,1.49050955513115,1.39142494940525,1.68084852440585,1.07957870165233,2.14196595662581,1.31660422858479,1.70739038024222,1.78901680235111,1.16763563690696,1.18197263600384,1.13601352545119,1.40381734922637
1.46187973559758,1.33945833754705,1.1048689293589,1.19321349703334,1.64582924147021,1.49196109364541,1.4050628658843,1.67595182862131,1.08332351803329,2.0688988705566,1.29428202092103,1.70420181875052,1.77689066517527,1.16472246125326,1.17883435751499,1.14079119799191,1.39070475292314
1.45715119931852,1.32750063823443,1.10501672367339,1.17964083684625,1.63318245626603,1.50122276963899,1.40357342854677,1.67121774358488,1.08267473807321,2.4280435205161,1.30014075267492,1.70274736423714,1.78835212346708,1.17982578765001,1.18222653330723,1.15164034004904,1.39548402417427
1.46614006404345,1.34029595196269,1.11085510788429,1.19308281242542,1.6488133660377,1.49229338306468,1.4051256655942,1.67296390346728,1.08488496007282,2.18590058772869,1.29332161009701,1.7031785495799,1.77953768023504,1.16876362103904,1.17934460929996,1.1363961353382,1.39608881158676
1.46206481581364,1.34565957339018,1.11339711193544,1.19286714686081,1.6489465033925,1.48994869230897,1.4035132754771,1.66787191456791,1.08725029700741,2.42029350375926,1.29585879465556,1.71045496322312,1.78489388106996,1.17044506488785,1.17627209502086,1.13864210254759,1.39413700121897
1.4608001172945,1.34034873194179,1.11126534126002,1.19402509107688,1.63968911653902,1.49259582394783,1.409607058269,1.67529262673778,1.08796578966233,2.25392190050323,1.30207896624706,1.7000596120258,1.78765741721916,1.17131103483398,1.17858255795425,1.14045131020589,1.39244347246967
1.46962680279952,1.34473508828787,1.10803161379999,1.19982655145826,1.64537109368131,1.49135910327067,1.41253884694768,1.67497812698999,1.08379346174361,2.44277585441207,1.29640255992034,1.70667618658862,1.77421981700637,1.16627119194376,1.18112238052348,1.1301944891928,1.4082942181896
1.4653152262045,1.3341521994636,1.11005823814252,1.1921116315229,1.64747659514403,1.49482190162749,1.40112399721979,1.6719208497052,1.08411136300668,2.14390210831802,1.29545772596573,1.70324531671052,1.78356290544436,1.16912522334026,1.18164437139605,1.14095204363788,1.39442147808838
1.46301614818024,1.33441226291598,1.10478866472745,1.19589106568975,1.64130175091461,1.49368434892165,1.40501686092101,1.68199498005541,1.09202822275524,2.21667018194765,1.29756984039786,1.70604556909281,1.78216009780124,1.16573809453541,1.18486089569844,1.14307531586641,1.39469843015138
1.46721360566309,1.33431076716169,1.1120685877409,1.19346878781011,1.64655258825701,1.49653484478448,1.40232179224518,1.67294302587786,1.08347162489177,2.13978048703322,1.294498026131,1.70424668395016,1.78405463603073,1.16586835037006,1.18232928914573,1.14108781033212,1.39507791133019
1.46845076611641,1.3404311988944,1.11377822786546,1.19524858216747,1.64839666102135,1.49877608248632,1.3991578827805,1.66651052422964,1.0922882900457,2.06442153228198,1.29840122525917,1.70628978575516,1.78412969953361,1.17255325916827,1.18564278820969,1.13753603264698,1.39104224672389
1.46094141849378,1.33106749559911,1.10675388089733,1.19266830527263,1.65192716677996,1.5000097500897,1.4051017505743,1.6715501760776,1.09057537571579,1.97708119655971,1.29444487310336,1.70062778963649,1.78593548864434,1.16829646219206,1.18341677792686,1.13981846470034,1.40013832637712
1.46548637054811,1.33403732641385,1.11174954468453,1.19265317839998,1.64596719473845,1.49652776223074,1.40186448447889,1.67781967040989,1.08687941572597,1.95523743788051,1.30012212011669,1.69848408862184,1.78487869062541,1.17091601547237,1.18420672409836,1.13158906215422,1.3912905924968
1.46163223440155,1.33780667803574,1.11195597626997,1.1901019199776,1.64777386543062,1.48947465054421,1.3983068298899,1.6731583376148,1.09019800620554,2.45065996230599,1.29609258457217,1.70093381953913,1.78396340489274,1.16901661977748,1.18261097536771,1.13710759155394,1.40326666731198
1.46324243856601,1.34193519975065,1.10784443680042,1.18249695275568,1.64469852755912,1.49030667665489,1.40590345536795,1.66356912719868,1.08020885357723,2.21653083002094,1.30504438375493,1.70244774848115,1.78149451750497,1.17323957965265,1.17578140009519,1.14112191014559,1.40286576168663
1.46711107705435,1.35453765268363,1.11050955122232,1.19833797464591,1.63910256236055,1.47953154887948,1.40343414366672,1.66413820239351,1.08720761399941,3.02584823449604,1.30832095286305,1.71474847392985,1.78769911501331,1.16442901084644,1.1657647044998,1.14936451709861,1.40125196618207
1.46123257430628,1.33633675681937,1.10627730123491,1.19980600130798,1.65288698045576,1.49448274655855,1.40277046312633,1.66754812366589,1.08782405677641,2.04142165873335,1.29431883160456,1.69546165076301,1.7703567856396,1.1745853028721,1.18435174690816,1.14099679172925,1.39092225476645
1.45419341328365,1.33541533437475,1.11925797487498,1.19125369399472,1.64022240292186,1.48479461630125,1.41293716109582,1.66934332966039,1.08799858361507,1.86908187628996,1.30352967590746,1.69677372904033,1.78802272905341,1.17468357474523,1.19264828808527,1.15726236062586,1.38192796663246
1.46756419082446,1.34381895275308,1.11005858668552,1.19132948113571,1.65756473022031,1.48963840212333,1.39999605021564,1.6691911218223,1.0982125927631,2.19646616112938,1.29027182017525,1.71460907447189,1.778709375472,1.17015551639899,1.17199266099556,1.14292219535793,1.39594125703088
1.46269695479055,1.32852893296595,1.10990293287347,1.18910768397912,1.64262823354302,1.48813707911849,1.40215974268459,1.67078621371252,1.0917289781994,2.04696771958464,1.29410331708011,1.70374888697952,1.78534910379542,1.16582744151014,1.18325119646336,1.13850623553203,1.38900809286359
1.46518434435573,1.33717741716731,1.11104667664201,1.19316863795238,1.64579702375963,1.49360902379164,1.40473467525576,1.6727502904323,1.08758219809397,2.22722622527294,1.2974214184046,1.70101884157016,1.78222061576783,1.16707119334354,1.18073545184749,1.13769666564599,1.39515843076708
1.46312879368651,1.34165710723473,1.11768648747743,1.19027535305942,1.65279440610779,1.49164440091686,1.40220514858627,1.67628130177226,1.0886557018374,1.87836381383826,1.2953794652987,1.70827643464185,1.78136597440489,1.16505710443675,1.17867930284588,1.13754824413293,1.39297688431073
1.4585326818146,1.33468137829888,1.10997650088175,1.19203674794712,1.64643500495671,1.51010824215874,1.41040627550329,1.67127851686778,1.08910927663729,2.00101329569915,1.29836634545145,1.69565604196063,1.78393234474336,1.17319584066058,1.18906893960267,1.14980822095812,1.39361450332895
1.4638996663747,1.33939237039073,1.11039922051575,1.19113565280074,1.64526203277127,1.49530052755466,1.40441898379546,1.67380883757768,1.09198824310202,2.36609503914623,1.29462176295287,1.7026797577749,1.78361388895289,1.16565354048728,1.18390263796198,1.13930490145657,1.39597233344088
1.46705375542631,1.33830815278723,1.10129053252701,1.19028655557998,1.65011925194221,1.4860078530589,1.39677706126029,1.66514744870619,1.09135446619547,2.52067062152022,1.29040001727961,1.70571360763174,1.78200216424632,1.16007713613311,1.16942894756422,1.14563045489503,1.3922801967148
1.45599125390694,1.33088516517571,1.1098886364456,1.18926166830819,1.65842659562497,1.50283926103041,1.40996107431877,1.6741685500019,1.09318681808109,1.60865026245811,1.29060671144596,1.70085875839603,1.78524643530149,1.16877452283624,1.17849992697583,1.13570366127279,1.39890792716566
1.45544475003161,1.33418854200134,1.10424959160252,1.18337763814387,1.63279067960187,1.4764112340846,1.39748211006924,1.68455380301131,1.07922930515485,2.86190032104765,1.29760417107449,1.71145814228651,1.79014574102019,1.17106278654604,1.17798430452999,1.15188610179767,1.39721023605928
1.45783844695134,1.34034653277193,1.10856061553068,1.19310483711233,1.64291200022732,1.49176075006745,1.40906252230596,1.66923204124663,1.08328469600564,2.22207712335494,1.30307160884778,1.69782855173116,1.77776416830885,1.17406831979958,1.17918898564369,1.14475845335143,1.39496764477166
1.4547047192146,1.33758362476225,1.1140556132776,1.1916356685276,1.63926319856793,1.48937466930374,1.40854652163956,1.67162802211483,1.08916767308579,2.1905095100164,1.30408390439711,1.70022655957098,1.78864742614076,1.17164333109744,1.18454459331281,1.14853658414029,1.38876126124706
1.46284986731147,1.33626828959684,1.10828597073123,1.18993391714613,1.64392159987071,1.4921734873799,1.40337659246849,1.67295908607094,1.0885122061242,1.93457271906341,1.2998164519417,1.70683587714636,1.77818033197548,1.16753349755558,1.17982555011116,1.13676481571592,1.39755613060614
1.46308059350905,1.34410153421006,1.10544195171988,1.19611390386188,1.64711728010277,1.49045177937531,1.40784187609428,1.67269302341456,1.09118793494322,2.39411574064514,1.30885256304175,1.70574883856648,1.78133645893935,1.16280922339018,1.18142047569028,1.13105508521218,1.39773928278069
1.4588784855941,1.33489220488889,1.10418434069585,1.20040576793895,1.64299212564785,1.49559337373031,1.4061596470258,1.664370460379,1.09096958724991,2.26745726904127,1.30018285081667,1.70372171997479,1.77719218098962,1.17036015329793,1.18612728310823,1.13554631210242,1.39036638583811
1.46361577134476,1.34025707675227,1.11174118509888,1.19225190835703,1.64399747616646,1.49184250392686,1.39985008684971,1.67418883679538,1.08515768773441,2.63891082044217,1.29094010821141,1.703318293958,1.78998171534374,1.16769321582853,1.17860969073902,1.12779473258412,1.40294739951506
1.464596284974,1.33737965366037,1.11048255135677,1.19005751589935,1.6447123354903,1.49162343036764,1.40413858466511,1.67373761851869,1.08655476678051,2.36817833231702,1.29723869007484,1.69956032246408,1.78413196009013,1.17051966313921,1.18086469417893,1.14033517230738,1.39748908076712
1.45105488278649,1.34165573033071,1.10370001272932,1.19908773630443,1.6293560445305,1.48513549363365,1.41840293237335,1.66074550347158,1.07557577737996,2.36696777107327,1.31344102503796,1.69184991137483,1.77482921850953,1.18163918473654,1.17422350292199,1.1472698282443,1.39842503959985
1.46500403940197,1.33750777735825,1.10423662627941,1.189977598933,1.64764678970228,1.49825778325289,1.40288864281077,1.67282813439472,1.08780136131502,2.43213939350505,1.29486484223289,1.70086051492848,1.78332671352441,1.17332148586808,1.18447989748028,1.14148017282666,1.3998256590808
1.46155050759342,1.33517190833503,1.10905252885226,1.19378707914233,1.6474233232127,1.49400771298641,1.40359671213519,1.67435205508978,1.09542341392758,2.23838961674539,1.2975814968293,1.69666145250004,1.78738268967419,1.17043570229146,1.18783896159512,1.14554591328294,1.39596792675045
1.46319524418649,1.33477759526092,1.11007189484789,1.19178349162786,1.65300279625362,1.49059578487721,1.40370483874281,1.67425549675095,1.09131993720258,2.03394912389847,1.2926992972216,1.70648751180717,1.78039693576261,1.17263402348375,1.17832157833263,1.13885526918777,1.39048214691701
1.45760473787063,1.34690771535951,1.10527426751749,1.19178022820579,1.64143506817656,1.4886881986775,1.40854251534001,1.67818245010093,1.07762583378175,2.17348881074556,1.2977419585192,1.70688163435814,1.77593971239661,1.16257608109345,1.17420445100789,1.13423433492353,1.39059526986162
1.46147846470802,1.33834670314204,1.11228582704597,1.1918490036461,1.64967193765287,1.48886304998717,1.40076401063355,1.67083293479318,1.09059105675102,2.29202339305733,1.29523736111724,1.70462323264112,1.78257411911058,1.17007050865948,1.18049541615965,1.14013066766289,1.3950142133712
1.46212322084756,1.33905700269742,1.10787621164697,1.19133412990507,1.64027274598757,1.49019510472668,1.41412158028862,1.67513698503419,1.07773671182719,2.31906234255743,1.2986813678328,1.69893685966917,1.78474628835333,1.17551883910958,1.17786585670435,1.14969287986211,1.40295575384044
1.46102901350333,1.33026037845026,1.11004524962915,1.19216771760239,1.6552000565594,1.5001323586845,1.40329507853361,1.66283260672951,1.09549735890737,2.07954187883369,1.29285712983141,1.70348408979679,1.78476371409009,1.17334172353533,1.18171313158147,1.14512957468537,1.40383002964686
1.45900286447431,1.33614333524165,1.10610164619211,1.18552787022515,1.64080806845244,1.4866106958845,1.40146535611721,1.67406028003436,1.0891663865954,1.83031369595242,1.30533402671599,1.70921956250013,1.7747346057008,1.16625369891931,1.18105624584215,1.13323286823754,1.39984100111048
1.4628810594925,1.33501056519822,1.12412214123318,1.1926770181523,1.66065181233656,1.5018188265162,1.40055891734489,1.6705975109121,1.08902581720095,1.46796158541984,1.28037494501735,1.7140988420656,1.79012100833605,1.17222578154764,1.184792427951,1.13954380218652,1.39235259281457
1.46790238303865,1.33122166107517,1.1073712792572,1.19217516221456,1.64852568359954,1.49859377861703,1.40076476333377,1.67461644055855,1.08571267244417,2.2303460662757,1.29270263784409,1.70160134963333,1.7807570396071,1.16948823949355,1.178599171232,1.14070070207317,1.39697731107794
1.46679194600974,1.33881352129778,1.0903938422029,1.2117405010445,1.6479477417051,1.50163287900931,1.38160082481306,1.67024168251996,1.07319410348573,2.21099259855224,1.28440320941266,1.71420240415901,1.79478658606485,1.17984578086463,1.16683420249851,1.15258657500283,1.41138280275059
1.46023029822879,1.33248151571473,1.11242207508976,1.19041244437807,1.64022045347719,1.49819910705728,1.4013658211757,1.66578149878899,1.09101922239228,2.17555762846882,1.29601765852147,1.70334046376762,1.78052450940385,1.17154268721371,1.17811580618184,1.14147007009459,1.3930199616394
1.46591788930227,1.33495801800557,1.11287109080006,1.19016137389959,1.64001641214847,1.4857792123683,1.40619553216299,1.67082396990016,1.08844489613501,2.42999089966526,1.29184857345717,1.7069775081426,1.789163426797,1.15762032429025,1.18403481630659,1.14046905272485,1.39970373466216
1.46474512810948,1.34095789147758,1.11244187929212,1.1899474975964,1.64689330663224,1.49342775788814,1.40594329244163,1.67692056314319,1.08196555152361,2.78921658318865,1.29271553396931,1.70120993865253,1.78204761161146,1.17448202424512,1.18328389160482,1.13680668547482,1.40603333215105
1.46542041087971,1.34712861404348,1.10502450619683,1.19508289714568,1.64217451456867,1.49307882061807,1.39941775311657,1.66780219888206,1.08374927375881,2.4129488034158,1.30063260961357,1.70802047550315,1.78678434774572,1.17007066741725,1.17499472555428,1.13937575787402,1.39327183353585
1.46595415965963,1.33861936900791,1.11015282850809,1.19262536987635,1.6475700806051,1.49001920702762,1.40303991563866,1.67117910709233,1.09043302543264,2.24380121329254,1.29547110668387,1.7072463147548,1.78114319752904,1.17014512583673,1.17909740155613,1.14065682116078,1.39509143589023
1.46019750403206,1.33473971762648,1.11548348879559,1.18815487628714,1.64249098838412,1.48850519277446,1.40300480813457,1.67316738451868,1.08741311183511,2.12598642346717,1.29955724817499,1.69932339916617,1.78580498812424,1.16789182006497,1.18472545488193,1.14119872041529,1.39184784763283
1.46118587013129,1.32962016969712,1.12018595314299,1.20348917710599,1.65127411598561,1.49889036727371,1.39477490919879,1.67396100886197,1.08326124160303,1.41078533707313,1.30058428020493,1.70632063068162,1.77906454633138,1.17478560588677,1.19312263646275,1.13630876909526,1.3966751961839
1.45145406386404,1.34047925028434,1.11783635605961,1.19269458762737,1.64095106855597,1.48400399439028,1.41183079131192,1.68310137752455,1.08289245875553,2.49292646553652,1.29695479778653,1.69773223137294,1.79045780660618,1.17407593623056,1.1854930748668,1.15257275356849,1.40541448067498
1.46477802170178,1.3366602716485,1.11120235394442,1.19238381412303,1.65019445103003,1.48867268834372,1.40371102627962,1.67871471828465,1.09072895290553,1.82453726243705,1.30033004908957,1.70761320300441,1.78005805127554,1.1687892650383,1.17171097529847,1.12909188072567,1.39292410255174
1.46047563215403,1.33081564591572,1.10310003023695,1.19927310060181,1.64688664182528,1.499064764267,1.38501119478594,1.66518558214199,1.08410713710165,2.46979082058356,1.29521426580382,1.71187593427587,1.78754026522781,1.16701542027129,1.16439805466166,1.13524746041193,1.40601498882741
1.45383636106854,1.32136299260784,1.11371831447474,1.20025924111489,1.62824457583432,1.48758099033839,1.39277623945423,1.65626870968831,1.08354632587845,2.38362277316075,1.32206753313592,1.72378838479469,1.79259550225331,1.17283332649479,1.16946169751952,1.15153286011813,1.40857528413214
1.46204285762443,1.34076195870195,1.11223575011411,1.19133874235296,1.64972211108444,1.49322417760878,1.40457710478739,1.67090681240972,1.0878011424788,2.15194269835136,1.29677586276672,1.70310694603455,1.78094766969446,1.16699377631761,1.17884586039157,1.13705402929151,1.39657497437562
1.46561211785021,1.32962452057182,1.11139352960721,1.19463281339319,1.6526582334451,1.49360992519526,1.40563734557178,1.67770387633885,1.08725879881272,1.69871471915395,1.29893812110377,1.70656650737597,1.78056354755023,1.17071776875873,1.18098086660412,1.1333552604208,1.39182611082777
1.46119457925304,1.33904404987695,1.11037221878417,1.19138286103458,1.64647843051684,1.49090885300058,1.40614160396284,1.67277198556833,1.08858187053834,2.28477800467597,1.297342966638,1.70389403900547,1.78221620148926,1.16976956223761,1.17957526732916,1.14072335079363,1.39588152505643
1.46447930018727,1.33828329215183,1.12115541278558,1.20100096747354,1.64053302096538,1.49578512090094,1.41769295024644,1.66944575519437,1.08257437527356,2.35052767970747,1.29883416782148,1.70021602650642,1.79756509139545,1.17622367270077,1.19096877549392,1.15067528407676,1.39469366522157
1.46799233252457,1.33234586575097,1.11051659735622,1.19028965667407,1.65110231410346,1.49115064866581,1.401106806949,1.67828351872424,1.08800891968902,1.69827186412074,1.29773686821046,1.70291597994916,1.77990040310593,1.16898311929413,1.18088717307504,1.1327799607172,1.39074210661995
1.46804934330197,1.31367703689422,1.09323019395468,1.18994442521287,1.64111822167388,1.47035474044212,1.37294787339904,1.67143179008138,1.07093194572093,2.58437140962604,1.31629195594592,1.70293023961906,1.79524103539813,1.12958307003797,1.18210082495231,1.13366817707155,1.39890800743085
1.46253041389727,1.33906553928983,1.11062391965608,1.19149342103755,1.6488437112781,1.49325913013572,1.40396359954868,1.67073899563067,1.08816210114675,2.35180314963026,1.29650725576429,1.70390885541261,1.78443655626315,1.17071966799923,1.18038021235744,1.14018594977353,1.39753271703604
1.46679250602956,1.32819730402139,1.11699270750541,1.19500059269492,1.65487820333314,1.49544688838446,1.39693751107475,1.68107515758209,1.08598733379886,1.27055087191484,1.29358100590229,1.70456884579518,1.76814089710404,1.17169478447824,1.18256484936528,1.13819195288871,1.39065728350827
1.45606763097775,1.33122725256681,1.11468017099179,1.19078972104834,1.64134832435441,1.48856009587322,1.40984343155693,1.6768020738677,1.09171071747116,2.02123457672542,1.29771048203379,1.69995629018241,1.78389826919867,1.16919553393602,1.18602037142067,1.14114717116285,1.39639761585362
1.46336152280328,1.33825823786917,1.102907859381,1.19588461911314,1.652127566092,1.50065185878994,1.39902127087714,1.66952094550002,1.09361669946013,1.39249566301463,1.30015941536166,1.69972681570885,1.79159578986431,1.16644966541543,1.18380652492378,1.13352547204408,1.39355999185156
1.46176615875844,1.33962409713804,1.11310873114697,1.18878525114244,1.6469440475051,1.48759592789578,1.4020244982368,1.67359392560254,1.08307119961454,2.29535350723386,1.29795025408181,1.70195254183075,1.78361495738845,1.16932314052282,1.18102009110394,1.13162016309316,1.39882102639095
1.45872427935243,1.33509440201485,1.10461035966397,1.21977114377892,1.64375609867655,1.47582023394836,1.38046578773708,1.67659100953964,1.09118320597062,2.50827959659234,1.2940849255202,1.71932542565129,1.79300621601574,1.1567778528143,1.15921742570352,1.12569866580007,1.39020011298169
1.46317353773415,1.33916769785653,1.11045795271532,1.18964467549138,1.64407268300637,1.48376183017222,1.40162593995759,1.66781860170214,1.08876148961933,2.3133284474463,1.30045923261897,1.70748347983488,1.78774623615049,1.16496439961325,1.18241755886822,1.14181625684207,1.39078194166739
1.46179646571302,1.34082211844894,1.11358317631123,1.18964676988842,1.6443563225019,1.48716077276374,1.40074389395067,1.67148920878255,1.08990847001674,2.43120238273237,1.3001071956132,1.70211736693507,1.78635154100129,1.1656374301611,1.1795832592483,1.13628843967806,1.39194520571737
1.45952709762698,1.33822325109241,1.1156043627697,1.1926275533763,1.64040404009912,1.4979673679892,1.40961697845632,1.67901842639247,1.0915145517366,2.30418940396161,1.29531864521867,1.70340712918324,1.78383360722748,1.17115569129251,1.1793683958261,1.13709109937952,1.39449557134098
1.47167078813686,1.34238289053583,1.11125545280975,1.19064570704799,1.64592410963026,1.4917350077976,1.40636772366218,1.6769936814478,1.08148209713638,2.41859099957939,1.2888566986662,1.70604074231396,1.78494725873349,1.16065309648985,1.17824727054779,1.1295947933632,1.40151570928081
1.46328232527908,1.32514808173843,1.09966482768165,1.20660561794398,1.65417939328517,1.50180036212447,1.40086806870837,1.66729630216904,1.09646226546367,2.07638509042985,1.29533199397804,1.7017402370096,1.77930341603641,1.16356699939418,1.19346757048426,1.1464150995103,1.41307752961785
1.47076904053598,1.3323674378185,1.10663985220668,1.19545139567206,1.65391571234348,1.49625258777699,1.40713917598465,1.67298357491956,1.09193701905212,2.30180163635116,1.28643165421273,1.7057361698158,1.7789136402589,1.16591221672608,1.17622734403058,1.13551000001111,1.39711358215244
1.44846340642465,1.33537329162963,1.10643254998012,1.19282294687226,1.64237178797971,1.48318677442098,1.41178587196615,1.6864470111096,1.08619411910892,2.03624305951421,1.30294602247856,1.70359367598488,1.78088910335478,1.17484260214806,1.18294979719165,1.13118783997177,1.39719663319791
1.45926599504723,1.34009813586091,1.10821251190122,1.19284900696709,1.64536688634672,1.48934883947605,1.40361471926979,1.67216807066388,1.08281535567496,1.97643791051485,1.29334694201919,1.69832637700504,1.775313923779,1.16747940926094,1.1829277173307,1.13799155469309,1.39104447953667
1.46983765530526,1.33353886055572,1.11154022223281,1.19288708289673,1.6428772160445,1.49080581950304,1.40377011175884,1.67830239304627,1.08722373599834,2.66867699621028,1.28767201681648,1.70130418614377,1.79068027078078,1.16397275148731,1.17431672429051,1.13280836414534,1.40211383003097
1.46362038022405,1.34130048432955,1.10947482708999,1.19035135484313,1.64346893335696,1.48808284093856,1.40560011984269,1.67344564737408,1.08516720389813,2.32334989547417,1.29938142432895,1.70632270569477,1.7815873506935,1.16996992532705,1.18071702475279,1.1337821258971,1.39621847309258
1.47264219142466,1.35331878067087,1.1114307780727,1.18278586102966,1.64768108988073,1.48935623348137,1.40044232848453,1.67646482403709,1.0940023619154,2.24932134340895,1.30018438500971,1.70280949379283,1.7757340146117,1.1600691255281,1.17979602064021,1.13862726769782,1.40091308396689
1.46205205379402,1.33994743620916,1.11253519832253,1.19153690348863,1.64979022701672,1.49315290150694,1.40697594146187,1.67145890534595,1.08905094310612,2.14265849231761,1.29654796167724,1.70229411464075,1.78053376184608,1.17158846080903,1.17921186194384,1.14247418305117,1.39722512734817
1.45911333468688,1.33194999719259,1.11119354370194,1.18742070906595,1.65194857767324,1.49680307297253,1.40188280833735,1.68347747641717,1.09772178067605,1.79489963608362,1.30107442063437,1.7056007564883,1.78414775384975,1.16515905114223,1.18934687696772,1.1395451252977,1.39764673676863
1.45681157186234,1.34715245604686,1.1102149032279,1.18791672375084,1.64467268074876,1.4868738932723,1.41346862657858,1.67585464468244,1.08496197707113,2.23996162925038,1.30077889086937,1.70890528519204,1.78449780319237,1.18188499126605,1.17798262653448,1.13438247875209,1.39970336039998
1.46405039182084,1.32800124848676,1.10596364466504,1.18487401210799,1.65020178582863,1.49540907450782,1.40253145481621,1.67477741317238,1.09465943809892,1.88705376678569,1.29507968821388,1.70826903955735,1.78554167616257,1.16360314201545,1.17934005575111,1.13156742191798,1.39805301849114
1.45905611475262,1.33771923209684,1.11074382404559,1.1887385415021,1.64475728570066,1.49256389957861,1.40450144238171,1.6763611442007,1.08740254597886,2.50081838951357,1.2932660631947,1.70013646646628,1.7884319134002,1.17264768945419,1.18116633675339,1.13637103883451,1.39439453145617
1.4644929188997,1.34148050585766,1.11237108834814,1.19253561959924,1.64958761579063,1.49274499361362,1.40522412458459,1.67117415299901,1.08880664086785,2.27198283520724,1.29556320336076,1.70531683797916,1.78255303625142,1.16724128506871,1.17962593770009,1.13891893643097,1.39536816432089
1.45564147475999,1.34238230747964,1.11250065588415,1.18850310628305,1.63913967016873,1.49257548481071,1.40573392342593,1.6725597667274,1.08790916103219,2.53621213302762,1.30161079947833,1.70208890530897,1.78365072922777,1.16946289666801,1.18031008761302,1.13800633705351,1.39816673198135
1.46844909106952,1.32704252971773,1.1108106251641,1.18788448905585,1.65352104262859,1.48898302208914,1.40665566283107,1.67037245537774,1.09437412374545,1.99106001283534,1.29569946191959,1.70826740954275,1.77941938876303,1.16640893860744,1.17356808142366,1.13853874578439,1.39867661070643
1.46419932213585,1.32401585891451,1.11282086903659,1.18545781492017,1.64772417701936,1.48536705017451,1.39291787184598,1.66473129729678,1.09119693118409,2.71151102655147,1.30969951136569,1.69881310089039,1.79775712988896,1.15861742798485,1.18839638051791,1.14922311476367,1.39428038003779
1.45919701163304,1.34796100324856,1.10723079431794,1.18695283882246,1.63593693258655,1.48803704123799,1.41129643890926,1.67449894552549,1.07669267837801,2.267853572041,1.30602689717819,1.70738863333797,1.77992932582445,1.1608698810354,1.17577206442165,1.13070847714083,1.39169456867486
1.46908001312512,1.33913859718818,1.10174620976066,1.19285853482984,1.64999156698203,1.49882305740378,1.40965647242977,1.67563753261379,1.09003444452162,2.33203033016435,1.29900172631016,1.70980497477841,1.78034647263672,1.17055103783711,1.18047625094082,1.1364813610653,1.39055315013604
1.45475841802876,1.3356519395689,1.11168010349288,1.19089716580814,1.63816942468946,1.49312867886427,1.41586973625894,1.67943507055561,1.08544845923594,2.17249197791827,1.29987626236534,1.69810738856633,1.78411292820301,1.17597633463305,1.18286466893525,1.15064499860332,1.38865854631008
1.45630586234696,1.33582212155159,1.10889731172425,1.1890336797725,1.64159781271406,1.49454270994985,1.39746580105418,1.66919047018778,1.08926727531621,2.63504899777036,1.29281677667083,1.70255648867589,1.78604844477351,1.17606148446957,1.17684164624528,1.12942895791164,1.40242869317008
1.4656144532656,1.33040662035918,1.10840111719003,1.19288218910887,1.64678306259628,1.49094635810551,1.40549205137539,1.67604080666422,1.08913544627399,1.96266443813306,1.296115664468,1.70544782612988,1.78177750600418,1.16877663728862,1.18308638436622,1.13566008595576,1.39416110464363
1.46448727676927,1.33795450072712,1.11362644878481,1.18639598436168,1.64150263573378,1.47901634165323,1.4066841136128,1.66656154463353,1.08875344428631,2.67371898886208,1.29176432693044,1.70612770345634,1.79403209518109,1.17253848828433,1.17293005298573,1.1312903081003,1.39056037429413
1.4632266966966,1.33703200692384,1.1111876795106,1.19156340109822,1.64248506707827,1.49084986204887,1.40655898634855,1.6769821782526,1.09094043571216,2.65267100139708,1.29185002191187,1.69883208164052,1.79410585421265,1.16568184861507,1.17251888865496,1.12853926368247,1.40135832181654
1.4514475532572,1.32857611588387,1.12091340549918,1.20024515155167,1.64857300563877,1.49658702768502,1.41118892359548,1.67204545350315,1.09402535427611,1.88847357794574,1.29428339916612,1.69555977951827,1.78536589605054,1.16814408262808,1.18544734349653,1.1467361516236,1.38084022854728
1.46705621001886,1.33990780930705,1.11096050088967,1.19175116070346,1.65245819537788,1.49046712533709,1.39364618397727,1.66901906111484,1.09369852866318,2.1075197520463,1.30270369830589,1.69895450370625,1.77111597907098,1.1665357858118,1.17685782790115,1.13321396876481,1.39442787277874
1.46373956948838,1.34153634770612,1.11183454102951,1.19592631352763,1.64487082680885,1.49323964468397,1.39864286426557,1.67667980233265,1.08798921627601,2.26800962318958,1.29153380482522,1.70325611987789,1.77842189986994,1.16213704686134,1.18321327964804,1.13180557932985,1.39853244254795
1.4579954239624,1.32383235032233,1.11330528717891,1.19036956829439,1.65357709712194,1.49414975740732,1.40043461302055,1.67849378294714,1.0978109885008,1.95824942893284,1.28963762959738,1.69422331512993,1.78752716319354,1.1654877283072,1.18987012281929,1.14075621283793,1.38987125337908
1.479508269356,1.34608683731651,1.11850698309544,1.18843499771328,1.64459247701777,1.47756902633048,1.40354902869387,1.66152935389369,1.08514157451328,2.51954298783836,1.29977280990178,1.71230468088093,1.78829401592729,1.14390461953424,1.19102107228312,1.14318822885104,1.39918588999686
1.45735643613877,1.3308564066748,1.10441905277308,1.20670169298555,1.65002643985816,1.49537299016144,1.39655281272533,1.67518658980571,1.08597441333738,2.21813058032722,1.29860399057364,1.71759613802566,1.79369827524556,1.16201859155465,1.17202464973377,1.12888102563383,1.39659229909586
1.46750701098659,1.34384460283045,1.11744926145621,1.18682051529605,1.643829760243,1.48276278192746,1.39709326802552,1.67416473249007,1.0836810367769,2.50255082789283,1.30212156431106,1.70284718444419,1.78293789845625,1.165370729238,1.17985426549696,1.13500939657378,1.39854862019627
1.46596363257856,1.33715263792987,1.1138114120927,1.19103908793377,1.64599084594104,1.48794218811223,1.40402691222123,1.67410732536085,1.08861623902597,2.34266624989621,1.2959636530589,1.70057270053215,1.78679283941678,1.16570501730837,1.17828436306423,1.13597351862423,1.39992767644996
1.46253119585254,1.34128044574915,1.10563266192042,1.19294058742875,1.64535132307348,1.4878225340115,1.40682942534168,1.674689211763,1.08275114469943,2.26647410812672,1.30068302506964,1.71443193957161,1.77886899714817,1.16656650534017,1.17565731820416,1.13822754558883,1.39191691044624
1.45399477696558,1.33831494394052,1.11204356565359,1.18689927577828,1.63276210419688,1.48373072493461,1.40357602218424,1.66669774925261,1.08430542334381,2.41831723131996,1.31701622621698,1.70536544156419,1.78578793565616,1.17494206032848,1.18148449565282,1.14260204144904,1.40302566570359
1.47297407582962,1.3375579825871,1.11235713105796,1.19418158390136,1.64744888613711,1.49135532540921,1.39955660369666,1.67467118578232,1.08494043389441,1.81393691789065,1.2995658209295,1.70562122588738,1.77809236557299,1.1625856066907,1.18416403082299,1.12989909292288,1.39549812448608
1.46206137674267,1.33864037664499,1.1088972051272,1.19579974906379,1.64951699099155,1.48450872938891,1.39903861554275,1.6686368858061,1.10217429858498,2.00345629745916,1.29590272496132,1.70396255716705,1.7723364683281,1.16677645539288,1.1762204353454,1.13216051807491,1.39115416158801
1.46593376753226,1.34221211711083,1.10756003137545,1.18618944837887,1.64452026741654,1.50460333821286,1.40355270944232,1.68152300821852,1.09116338247608,1.77855340519567,1.28704306841574,1.69955009344543,1.77679066156704,1.16551095327118,1.18791238023581,1.14303125839033,1.39648198695619
1.46339431864533,1.33879376865774,1.11548984960741,1.18773080921441,1.64555978976137,1.48904574584545,1.4028325197259,1.6771458572377,1.08408218245588,1.98458111335634,1.29994790079628,1.70545021617854,1.78189870307498,1.17263907486328,1.18282873857334,1.14091405964563,1.39609055554894
1.46223437081767,1.34701348138829,1.11105412503035,1.19499018923529,1.64509302660119,1.48347530740458,1.40508131219819,1.66681433885236,1.08454475013236,2.62934740522644,1.2960115890971,1.71503198175965,1.78858462344336,1.16969606713828,1.17048244315465,1.13917676842679,1.3935854997643
1.46529815867096,1.33877503032895,1.10897494045446,1.19413225790701,1.64590510052738,1.48692354734252,1.40337936404059,1.66810891636747,1.08712658076709,2.34986824014485,1.29950856275983,1.7063709118813,1.78501248896701,1.17005264177382,1.17730194841937,1.1429368735334,1.39711882735031
1.4720005417068,1.34748414938404,1.1168440456613,1.18796071386084,1.64807486623855,1.4909709244059,1.40162788751186,1.67959835070894,1.09178503302944,1.99435951642738,1.29881388083115,1.70914883839721,1.77723696588324,1.17270953743311,1.17947742771271,1.13820198012955,1.40364926482693
1.46713534725762,1.34403453383759,1.10770807391788,1.19146745970919,1.64173374282079,1.48477461980845,1.39914242187872,1.66923024296157,1.08820272463416,2.55721830074962,1.30284940628099,1.71171104788612,1.78244596892738,1.16990430901989,1.17375548192988,1.14627008530168,1.39722809231478
1.45476239664057,1.33051922693357,1.10846085355147,1.1852007024327,1.64839537382871,1.49603475744936,1.39944718523426,1.68649472776176,1.09523169244383,2.01441713454067,1.29632087991594,1.69843397743849,1.79310668669639,1.17304052642853,1.19155967134424,1.14346714492006,1.3961952761763
1.46576397256268,1.32750030853606,1.10985308022736,1.18540209675077,1.65049029438333,1.49593534459677,1.39684664739232,1.67079845237496,1.09361692502373,2.09402892898433,1.29312798605664,1.70778295037627,1.78522251747115,1.16548522501579,1.17850803704489,1.1399764085309,1.40526733515468
1.46921187477095,1.33576303392896,1.11043106700545,1.19218170275689,1.64557059313574,1.49183835581817,1.40388186923718,1.67117129400691,1.084920132154,2.14211446731391,1.29933272083094,1.70532817294652,1.77934403646387,1.16409139935126,1.18277279359348,1.13424358799361,1.39672712425761
1.4651840014924,1.33891746395708,1.10917835616292,1.19290519091467,1.64582880876572,1.49180566161002,1.40501252770049,1.67211730590942,1.08582470066947,2.22991799499799,1.29711485648372,1.70045154807752,1.78011098261493,1.16812003761242,1.18109837637533,1.13700890778828,1.39380325609707
1.46403707211603,1.34310716879259,1.10742109111255,1.18454313244869,1.64399912714244,1.48528493039079,1.4010594271775,1.67060620059702,1.08967877250706,2.36491522020292,1.29566692628679,1.71181012870302,1.7768508950426,1.16506439804267,1.17631817526934,1.1294763790397,1.38438914277103
1.4669714789905,1.34043653145396,1.10584093295511,1.18660597137558,1.64916318610335,1.49642499766115,1.40049475634237,1.67542439004528,1.08845123531155,1.84671472420417,1.29856272077821,1.70576889600481,1.77962809907924,1.16834277743363,1.18816875400971,1.13519432109607,1.39302648253972
1.46050964387148,1.33912009116455,1.11232883155623,1.19191625138365,1.64244297637659,1.48474305204372,1.40851206677886,1.67538352354901,1.0885720901866,2.18320847488713,1.29838656749188,1.70013680655761,1.78180783595211,1.17039616613129,1.1793758700746,1.14657549763103,1.39199802721753
1.45847251118614,1.33449239223864,1.11123852950815,1.19096111133791,1.64572382097556,1.48725973847734,1.39511548604397,1.6721855115024,1.08548681168639,2.73380348030835,1.29327215240058,1.69740324048278,1.78879785740578,1.17080202473394,1.18169991721848,1.12766955424835,1.40165597456528
1.4643516991894,1.33053634900658,1.10865758141956,1.19699820534833,1.65242627654544,1.50072100552623,1.40052194162758,1.67382372165681,1.08693870603774,2.01368628440623,1.2926869059617,1.70145854105071,1.78181110059654,1.17131676524996,1.18164248888323,1.14543871845903,1.39291195896919
1.46675218488727,1.33858017097874,1.1020847927488,1.19096967944011,1.64657630080365,1.49402890136226,1.40884556487633,1.67315207784446,1.09019896779675,2.48715531283789,1.30077518284322,1.70968476109734,1.7805902850946,1.16461599895017,1.18215091329338,1.13991020135278,1.38993928594989
1.46337907842973,1.34120261415437,1.11155976436894,1.19136944995619,1.64633858383986,1.49207260569846,1.40255011776151,1.67217421920291,1.0878244856436,2.40504964097392,1.29498672470787,1.70224253893133,1.78339405155955,1.16528773374352,1.1795353468804,1.1370036618952,1.39850136255281
1.45692580469911,1.33784376641331,1.11462070762309,1.18992728247942,1.64776856050313,1.49569853516823,1.40727615772533,1.67761383846018,1.09657552660659,1.93316331363526,1.30149265148808,1.70181146404336,1.78763265809801,1.16696698900107,1.17704529150253,1.13707302663121,1.39721337341255
1.46365283857842,1.32863210739101,1.10794089997399,1.18379281607788,1.64758621283447,1.50523704838463,1.39663408033537,1.67116592963277,1.09083112254039,2.27002556602233,1.30004034810048,1.69743809393908,1.78086931105004,1.17239396007243,1.1886682069366,1.14709147288291,1.40578183657228
1.46218462309822,1.34272416525912,1.10495480479311,1.19105554958609,1.63907636692822,1.47778478675564,1.4012184729148,1.67733768867689,1.08923478683323,2.3507120278335,1.29821644790447,1.71264922463234,1.7815906646271,1.16757259997928,1.17960087516762,1.13772483183971,1.39821697729691
1.46770365025346,1.33719837524211,1.1136932272408,1.19258430218589,1.64595947982704,1.49196404709833,1.40396398865428,1.67468101706533,1.08751837351533,2.29381841269441,1.29229599851318,1.70422196619114,1.78626443853458,1.16545600066058,1.18071240036363,1.13558664021294,1.39982927163904
1.46149498946003,1.33771872309664,1.10850292497716,1.19354380492434,1.64497067129327,1.49481295670375,1.40689146052449,1.67148706922108,1.08916557621876,2.22630764735573,1.2986473062678,1.70050353712688,1.78489694017114,1.16910370908171,1.18369054245118,1.13238442135445,1.3908050898771
1.45088229625929,1.33266772674318,1.11354763415974,1.19449331874976,1.6431557657948,1.49837620171917,1.4134477239275,1.67442888470637,1.08192667919761,1.89628194292183,1.30145049399048,1.70435297880282,1.78300605385118,1.17616814560485,1.18137971000789,1.13690824156221,1.39674991544258
1.4637614884693,1.33628690357309,1.11527396937277,1.18884648730628,1.64410160572367,1.48816957596714,1.40140211796213,1.67250103180586,1.0835647603607,2.09785468540065,1.3015647334671,1.70651871273286,1.78448811808857,1.16270600774325,1.18443748967309,1.13694772962159,1.39581095443465
1.46364478015643,1.34313312182002,1.11352735562058,1.19591206991037,1.65169370165391,1.50905704811593,1.40165836158374,1.67440723409405,1.08773420715266,1.78822550052988,1.28889648607273,1.70315566100053,1.7806068691297,1.16729546378273,1.19643167121684,1.14386998499452,1.40300527190471
1.45515826680516,1.33672254682391,1.1085934772955,1.19120038088805,1.65109110734379,1.49681232487386,1.40131880558068,1.66705935222399,1.09121676550575,2.39039557919171,1.28620105546702,1.69442694293659,1.78055584163655,1.17297476363823,1.18956740990327,1.13114456984026,1.4066717260321
1.46565558629503,1.33298543220984,1.1125094038699,1.19162232160306,1.65519410869312,1.49421252179148,1.40181223545522,1.67849317479546,1.08796146156206,1.63243617157993,1.29615674778808,1.70438498695623,1.77716956376834,1.17378799775218,1.17860461816927,1.13386572443882,1.38723820323007
1.46289779256137,1.33941815024723,1.11084126630135,1.19344895968567,1.65560198179817,1.49813919130038,1.40116161250815,1.67543515749112,1.09069071469215,1.74404233638961,1.2928619679687,1.70759837071547,1.78256802594304,1.17745412761256,1.1828629407059,1.14365682853763,1.39006289101872
1.45938677267245,1.34215072171787,1.10457702592763,1.19219891947247,1.63934703329444,1.4920913646652,1.41075345522052,1.67471608847234,1.0835829237086,2.51535661627685,1.29540636170565,1.7071802025708,1.78894668489858,1.16103661110192,1.17655099167196,1.12359807377311,1.39027307184322
1.47265294917675,1.3437504594105,1.10205601184687,1.19403649581011,1.64065158958493,1.4880418883637,1.39464296028787,1.66700284029958,1.09232723143093,2.38953677789304,1.30134466924164,1.7091382991244,1.7804728992881,1.16809659634958,1.17635057371533,1.14861964198095,1.40297547593579
1.4647629613766,1.33734190472864,1.11690826437642,1.18740485878657,1.64563164514563,1.48877117547265,1.41172770750485,1.66866578448328,1.0844346268043,2.11431418759101,1.29767073685125,1.7053645961407,1.77611623687387,1.17128451849684,1.17917476258204,1.13973747489513,1.39953973438139
1.46134084866971,1.34150408535302,1.10652140948846,1.18778790639587,1.64885970667415,1.50027059805334,1.40540613196074,1.67154334572822,1.09008561499187,2.15493847448274,1.29307238994589,1.69746494449201,1.77715167533236,1.17098700684886,1.18754125947329,1.14590016717187,1.40445598836237
1.45448931143229,1.33861824039182,1.11834951531458,1.19413320262441,1.64680744605381,1.49453168251201,1.41410228351605,1.6776349718805,1.09117469944104,2.1296576749001,1.29762202576902,1.69975305074275,1.78791957561388,1.1730411596801,1.18523997632511,1.13877252743732,1.39663275669611
1.4648634885624,1.32502040009535,1.11812280668282,1.2038832205772,1.65324729401399,1.50441706597181,1.40610812529829,1.67948367431868,1.08711431914392,1.52984068875598,1.28490059859505,1.69735824838686,1.77303758319897,1.18381496176947,1.16666551322197,1.15124185578652,1.39118647597774
1.46721666542538,1.33705968522752,1.11140422827416,1.19015236772346,1.64577815718713,1.49167293923207,1.40261026903676,1.67020114331994,1.08769501128245,2.175917571003,1.29910707091604,1.70301718344295,1.78418668205732,1.16725877336379,1.18371306941966,1.13809049053419,1.39351606748361
1.4653989918134,1.34454957314177,1.10720982558074,1.19416919197316,1.64183036353167,1.48866758613348,1.40386414132159,1.67017773322878,1.08566499580088,2.47427840979847,1.29793445546016,1.70906623787543,1.78561867840699,1.17019036319326,1.17334221254805,1.13989497869066,1.39448097862672
1.46019451571627,1.33809425404342,1.10946722825361,1.19248282664618,1.64194836068179,1.48946569328074,1.40910192417225,1.67512672479364,1.08782124793121,2.28031989984103,1.30083723070823,1.703703574397,1.78168532975566,1.17116732003695,1.17743470484899,1.14040053139703,1.39612421442931
1.46104566921313,1.32891829985053,1.11298509118871,1.18563012593453,1.6454929265316,1.5019890295268,1.40107570248194,1.66857509240276,1.09070152729265,2.2030094839903,1.30248426843951,1.69807258287689,1.78098097807811,1.17644210096969,1.19014741933421,1.146788077275,1.4074278719004
1.4554044000973,1.32747464497247,1.11225729331058,1.19892763512379,1.65330186042294,1.50710451939132,1.40764558248008,1.67550924959715,1.08953745507152,1.74149299359513,1.29270820657746,1.70122746816316,1.78543798974065,1.17462294535374,1.18203297443041,1.1386829027562,1.3984291226752
1.46300375617048,1.34103804628207,1.1079182605752,1.19184159861996,1.64465715546218,1.49074634902521,1.40414305627571,1.67268874564838,1.08408580742689,2.17582545136863,1.29794944935199,1.70221976174038,1.78030255534344,1.16536144037182,1.18111726017711,1.13702364070503,1.39244307451068
1.46211669140101,1.34515590241215,1.1148762789145,1.1929667708342,1.65101142211063,1.49123789782747,1.4043616987356,1.67040845063681,1.09198320411584,2.22397796981083,1.29657535656813,1.70682368080028,1.77927863978471,1.16761557213466,1.17640906950163,1.14178410081979,1.39518740982442
1.46284419695103,1.33650454401429,1.11207914662333,1.19046412949906,1.64434277125488,1.4919223993574,1.40421651031588,1.67066187566311,1.08979215014122,2.18373251511814,1.29819711313265,1.70196747000135,1.78331812990432,1.16592189964473,1.18411321157039,1.13652388616376,1.39310177772597
1.46593160543961,1.33588288651192,1.11329588425613,1.19202521808303,1.64524305682498,1.48990443286487,1.40319853536224,1.67425146817801,1.08897835980206,2.39462401684589,1.29411622170313,1.70241396484785,1.78618060399287,1.16621199168877,1.17887874988075,1.13519440924171,1.39863710878871
