id,s,EGFR,CDH1,ESR1,TP53,H3F3B,MKI67,ACTA2,KRT7,VIM,CASP3,ERBB2,GATA3,KRT19,PGR,MYC,FN1,KRT14,SNAI2,MS4A1,VWF,KRT5,CD44,PTPRC,CD68,CD3E,CA9,KRT8,TWIST1,RPS6,MTOR
0,not_cohort,0.3455,0.2415,-1.7802,-2.5322,1.2319,-1.0878,-0.5746,-0.3601785,0.568,0.328,-2.5647,1.9628,-0.2188,-0.7031,0.5831,1.6302,0.1698,0.8954,0.1594,0.2654,-1.02,0.1125,1.4203,1.588,1.0136,0.9784,-1.1645,1.3994,-1.3532,-0.6308
1,not_cohort,-0.7348,-0.1313,-1.5625,-2.8314,0.6561,0.1635,-0.1949,-0.358809,-0.1476,-0.3796,-1.3433,-1.1813,-4.143,-0.8772,1.1048,0.9656,0.0598,2.1717,1.0115,2.2342,0.2508,0.7397,4.0789,2.3579,2.7732,-0.0394,-2.1026,2.2397,0.3167,-0.3728
2,not_cohort,5.4543,0.9094,-1.6289,-2.8122,1.2276,-0.0089,0.2835,-0.8937855,0.45,-1.0813,-1.512,-2.0941,-2.3928,-0.8073,1.2085,-0.515,1.2834,0.6013,1.9917,1.9649,0.9795,0.4404,2.729,1.3436,2.176,-0.885,-1.8408,1.3687,0.8392,-0.2416
3,not_cohort,0.4694,0.0364,-1.9933,-1.8054,-0.7517,0.096,1.3248,0.8178405,0.8194,-1.0751,-1.0161,-1.6999,-0.0434,-0.7361,2.4369,-0.5678,-1.1368,-0.7795,0.1714,-0.9888,-0.945,-0.104,1.5048,1.0174,-0.7098,-0.105,0.6769,2.5051,0.5495,1.6985
4,not_cohort,0.087,0.4354,-0.9503,-0.4021,1.3685,-0.2466,1.7713,-1.1856135,1.093,-1.0935,0.2427,0.7917,-1.3046,-0.8226,2.5378,0.4214,1.3796,3.6943,1.7646,1.9092,2.3077,-0.1436,-0.5154,0.075,-0.9241,4.2448,-1.0606,0.0108,1.3933,-0.9228
5,not_cohort,3.1003,0.5188,-2.1364,-3.0331,-0.4448,1.7448,-1.3861,-1.6397895,1.7343,1.4972,-0.2855,-3.2938,-2.8513,-0.905,0.8118,-0.4473,-0.5771,1.4085,2.8312,1.9092,0.1673,0.4993,3.7215,0.8725,3.6299,-0.5998,-3.8353,1.0877,0.8312,-0.5714
6,cohort,0.2886,-0.3552,-1.4361,-1.7098,1.0581,1.7448,0.741,-1.146396,0.7006,0.4054,-0.5647,0.1083,-1.097,-1.0481,0.3272,3.9069,-1.1556,1.5925,-1.5941,0.7625,-0.7801,0.9618,0.546,2.0864,-0.93,4.2498,-2.8378,2.043,-0.306,-1.4877
7,not_cohort,1.6907,-0.0256,-2.1311,-2.3502,-1.2263,0.4831,0.6503,1.0929855,2.0937,0.0426,-1.3383,2.1939,0.1483,-0.8669,2.8618,-0.2374,0.8555,-1.2396,2.1137,-2.5003,-0.7805,1.0977,0.1067,0.9406,-0.6326,3.3576,-1.38,-0.5857,2.7439,-0.5329
8,not_cohort,0.5623,0.4943,-1.8199,-1.3406,-0.482,0.0996,0.7637,1.138677,1.4363,1.0591,-1.3051,-1.9987,0.2541,-0.9216,-1.5013,1.0736,-1.1595,-1.6539,-0.5766,-1.0502,-0.9749,0.0473,1.0685,1.9118,-0.2241,2.4565,0.8012,1.1867,-0.0382,-0.8001
9,not_cohort,0.4285,-0.8045,-2.0494,-2.1696,-0.7021,0.4673,1.0042,1.7886915,1.0425,0.2959,-1.9401,-0.595,0.4018,-1.232,0.636,-0.3111,1.104,-1.1339,-1.0787,-1.6177,2.0695,0.8081,1.113,0.5198,-0.6825,3.8829,0.0854,-0.7288,0.2259,0.7302
10,cohort,0.5221,-0.6424,-1.0203,-1.7757,1.073,-0.8975,0.5245,-0.7090275,1.4213,-1.0433,0.8541,0.404,0.5548,-0.6918,0.6674,0.6634,0.6002,2.1569,-0.6647,-0.6705,2.0193,0.5376,0.4562,0.3833,-0.1698,3.3621,-0.2275,-0.5284,-0.599,-1.5854
11,not_cohort,-0.8008,-2.1747,-1.0224,0.5675,-0.7797,-0.4335,-0.1654,-2.707875,0.2414,0.1765,-0.3594,0.682,-4.7212,-1.0675,0.4244,-0.8548,3.1951,1.9688,-1.1784,1.0656,3.4315,0.3248,-0.6642,0.1981,0.1939,-0.4085,-5.6739,2.602,0.8134,-1.1647
12,not_cohort,2.555,1.0291,-1.714,-2.4374,-1.9527,0.5192,0.3245,0.6261105,1.0425,0.7492,-0.4804,-2.2828,-0.1404,-1.011,1.0996,0.076,0.8451,0.515,1.1943,-1.208,1.0289,-0.3282,0.2469,0.5253,-0.5086,2.0537,0.2242,-0.2962,1.5561,1.5238
13,not_cohort,1.0577,0.0342,-1.8611,-1.5898,-2.2872,1.0759,1.2911,0.628227,0.3445,-0.1026,-0.701,1.8239,-0.6627,-1.0618,0.8084,0.3811,3.1596,3.7417,-1.1771,-1.5713,2.9869,0.2827,-0.2623,-0.4983,-1.1919,0.5568,-1.9835,-0.7038,0.6027,0.1892
14,not_cohort,0.2173,-0.02,-2.056,-1.5349,-1.1326,1.8212,0.4835,1.2864585,0.502,0.7374,-1.6395,-1.001,-0.0676,-0.7826,-0.6818,-0.1638,-0.5018,0.109,-0.8438,-0.368,0.5373,0.7529,-0.0236,-0.0909,0.7402,0.1855,-1.5742,0.3981,-0.3038,1.1541
15,not_cohort,-0.0431,-0.0513,-1.2173,-0.0416,-0.6063,0.1852,1.0042,0.941718,0.9133,-0.3628,-0.7376,2.064,-0.3999,-1.0507,1.0291,-0.7525,-0.422,-0.4679,0.0067,-0.352,0.9731,-1.4814,0.8208,0.6824,-0.4728,0.9279,-1.1587,-0.4209,0.4121,-0.5825
16,not_cohort,2.9586,0.1169,-0.9762,-1.141,-1.493,1.2252,-0.8672,0.668316,-0.5305,0.4066,-1.3684,-2.2542,-0.1137,-0.8466,0.3608,-0.1067,0.5271,-0.2716,0.1623,0.8483,1.3277,0.0172,0.4708,0.2367,-0.477,0.3402,-1.9816,0.3466,-0.1476,-1.252
17,cohort,0.8045,0.4378,-1.2682,-0.7351,1.0227,-0.3755,0.382,0.2448915,1.4127,-0.1015,0.9509,0.697,0.0718,-0.6883,1.0119,1.5756,-1.0532,1.0312,0.1076,0.5266,-1.051,-0.2708,0.3115,1.8537,0.1554,-0.0227,-0.4965,1.8709,0.662,-0.8785
18,not_cohort,2.6059,1.4926,-1.5712,-1.9757,-2.2179,-0.4705,-0.7686,1.130958,-0.791,0.7645,0.5734,-0.5225,0.2629,-1.1529,0.4293,-0.3843,-0.264,-0.1365,1.4485,-0.7169,0.3605,0.1174,1.2601,0.2564,1.9534,0.8973,-0.6767,-0.3204,0.4749,1.5961
19,not_cohort,0.7827,-0.3157,-1.6648,-0.6586,-0.8931,2.2289,-0.6001,0.9630075,-0.3502,0.829,0.398,-1.3125,-0.3029,-1.0898,0.9197,-0.171,2.1316,-0.3269,-0.7375,-0.4163,0.6712,-0.1725,1.5062,0.8045,0.1555,0.2562,-0.5129,-0.2948,0.1825,-0.8422
20,not_cohort,2.5997,1.0681,-1.8044,-1.0289,0.1871,-1.3122,0.5826,0.6193875,0.9534,0.9631,0.4715,-0.2637,-0.7398,-1.1826,1.0306,0.506,0.517,-0.2262,-0.5059,-0.9951,2.3523,0.4878,0.8595,0.8931,-0.1961,1.3336,-1.4104,-0.304,-0.3845,-0.9553
21,not_cohort,0.4892,0.5875,-1.9992,-2.5179,0.1674,1.1937,-2.794,0.015687,-0.0389,-0.6348,0.2975,-1.896,-0.4951,-0.7478,1.0056,-0.3597,2.5109,0.151,-0.4246,0.9769,2.2666,0.2253,0.2254,0.1875,0.8534,0.4672,-1.1424,-0.0195,0.5539,-0.7855
22,not_cohort,1.613,0.4524,-0.8488,-0.7671,0.2875,-0.7506,1.1313,0.0056025,1.093,-0.6723,-0.6694,-0.9278,-0.4814,-0.7571,1.0755,-1.0684,1.386,0.6489,-0.985,0.8189,0.8331,0.5989,0.6141,-1.1582,0.4578,-0.4445,-1.3598,-0.2286,1.5659,1.0883
23,not_cohort,0.0139,-3.1944,-1.8076,-2.8145,-0.7756,-0.256,1.7713,0.614781,1.6113,0.4241,-1.9517,-0.0219,-0.9698,-0.7781,1.1898,0.3499,1.5663,-0.4671,0.15,-1.0155,2.0178,0.4573,-0.5135,0.2268,-0.3218,-0.3783,-1.2769,-0.157,-0.0292,-1.2959
24,not_cohort,1.8476,0.925,-0.9894,-1.6224,-0.1974,1.6556,-0.5746,-1.187979,0.6294,0.2712,-1.0017,-1.9222,-2.4566,-0.7049,0.3681,-0.7525,-0.8413,0.6326,2.8087,0.1056,0.0379,1.9723,3.9504,1.8031,3.721,-0.4919,-2.2266,1.5873,-0.2219,0.5507
25,not_cohort,1.3028,-1.1686,-1.568,-2.195,0.0256,1.1467,1.2911,1.122243,1.3402,-0.3745,-0.847,-0.8245,-0.3875,-0.7921,-1.921,-1.113,2.4931,-2.6776,0.2913,0.9423,-0.1079,-1.3197,-0.3449,-0.4124,5.1963,0.2401,-1.4471,-1.2233,-0.0052,-0.5355
26,not_cohort,0.7133,-3.6594,-1.219,-2.4868,-0.3281,-0.0987,-0.4336,0.87648,1.7343,0.171,-2.7793,-0.5571,-0.268,-1.0186,-1.2511,-1.3236,-0.3134,-2.8434,1.473,-1.3247,1.5691,-2.2815,-1.3151,-2.1332,1.6239,1.4604,-0.6939,-2.0191,-1.2729,0.1065
27,not_cohort,1.1921,1.2474,-1.7728,-0.433,0.1374,0.7767,-0.2693,0.073704,0.1201,1.5324,-0.1493,1.9097,-1.5137,-1.0293,-0.6189,-1.2385,-0.6079,-1.6604,-0.5335,0.4935,-0.6836,-2.7723,-1.4113,-1.1977,2.8317,1.4286,-0.779,1.2056,-0.3927,0.4982
28,not_cohort,-0.0939,0.547,-0.9219,-0.7704,-0.2106,-0.8723,-0.894,1.234044,0.4728,1.7201,0.8358,0.8254,0.1108,-0.9513,-0.3636,-1.439,0.6408,0.1401,-1.6207,-1.6839,2.0356,0.2843,-1.5628,-0.9372,0.6188,1.0223,0.0759,0.5624,1.4306,-0.564
29,not_cohort,1.4174,0.8601,-1.1416,-0.6475,0.7103,0.5058,0.0218,-2.2637835,0.7263,-0.3763,-1.4246,-1.0104,-0.2679,-1.1026,-0.4922,-1.0436,0.008,-1.5028,-1.8144,-1.4478,2.8804,0.3724,-0.5096,-1.2089,2.2824,0.7948,-0.439,0.5366,-1.4517,1.8105
30,not_cohort,0.931,0.6067,-1.4793,-1.2035,-1.7628,0.7366,-0.748,1.1935815,0.142,2.2595,-0.9339,-1.8101,0.0399,-1.0401,0.7544,0.1922,-0.9524,-1.241,0.7175,-2.6766,0.7399,-0.8526,0.2151,-0.6462,-1.2475,0.6919,-0.5623,-1.1328,-1.4938,1.0294
31,not_cohort,1.6005,1.1573,-1.7529,-2.672,2.073,-2.0439,1.2911,1.27488,1.6113,-0.0102,0.0021,-2.5235,0.5031,-0.7481,-1.0292,-1.1871,-0.2004,-2.2021,-1.2428,-0.6892,1.8326,-1.0385,-0.9666,-0.9316,1.2992,2.6052,-0.0209,-0.8272,-2.9382,0.424
32,cohort,2.9421,0.4735,-1.9289,-1.3365,-0.7306,0.8486,3.9626,-1.262928,-0.8603,0.9924,-0.9689,2.2954,-0.3018,-1.0257,1.1229,-0.4468,1.86,0.3354,-0.1132,0.6216,1.4362,0.0144,-0.4959,-1.0461,1.1924,0.9832,-0.4021,0.6905,1.2646,1.1528
33,cohort,0.6184,-0.5392,-2.2432,-1.1289,-0.4704,2.2591,0.7243,1.2050355,1.6113,1.1672,-1.0021,-1.7941,0.5108,-0.8112,-1.3509,0.6371,-0.1077,-0.1092,-1.3385,0.457,-0.5662,1.3485,-0.8736,-1.0176,-0.6085,-0.3759,1.4954,-0.445,0.4155,0.5344
34,not_cohort,4.0286,1.1026,-1.5615,-1.6593,1.0306,-0.307,-0.0718,1.176525,0.9268,-0.2771,-0.228,-0.3332,0.417,-0.8545,1.9293,-0.1668,0.6377,-0.1872,-0.6635,0.5339,2.6678,-0.199,0.5091,0.397,0.2076,0.8913,-0.1279,-0.8474,-0.7547,0.0843
35,not_cohort,-0.6506,0.9211,-1.706,-1.358,0.6112,-0.3055,0.3555,0.4149585,0.4728,0.8761,-0.7704,0.1574,-1.0008,-0.8859,0.1998,0.2304,-0.5083,-0.0081,0.1258,0.0337,-0.1086,0.4222,0.4857,0.3346,0.0589,1.2282,-1.0012,-0.3132,-1.4838,0.0702
36,not_cohort,0.6659,1.4123,-1.5303,-1.337,-2.2278,-0.1584,1.5381,1.768149,1.3274,0.5538,-0.0133,2.3923,0.0154,-0.9868,-0.654,0.3621,-0.1979,0.093,0.3857,-0.5539,-0.398,0.3464,-1.1399,0.2573,-0.456,0.2295,-0.2111,0.2276,-1.5112,1.4534
37,not_cohort,0.7953,0.1556,-1.6384,-2.0882,-0.4605,2.4316,-2.6808,0.9261555,0.6294,-1.1118,-0.122,-2.386,-0.9724,-1.0397,1.8893,0.108,2.5833,-0.653,1.6884,-0.9246,0.388,-0.0627,0.9486,0.0359,1.2159,-0.5029,-0.3437,0.3877,1.8784,0.479
38,not_cohort,2.4203,0.917,-1.7158,-1.6681,-0.8409,-0.1122,1.7713,0.5394585,0.7263,1.6554,-0.323,0.9127,0.5557,-0.742,-0.3217,0.6859,1.5152,1.1569,-0.6404,0.9398,1.2668,0.9565,-1.2695,-0.5739,-0.6629,-0.7257,1.773,1.4336,-1.7323,1.127
39,not_cohort,0.2568,-0.4461,-1.7459,-2.4117,-1.0412,0.9089,1.1279,1.104813,2.0529,-0.8659,-1.5668,-2.259,-0.9858,-0.7077,-1.75,-1.146,-1.177,-0.9933,1.0496,0.2686,0.2199,-1.4069,-0.6365,-0.8711,2.7519,2.5642,0.4243,-0.2809,-1.1898,0.3525
40,not_cohort,1.417,-0.4555,-2.1021,-2.5451,-0.3661,0.258,0.9751,0.7528515,0.7709,-1.023,-0.1611,0.823,-0.3145,-0.9222,0.3454,0.7682,-0.6778,-0.107,3.0176,0.6874,0.0688,0.8646,3.6805,1.2428,2.3583,0.3732,-1.9186,-0.1794,0.5235,1.6012
41,not_cohort,0.5382,-1.2299,-1.8981,-2.8633,0.611,3.2728,-0.4103,0.427533,1.093,1.2103,-1.6325,0.6747,-0.5498,-1.1155,0.724,1.5286,1.0185,1.3704,-0.5539,1.1851,0.4791,0.6989,1.9468,0.8351,1.5674,-0.2103,-1.2996,1.4252,-1.7768,-0.9044
42,not_cohort,1.1086,-0.1971,-1.8644,-2.6919,-0.196,1.4585,1.749,2.034579,0.9859,-0.4461,-1.1837,1.5171,0.284,-0.9261,1.3086,-0.3506,0.1055,-0.2059,-1.2297,-1.5261,1.7584,0.159,-0.7891,0.6158,-0.8498,2.528,0.7175,-1.0782,0.4179,1.0936
43,not_cohort,0.3785,-1.7792,-1.2983,-2.3985,-0.2087,-1.7162,0.69,1.041069,0.7936,0.459,-2.1208,1.3627,-0.635,-0.8435,-0.4434,0.0987,0.0074,1.0798,0.934,1.435,-0.1012,1.0061,1.7191,2.4629,2.7428,-0.7671,0.4533,1.4847,-0.3219,-0.0592
44,not_cohort,1.9274,1.1451,-1.6315,-1.6246,-1.1494,0.1242,1.1313,1.3402425,0.5378,0.6636,-0.7452,-0.2722,-0.0812,-0.8621,-0.8273,0.523,0.1544,0.4173,-2.2477,0.1016,0.127,-0.8987,0.266,0.2597,-0.4052,2.1357,-0.2993,0.219,0.1379,0.4853
45,not_cohort,2.1509,-0.8913,-1.8088,-1.9921,-0.4228,0.8663,1.2874,0.869259,1.4922,-0.4089,-0.2463,-0.4769,-0.4781,-0.7295,0.3906,-1.4357,0.0003,-0.1066,-0.4673,0.9261,1.9961,0.6923,0.3621,0.0575,0.6106,-0.1285,-0.2416,0.388,-1.1183,0.3294
46,not_cohort,1.574,0.5573,-1.0652,-1.9585,-0.7089,1.0975,-0.2371,0.3178485,0.4477,1.5983,-1.1071,1.1134,-1.6945,-1.2943,0.9306,0.7786,2.2147,0.5679,-0.962,-0.0024,1.2314,0.4288,-0.6499,-0.6054,-0.6143,1.4642,-0.1132,0.8252,1.4645,-1.5288
47,not_cohort,-0.6703,0.3841,-1.8392,-0.1568,0.816,0.8113,0.202,-0.3310455,-0.3028,2.1131,-0.3625,-1.1683,-1.0944,-0.7685,-0.3329,0.8215,0.4425,0.2993,1.0113,0.0855,1.2141,0.661,0.7434,0.4229,0.6103,-0.1535,-1.5716,0.2557,-0.4295,-0.3584
48,not_cohort,0.021,-3.6703,-2.1573,-3.2167,1.9731,-1.2375,-3.5522,1.329162,-2.5904,-1.6266,-3.5381,1.9985,0.0942,-0.715,-1.2713,-0.9571,-0.8582,-0.4328,1.8754,0.5449,-0.8306,0.5842,2.2571,0.4641,3.1753,-0.9328,0.1486,-0.6436,0.7296,-0.0993
49,not_cohort,0.9548,-0.432,-2.0399,-1.5536,-1.9179,2.1888,0.9809,1.0312335,0.7264,1.3477,-1.9105,1.1539,0.1239,-0.7441,-0.4161,-0.8045,-0.7895,-0.3523,1.1956,-0.3749,-0.9317,0.9665,-0.3432,-0.6135,1.3908,2.3655,-0.3554,-0.518,0.1221,0.1505
50,cohort,-0.0112,-1.0878,-1.6138,-1.9997,0.603,-1.0102,-0.458,-1.578909,1.2686,0.5754,0.709,-1.3732,0.5656,-0.7443,0.1179,0.4288,-0.1666,0.0517,0.6446,-0.1593,-0.1248,-0.0087,2.279,1.649,0.6469,1.1519,0.4198,0.0382,-0.6087,-1.0341
51,not_cohort,1.9446,0.8703,-1.9367,-2.3338,-0.3039,-0.1814,0.8024,0.794061,0.8278,0.1747,-0.5026,0.0848,0.5582,-0.8929,0.9655,2.714,0.2021,1.0874,-0.0802,-0.2023,2.5283,0.0467,0.2817,0.1569,-0.2989,0.4444,-0.9905,-0.1439,0.109,-1.5305
52,cohort,0.3959,-0.5473,-0.887,-0.8192,0.3486,0.2221,2.0864,0.1696935,1.8891,-1.4132,-0.9671,0.144,-0.3867,-0.8014,1.6888,0.5098,0.0306,-0.4135,1.0934,-0.5236,0.6432,-0.3408,1.7282,2.0885,1.1486,-0.1272,-0.3217,-0.5534,0.8511,0.3381
53,not_cohort,2.4469,0.8083,-1.7814,-1.5198,-0.0137,0.261,1.7997,1.3940265,0.3542,-0.6007,-0.7998,0.8765,0.0002,-0.8898,-0.6726,0.5713,-0.9159,-0.2873,-0.506,-0.8039,-0.5216,1.2764,0.049,0.5462,0.4721,2.2218,-0.3565,-0.2127,-1.3654,0.2381
54,not_cohort,-0.5352,-3.8608,-1.8646,-2.8985,-1.6367,-0.4898,-0.8302,0.893163,1.6113,0.6317,-3.3702,-0.355,-0.6268,-1.0439,0.1062,0.9259,-1.278,0.9017,-1.2261,1.3721,-0.7622,0.631,0.4994,1.9559,-0.2709,-0.0952,-0.7029,1.054,-0.2522,-0.0953
55,not_cohort,2.0334,-0.274,-1.227,-3.0733,-0.7337,-0.2149,0.3146,-0.358809,0.9502,-0.1732,-0.2205,-2.6282,-1.916,-0.753,0.59,1.7409,-1.0292,2.2405,0.8196,1.1113,-0.6248,0.8185,2.0079,2.5847,1.4088,-0.3221,-3.0509,1.4697,-0.598,-0.2169
56,not_cohort,2.644,0.8234,-1.8192,-1.1109,-1.4134,-0.084,0.6469,0.57021,0.299,0.9175,-0.8065,-0.871,0.3401,-0.7556,0.2574,0.988,1.1959,2.4157,0.476,0.0914,0.9301,-0.467,0.4643,0.3051,0.9953,-0.3494,-0.136,1.0027,0.1579,-0.3392
57,not_cohort,-0.6311,-1.9689,-1.7602,-1.7024,1.1075,-1.1957,-0.9046,-3.5227275,1.4149,-0.875,-3.7939,-1.0684,-3.4571,-0.9541,0.0887,1.7134,-1.2726,2.9774,-0.118,-0.8479,-0.8247,1.3374,0.5576,2.3557,-0.6508,1.0241,-3.3283,3.8345,-0.5737,-2.1564
58,not_cohort,1.651,-0.4745,-1.9324,-2.4393,-1.6629,1.1965,-0.9566,1.208646,2.0937,1.5491,-2.2094,-1.6602,0.0232,-1.0626,0.6146,1.3282,3.1432,-1.8369,-0.6032,-1.9466,2.4302,1.6319,-0.1221,-0.3935,0.2648,0.6194,-0.622,-1.0623,0.9808,1.8186
59,not_cohort,3.8675,-0.7636,-1.9252,-1.6641,-0.3909,-0.2678,1.1279,0.5207835,0.7903,-0.9496,-0.3895,-0.6035,-1.083,-0.9647,0.3045,-1.0678,-0.8742,-0.9556,-0.7738,-0.7606,-0.3004,1.0517,0.6599,-0.8722,1.418,0.3661,-1.0408,0.0013,-1.4863,0.8146
60,cohort,2.6417,0.2094,-1.2322,-1.5249,0.7693,1.4561,1.4062,-0.671304,1.2362,0.1966,0.0581,2.5881,-1.2839,-1.0231,1.0953,-0.091,0.9693,-0.0829,-0.8125,0.5393,1.9205,0.2779,1.5172,0.5221,1.9109,1.8504,-0.7107,-0.3321,0.7524,0.6921
61,not_cohort,1.8409,1.3098,-1.5336,-1.1398,-0.1725,-0.8857,0.585,0.498747,0.0203,1.7313,0.4162,-1.489,-0.4796,-1.0371,0.6337,-1.4169,-0.499,-0.0674,-1.2603,0.4528,0.1189,0.6697,1.3838,-0.2347,1.5292,-0.3866,-1.8553,1.3408,-0.5093,0.6221
62,not_cohort,0.1568,-0.4749,-1.715,-2.8802,-1.0703,2.504,0.5493,2.073174,0.3897,1.098,0.0483,-0.4186,1.1227,-1.0295,-0.2285,1.104,-0.8424,-2.5062,-0.473,-2.0142,2.2132,0.7692,-0.4893,-0.923,0.4513,1.415,1.24,-1.9384,-2.0646,2.6126
63,not_cohort,-0.2023,-0.2434,-1.8925,-1.8855,-0.3683,0.4552,-0.237,1.100331,1.4086,0.6398,-1.6287,1.667,0.0693,-0.6931,0.7424,-0.4253,-0.0388,1.4748,-1.4716,0.3103,1.3114,-0.6101,-0.7839,-0.4409,0.3214,0.1641,-0.2329,-1.2753,1.0017,0.7252
64,not_cohort,0.6637,-2.1816,-0.8522,-1.3993,0.4631,-1.1956,0.6503,1.0491615,1.2053,0.5794,-1.6752,-0.6286,-1.3116,-1.1299,0.7857,-0.7018,-0.4802,-0.558,0.0792,-3.9479,-0.8706,0.7142,-0.274,0.4985,-0.1096,-0.3596,-0.4965,-0.8592,1.7338,-1.1781
65,not_cohort,4.1715,0.2913,-1.6425,-2.7428,0.2342,0.0869,0.8081,0.2819925,1.1467,0.3893,-0.7823,-0.325,-0.2842,-0.9606,-0.072,-0.6115,0.5555,0.3855,-1.3704,-1.2188,-0.2598,-1.3603,-0.8218,-0.161,-0.1419,-0.3443,-0.0687,-0.0405,2.5024,-1.4624
66,not_cohort,1.3328,-0.4771,-0.9307,-0.5806,1.0149,-1.02,0.8081,0.058515,1.2686,-0.9186,-1.2793,0.9578,-0.8585,-1.1206,0.8828,0.0415,0.4684,0.1571,-0.1593,0.6868,1.6746,0.6214,0.9489,-0.1727,0.2811,3.382,-2.3506,-0.1705,0.6414,0.1085
67,not_cohort,5.6374,0.6104,-1.7508,-1.4687,2.1302,1.0581,0.4169,-0.26643,1.093,-1.2004,-0.5842,-1.2797,-1.048,-0.5646,1.1267,0.5844,2.5155,2.0125,0.009,-0.489,1.91,-0.4498,-0.8434,-0.018,0.0533,0.3048,-2.1935,-0.4726,1.4065,-0.7813
68,cohort,-0.7306,-2.2287,-1.3508,0.537,-2.176,0.9709,0.7897,0.860295,-0.5162,0.0738,0.7081,-1.3439,0.9296,-0.8868,1.1649,2.6126,1.7278,1.1949,-0.7855,0.1233,0.9914,-0.1127,-0.6664,-0.2084,-0.3627,-0.5386,1.1941,0.3267,-0.7129,-1.1456
69,not_cohort,1.1516,0.5875,-1.808,-0.9264,-0.785,1.1931,1.2878,0.440232,0.8286,-0.3562,-0.762,-1.6338,0.3814,-0.9701,1.7969,-0.2819,0.9302,-0.4237,-0.0554,-1.8302,2.717,-1.7842,-0.7988,-0.4511,-1.24,2.2779,0.2023,-1.5117,-1.89,0.4366
70,not_cohort,0.229,0.6395,-2.1883,-2.9082,3.3575,-1.2252,-0.0014,-0.232068,0.5244,-0.8756,0.4528,-0.5687,0.1781,-1.0626,0.6477,0.2355,-0.0489,1.9682,0.7846,-0.8637,-0.1292,-0.9545,-0.1885,-0.2885,-1.2436,-0.3248,-1.0968,-0.4502,-0.3303,-3.4716
71,not_cohort,-0.4019,0.5711,-1.2696,-0.1531,-2.144,0.2174,0.8454,1.1502555,-0.0903,-0.036,-0.2331,-0.3296,-0.0322,-0.8029,0.9818,0.9391,1.0067,0.7794,-0.3247,-1.3011,-0.8213,0.2256,2.036,2.4526,-0.3899,0.9654,-1.0357,0.0068,-0.5659,0.1809
72,cohort,0.5532,-0.5363,-1.7241,-1.8923,-1.0608,0.9983,0.3903,-0.06225,0.9704,-0.8775,-0.9775,0.5554,-0.4645,-0.7494,0.9929,0.4871,-1.0312,2.1909,0.9864,1.2602,0.7076,0.0373,-0.0121,1.3615,0.2777,2.8915,-2.5707,1.3852,-1.0411,0.0225
73,cohort,2.0401,0.9839,-2.1944,-1.4051,-1.5279,-0.0703,0.9727,1.031109,1.4127,0.5479,-1.1099,1.4082,0.0881,-1.1301,-1.4623,0.4538,-0.8703,-0.5508,0.547,-1.9959,-0.73,-0.4772,2.8747,1.4255,0.695,-0.3444,-0.7681,0.1174,0.8257,0.1525
74,not_cohort,1.1332,0.709,-1.92,-1.5508,0.4485,0.8925,-1.9157,0.372006,0.568,0.6317,-0.2145,-2.5386,-0.2111,-0.9123,1.8903,0.2811,-1.1488,0.5765,0.5513,-1.5632,1.7794,-0.6628,0.8561,1.3049,-0.4373,2.2898,-2.5724,-0.1881,1.0957,0.5445
75,not_cohort,-0.1838,-3.0358,-1.8235,-2.4717,-1.4231,-0.1814,-1.4441,0.3960345,1.3614,1.4196,-3.1629,0.324,-1.2065,-1.0625,2.4834,-0.519,0.2636,1.7837,0.6598,-2.0706,1.0359,-1.9468,0.4989,1.449,-1.0127,0.0403,-0.2596,-0.2085,1.4324,-0.1535
76,not_cohort,0.3377,-0.2071,-1.7039,-3.1563,0.816,0.4138,-0.4336,0.824688,0.953,-0.2832,-1.7186,1.0255,-1.4236,-1.1228,1.5819,1.7929,0.0008,0.8191,-0.2351,0.7042,1.1728,0.1226,2.2472,2.7026,1.0633,0.2811,-1.4875,0.5128,-0.8375,-1.0507
77,not_cohort,1.442,0.5699,-1.683,-1.9571,-0.7163,-0.773,0.2796,0.2839845,0.248,2.5211,-0.5108,-0.5259,-0.2968,-0.8146,0.3818,3.1023,-0.617,1.3317,-0.8864,1.352,-0.8715,-0.7822,1.8027,2.3054,-0.6823,-0.7166,0.8289,1.8264,-0.602,-1.3908
78,cohort,2.3561,-0.7414,-1.5528,-0.4281,1.924,-1.3706,0.1332,0.183762,1.1795,-0.6577,-0.7295,0.58,0.4635,-0.8715,0.671,-1.0716,1.3335,1.3469,-0.3437,0.1312,4.1105,-0.2717,1.4078,2.1159,-1.0205,4.0982,-2.715,-0.1435,0.5325,-1.5769
79,not_cohort,-0.1706,-3.2414,-1.859,-2.7724,-0.949,0.4012,-0.5058,1.4273925,2.0937,0.9127,-2.7386,0.4631,0.2126,-0.8633,-1.4479,-0.1187,-0.5302,-0.4864,0.1027,-0.6314,-0.2004,-0.3636,0.8222,1.4279,-0.1969,-0.3537,-1.0375,-0.5907,-0.4421,1.3316
80,not_cohort,1.546,1.0064,-1.8684,-1.9165,-2.867,1.6069,-2.4049,-2.1089055,0.3966,-0.0797,-0.8607,1.5077,0.0615,-0.9209,0.8923,-0.5114,0.2688,-0.4698,0.7041,0.7176,1.8078,-0.142,1.2969,1.0258,0.8186,-0.2172,-0.6698,-0.0917,0.4985,-0.0843
81,not_cohort,-0.3458,-1.8143,-1.6669,-1.9265,0.7763,0.0314,-1.222,1.461132,1.093,1.1091,-3.5848,-0.1222,0.8684,-1.0962,0.8485,1.4414,-0.5683,1.4791,-1.1154,-0.8178,0.1258,-0.8131,0.4037,1.8558,-0.5258,0.7776,0.6428,-0.3642,-1.027,0.5283
82,cohort,1.416,0.0705,-1.9714,-1.6286,0.1865,2.2318,1.7828,-1.4766945,0.5552,-0.921,-0.0242,1.7374,0.3861,-0.8448,0.3595,-0.5958,-0.4002,0.2406,1.7956,-1.8168,-1.0145,0.1849,-0.2395,0.876,-0.8249,-0.5363,-0.3545,-0.5001,-1.2223,0.3294
83,not_cohort,0.4621,-1.6673,-1.5048,-1.1304,-0.0103,-0.8998,0.4563,-0.522402,0.36,0.3747,0.2556,0.3966,-1.7073,-0.5022,1.9053,-1.0573,1.0422,2.6958,0.4822,-0.2314,0.9609,0.3673,3.0812,1.4914,0.2839,-0.6299,-2.4315,2.1372,1.2327,0.3044
84,cohort,0.232,-1.2053,-2.0616,-2.862,0.3905,0.3147,-0.1042,-3.136404,2.0937,-2.8589,-0.8222,1.6585,-5.5668,-0.953,0.7897,4.2836,0.3903,2.3704,1.0062,1.1113,0.0934,0.6177,2.3049,3.6871,-0.4104,-0.2802,-5.6728,1.2762,-1.095,-1.1988
85,not_cohort,0.9898,0.9582,-1.9088,-2.1356,-1.0876,1.0393,1.5381,0.534354,0.2051,0.9954,-0.8686,1.076,-0.6163,-0.7497,2.386,-0.9595,0.8087,2.2382,-1.2283,-1.288,1.769,-0.762,-0.2667,-0.4562,-0.9941,1.7107,-0.7032,-0.769,1.4141,0.3945
86,not_cohort,0.9566,0.1106,-1.7728,-2.3889,0.6175,-0.5764,-1.187,-0.0168075,0.7263,0.4965,-1.6642,0.6022,-0.2828,-0.7028,1.2717,1.623,2.517,2.5756,-0.1093,0.9059,2.3682,-0.2762,0.7074,1.4656,-0.0365,0.94,-1.8222,1.5488,0.2756,-1.3676
87,cohort,1.8909,0.0343,-1.7146,-2.1354,-0.0344,0.2435,1.3719,-2.4012315,-0.1965,-0.6457,-0.4149,-0.1339,-5.286,-0.8569,0.7569,0.805,0.4504,1.9096,1.0552,1.6948,0.2269,1.3899,1.67,4.2442,-0.3401,-0.2872,-5.7036,1.6272,-0.8323,-0.7129
88,not_cohort,1.6194,-0.6516,-1.8854,-2.2772,-1.4365,1.3226,-0.3344,1.608789,0.4048,-0.2028,-1.044,0.0264,0.1644,-0.7518,0.8488,1.3352,-1.1832,0.6372,-0.1762,-0.7137,-0.6441,-2.57,-0.5294,0.96,-0.4788,0.5834,0.4344,1.4104,-1.984,0.3657
89,not_cohort,5.7279,0.8858,-1.6114,-2.0096,-1.0546,-0.1829,0.2408,1.1666895,-0.2882,1.1157,-0.8166,2.2065,0.2777,-0.8734,0.4034,0.4073,0.1599,1.5214,1.1543,0.3878,-0.0658,-1.1614,-0.6568,0.6415,0.482,-1.0145,0.7607,1.8491,-0.7283,0.3604
90,not_cohort,1.198,-0.9875,-1.8344,-1.4426,-1.0507,-0.159,0.585,-0.9513045,0.104,0.9707,-1.7361,0.3892,0.0823,-0.78,1.5877,0.4303,0.2707,0.208,0.4888,0.2659,3.4774,-0.3393,2.2446,1.8467,0.317,1.8398,-1.0995,0.0733,-0.4702,-2.2471
91,not_cohort,0.8403,-1.7754,-1.6633,-1.7802,-0.0677,0.4813,0.8428,1.307001,0.5903,1.4385,-1.5218,1.9636,-0.2023,-0.8807,0.488,0.6335,2.0091,-0.5208,-0.8308,-0.1694,2.2608,-0.3431,1.7439,1.5689,1.8526,2.3381,-0.9212,-0.9314,0.4732,1.2896
92,not_cohort,0.0872,-0.4035,-1.5141,-1.7324,-0.994,1.236,0.2835,1.6114035,0.2414,0.7351,-0.1437,2.2429,0.4968,-1.1264,2.222,-0.8516,2.3036,1.992,-1.1027,-1.1518,2.468,0.4379,-1.4838,-1.5484,-0.7795,-0.5735,0.4655,1.736,1.3955,0.9092
93,not_cohort,1.2539,0.1906,-2.0268,-1.5967,-0.4239,0.6332,1.4987,0.795057,0.6428,0.6547,-1.0203,2.5869,0.0759,-1.2619,-0.4699,1.1826,-0.9746,0.7087,0.5539,-0.1869,-0.8099,0.3291,1.8119,2.0882,1.535,0.3163,-0.7122,0.2461,-0.7862,0.8989
94,cohort,0.379,0.5871,-1.9104,-0.7258,-0.4564,1.7518,0.0337,0.109062,0.4365,-0.7763,-1.2051,0.6499,-0.0545,-0.6271,-0.4683,1.4252,-0.2649,0.4391,-0.4464,0.3378,-0.5027,0.454,4.1464,2.7404,2.2213,-0.3699,-2.0478,1.2293,-0.5967,-1.3195
95,not_cohort,0.0236,0.8299,-1.3637,-0.7966,-1.1933,0.2986,0.7844,0.611793,-0.194,2.9475,0.8986,1.9782,-5.6859,-0.6139,1.3557,-0.8382,1.9912,0.263,-0.0773,-1.242,1.7917,0.3012,0.4876,0.4387,-0.2813,-0.435,-0.3398,-0.0416,1.7332,-0.6478
96,not_cohort,0.8293,0.8655,-1.8378,-1.7022,-1.3508,-0.8149,0.902,0.4219305,0.5993,1.8693,-0.3022,0.8124,-1.1017,-0.8028,1.9656,-0.1594,-0.6297,-1.1304,0.6249,-1.7596,2.1145,0.0541,1.6256,0.8668,0.5095,2.0665,-1.8776,0.7779,0.1789,1.1815
97,cohort,1.1097,0.6894,-1.8692,-2.2915,-0.4454,0.7531,0.4618,-1.429011,0.5535,0.0886,-1.2086,0.6367,0.4336,-0.7823,-0.4675,1.8752,-1.2713,0.5936,0.3778,-0.9164,-0.4882,-0.2234,0.3147,1.5535,0.4346,0.3316,-0.4341,1.337,-1.924,0.1205
98,cohort,-0.1236,-1.2223,-1.3133,-0.5185,-0.2532,-0.2912,0.5493,0.4189425,1.5059,0.7882,-0.5207,0.1262,-0.6653,-0.7939,1.3136,2.5421,-0.3946,2.0431,0.7725,-0.0726,2.249,1.2595,1.1457,3.0662,-0.5613,-0.4456,-1.3089,0.1801,-0.422,0.3265
99,not_cohort,0.4287,-1.4635,-1.0835,-1.6905,0.1072,0.3558,1.2911,0.4015125,0.8727,0.7784,-1.1589,-0.7406,-0.2444,-0.9243,0.8559,1.7436,2.9901,0.7513,-1.0889,0.6376,2.7396,-0.4616,1.0502,1.9132,-0.286,1.3442,0.5297,0.8313,-1.0305,-1.0516
100,not_cohort,0.7503,-0.963,-1.6377,-2.942,0.4245,2.9343,-0.5522,0.9293925,0.2667,1.0031,-2.0777,-0.6082,-1.4979,-0.9382,1.2915,-0.4242,0.3955,-0.1407,0.8682,-0.8791,2.3298,0.8554,1.8642,0.5975,1.5945,-0.2314,-2.3651,-0.5841,-0.0156,0.9756
101,not_cohort,1.2914,-0.0844,-2.0418,-1.2866,-0.2268,1.294,-1.2927,0.149151,1.4996,1.0714,-0.7312,1.3265,-0.531,-0.6622,0.8071,1.0541,0.9525,1.4986,-0.3158,1.6421,1.226,-0.8979,-0.0523,1.5678,-0.5812,0.8866,-1.753,1.0112,-0.5947,-0.1897
102,not_cohort,0.7817,-0.4834,-1.7933,-1.1232,-0.3907,-0.3615,2.0591,-1.4368545,1.1795,-0.1973,-0.3732,1.3351,-2.8706,-0.5787,0.5481,0.9299,0.5928,2.1462,-0.8513,2.0933,0.6469,-0.3147,0.189,2.752,-0.7678,-0.6915,-4.2353,2.9339,0.2766,-3.0912
103,not_cohort,2.0255,-0.0156,-2.0141,-1.7534,0.3183,0.5902,-2.9458,0.9453285,0.0145,1.0598,-1.2812,1.3072,-0.414,-0.6689,-0.7552,1.424,-1.2866,0.5653,-0.4396,-0.8479,-0.778,0.0116,0.0341,2.3587,-0.9548,2.0282,-1.7387,0.6014,-0.9539,0.4069
104,not_cohort,0.6075,-0.5855,-1.8002,-1.9194,-0.494,-0.2137,0.8982,0.68973,0.7343,-0.052,-1.2421,1.3107,-0.0273,-0.6296,1.0865,2.8841,0.0417,0.5399,0.8317,-1.53,-1.0829,0.9408,1.2827,2.3355,-0.0631,3.3774,-0.3497,0.5414,-0.6555,-1.9187
105,not_cohort,0.7328,-0.7434,-1.6837,-1.7352,-1.6276,1.3854,0.3695,1.0337235,1.7343,-0.2249,-1.7566,-1.8702,0.221,-1.2314,0.2126,-0.0432,-0.8031,0.9293,-1.0054,-0.6554,-0.4492,-0.234,-0.7398,0.5379,-0.4431,1.2532,0.416,0.8572,0.6101,2.4134
106,not_cohort,2.0372,-0.3266,-2.0627,-1.4336,-1.3047,1.2519,1.3292,1.137681,0.6825,0.842,-0.3117,1.7586,-0.1941,-1.0242,0.6952,0.7938,0.2161,-0.1966,0.4644,0.0384,0.0132,-0.7914,1.0362,1.0835,0.0926,-0.3653,0.2878,0.0625,-0.3023,0.5403
107,cohort,1.4805,-0.0545,-1.6525,-1.5328,0.0876,0.2652,1.1733,-3.991719,-0.1792,1.8966,-0.8183,-1.0627,-5.8549,-1.0992,-2.895,-0.6837,-1.1111,-2.4226,-0.3178,-0.8017,-0.8772,-2.5117,-1.4108,-1.8418,-0.9272,1.0879,-5.7571,-1.4623,-2.139,1.2998
108,not_cohort,1.5227,1.0132,-2.0436,-2.3845,0.7286,0.071,-0.0364,-0.361299,0.3932,1.0172,0.9568,-0.7573,-2.8883,-1.2265,1.9691,0.2628,-0.2544,-0.6873,0.2909,-0.2894,1.254,-0.9586,-0.1738,0.9793,-0.3409,0.0981,-2.6558,-0.3546,0.8644,-0.6458
109,not_cohort,0.5642,0.8288,-1.1106,-0.5013,-0.7031,2.3958,-1.484,0.2904585,-1.1765,1.4996,-0.3333,0.6211,-0.1306,-1.2326,-0.1285,1.9807,-1.2561,1.6093,0.6624,-0.1445,0.6181,0.837,2.1435,3.2283,0.1669,4.4582,-1.718,1.6686,-0.4924,0.3106
110,not_cohort,0.4999,0.1097,-2.1147,-0.8464,-0.7398,1.4869,-0.458,1.52886,0.0823,-0.1533,-1.1066,1.3002,0.4247,-0.6772,0.7619,1.5327,2.59,0.2065,0.3321,-0.948,0.3272,-0.6404,0.5887,1.8181,-0.8287,4.0547,0.3145,-0.7735,-1.438,-0.6418
111,cohort,-0.1042,0.1262,-1.9111,-2.8524,2.2545,1.0071,1.7713,-2.793531,0.6599,1.5167,-0.5195,0.7232,-7.0886,-0.7782,-0.0365,1.0061,-0.9221,0.0645,-0.7128,0.8417,-0.8638,1.1876,2.3866,5.0018,0.5749,-0.2825,-5.7457,1.4978,-1.3332,-0.6732
112,cohort,0.587,0.0021,-1.5831,-2.713,-0.1417,1.2448,0.439,1.5324705,0.1213,0.4472,-1.3287,1.0521,1.1001,-1.0026,1.0581,2.4754,2.9794,-0.2449,-1.2099,-1.1203,3.0542,0.9327,1.0167,1.5073,-0.2223,3.4497,0.7949,0.6282,0.5672,0.2354
113,not_cohort,0.3424,-0.383,-1.2973,-0.8621,-0.7842,3.6282,-0.2102,1.835628,0.6466,0.5322,-1.5486,-0.6024,0.6783,-1.1586,0.496,2.6048,0.6316,1.4642,-0.0327,-2.2031,2.6448,0.5046,-0.0602,0.7928,-0.2472,3.0225,0.6505,1.8056,-0.9037,0.2529
114,cohort,0.5064,-0.2824,-1.7379,-1.9885,-0.6941,-0.1241,1.0163,-3.8962275,0.9094,0.6938,-1.1539,1.0391,-7.6967,-1.2799,0.465,-1.1622,-1.2126,-0.511,6.1951,1.309,-0.9006,1.7046,4.686,0.9155,4.6267,-0.6734,-5.4663,-0.97,1.7033,0.0426
115,not_cohort,1.2523,-0.5727,-0.8568,-2.4009,-0.4127,-0.4419,-0.2501,0.8370135,0.6294,1.1921,-1.3562,-1.4117,-0.4201,-0.8373,0.854,0.0135,-0.7535,1.1934,-0.3994,-0.1426,1.1433,-0.2043,0.7589,1.75,0.0654,2.3679,-0.6718,2.0351,-0.9373,1.5678
116,not_cohort,2.2514,0.4653,-1.8979,-1.3543,-0.4836,3.0604,2.0864,0.789579,0.8344,-0.2642,-0.3077,-0.5831,0.4005,-0.7793,1.1446,2.1734,0.1466,0.5844,0.5459,-0.9268,1.805,-0.5706,-1.1172,1.2269,-0.978,3.9075,-0.0633,1.3528,-0.6427,-1.5063
117,not_cohort,0.7319,-0.2935,-1.6642,-1.7502,-0.4707,0.2284,1.1432,1.63095,1.2785,0.3653,-0.8328,-1.1833,0.4134,-1.1371,-0.0619,0.4715,1.0384,0.4766,0.1699,1.5307,0.7659,-1.2252,1.7044,1.2293,0.7007,-0.5018,-0.478,-0.4341,-1.286,0.9319
118,not_cohort,3.5148,0.7144,-1.5155,-1.88,-0.8933,-0.2201,0.585,0.5416995,0.6599,0.5794,-0.6195,0.3996,-2.0528,-1.2462,0.8213,0.5006,0.288,-0.6693,-1.0741,-0.3816,2.303,-0.5097,2.761,1.4392,0.454,-0.4735,-2.395,0.4282,1.5743,-0.3971
119,not_cohort,1.5962,0.0966,-1.7511,-1.0201,-0.7811,-0.876,1.7681,0.1009695,0.036,0.6606,-0.2271,-1.076,-1.2321,-0.8052,-0.1633,3.4607,-1.0096,2.028,1.2004,0.6971,-0.8197,0.6,2.0311,3.5415,-0.31,0.0964,-1.1607,2.4073,-1.0425,0.7348
120,not_cohort,0.5795,0.2191,-1.3002,-0.5479,-0.5783,0.8661,-1.4879,-2.8310055,-0.1773,0.761,-0.2463,-1.5829,-3.4607,-0.5918,1.0541,-0.3915,-0.0754,2.3222,-1.4697,2.2102,-0.6632,-1.0584,0.1527,2.2719,-0.3163,-0.2228,-3.8575,2.7216,0.3564,-1.4827
121,not_cohort,0.6238,-0.2104,-2.1189,-2.1285,1.1775,-0.635,-2.0397,0.6970755,1.2053,1.275,-1.7286,1.4905,-0.091,-0.9258,-0.2427,0.4785,-1.1184,0.528,-0.8891,0.1891,-0.6976,0.3386,2.4341,2.0719,0.4684,1.2915,-0.8402,0.826,-0.4788,0.3713
122,not_cohort,0.9775,-0.9966,-1.295,-1.9451,-0.7453,-1.404,0.363,-0.700686,-0.2882,0.6317,-0.3335,-1.0603,-1.8135,-1.2008,1.6869,-1.1681,2.056,2.7682,-2.4556,2.3823,1.6071,0.2682,2.2275,1.5702,-0.3923,-0.7885,-2.3371,2.5564,0.0982,0.1044
123,not_cohort,1.0406,0.2001,-1.5679,-1.7359,-0.9576,-0.0249,0.8079,1.3706205,0.1874,0.2866,-1.0392,-1.4051,0.0011,-0.9034,0.3245,1.7914,0.3348,0.4127,-0.1228,-0.4804,1.1764,-0.209,0.5964,0.8136,-0.645,0.3082,0.1999,-0.7726,-0.208,-1.015
124,cohort,1.2023,0.1823,-1.2885,-1.6772,1.0754,0.5231,1.54,0.1114275,0.5798,0.8544,-0.5662,-1.0476,-0.3546,-0.7468,1.2991,0.2661,1.0167,0.585,0.8137,0.1902,2.9653,-0.9954,1.4269,1.7217,0.6489,3.3947,-1.6134,0.305,0.82,-1.6048
125,cohort,1.4093,-0.0489,-2.2019,-3.0589,-1.3418,0.5012,0.6569,1.3805805,0.6402,0.3939,-1.457,1.2267,-1.8717,-1.0464,1.6447,-0.71,-0.6041,-0.5708,0.8497,0.3057,0.6667,-0.3599,-0.6346,-0.2515,-1.3736,1.1151,-1.3941,-1.918,1.4543,-0.2025
126,cohort,0.6252,-0.5882,-1.7211,-2.2862,-0.8906,1.1739,0.3452,1.204413,0.7597,1.2158,-1.7419,-0.6768,-0.1252,-0.6946,-1.5807,1.5837,-0.3419,0.037,1.3487,0.1081,-0.2727,-1.3573,0.3206,1.5008,-0.3659,0.7092,-0.3213,-0.5849,-0.8131,0.8754
127,not_cohort,1.8,1.0907,-1.9583,-1.031,-0.1809,0.305,0.3695,1.1051865,-0.0946,1.1335,-0.2421,1.6465,-0.4808,-0.9148,2.2751,-0.7286,-1.1911,-0.8207,0.6528,-1.9179,0.918,-0.5106,-0.136,1.2197,-0.5855,3.8098,-0.7859,2.8967,0.6616,0.2547
128,not_cohort,3.3995,-0.2597,-2.0708,-3.1138,1.5435,0.5653,1.7713,-3.5339325,-0.4645,-1.1088,0.2872,-0.6037,-5.0482,-0.9551,0.0396,0.9218,-0.1431,0.4481,-1.6299,1.1042,-0.4697,0.7237,3.5174,4.3652,0.8939,-0.4839,-5.3661,0.8961,-0.6542,-0.4524
129,cohort,0.7919,-1.8127,-1.6033,-1.4679,0.9215,3.0679,1.0633,1.660581,3.0677,-1.1446,-1.0833,1.1277,0.219,-1.1079,2.1516,0.5085,0.1628,0.0234,0.2412,-2.1973,0.0089,1.0504,2.0523,1.7618,0.4549,0.872,0.5962,1.1575,1.6156,1.1649
130,not_cohort,1.447,-0.1572,-1.0981,-0.7114,-0.1663,2.0653,1.2911,1.811724,0.3966,0.2998,-1.0046,0.6624,0.0695,-0.9381,-0.9427,0.6265,-0.4028,-0.0124,-1.277,-0.05,0.1916,1.211,1.3861,0.1759,1.3146,0.4943,0.0235,-0.1987,-0.7861,1.3521
131,not_cohort,1.1587,0.5045,-0.7739,-0.8428,0.9792,0.9486,-0.7754,-2.9998275,-1.8923,2.8845,0.5021,-0.2475,-5.333,-1.0055,0.4336,0.8233,-0.4282,1.8958,0.9143,1.5897,-0.3197,0.911,0.4926,3.442,0.8689,-0.4058,-5.0734,1.6587,-0.0545,-0.5493
132,cohort,1.1058,0.2883,-1.6286,-1.7097,-0.7999,1.8863,2.2431,1.035591,-1.577,-0.9803,-0.5982,-0.8218,-0.3162,-1.0597,0.2218,-0.3888,0.5437,-0.824,-0.2462,-1.3047,-0.4813,-0.0842,0.1026,0.4679,0.7205,-0.0107,0.2692,0.1864,0.133,-1.3859
133,not_cohort,-0.8707,-0.1605,-0.6765,0.1879,-0.387,1.6588,-1.1629,-3.734502,-1.9323,0.4202,0.6941,1.1453,-6.7573,-1.0829,0.224,-1.3268,-1.1201,-1.462,6.5497,0.9943,-1.05,1.2541,4.6543,-0.1034,4.1677,-0.6104,-5.6197,-1.366,1.4564,0.4449
134,not_cohort,-0.5469,0.1944,-0.7122,0.2187,1.7159,0.5314,0.4169,1.6933245,-0.6544,1.5711,0.5516,0.7805,0.2161,-0.9283,-0.0172,-0.1762,1.3715,0.9877,-0.2704,-0.1035,0.6405,0.4781,-0.4311,-1.2157,-0.3822,-0.3938,-0.1003,0.9687,1.3379,0.1931
135,not_cohort,1.3127,0.6702,-1.9252,-1.3723,-0.2577,0.8838,0.8081,0.393669,-0.6111,0.1911,0.2231,0.6988,-0.6184,-0.5023,0.535,-0.3894,-0.2972,-0.3899,0.5846,-0.8107,0.8464,0.1504,-0.0994,-0.9129,0.7554,-0.5889,-1.428,-0.6858,-0.1621,0.6664
136,cohort,-0.8528,-1.2189,-1.7112,-2.5707,0.2913,1.8405,1.6382,-0.0168075,2.7008,-1.5758,-0.9702,2.6571,-1.5561,-0.854,0.5409,-1.4837,-0.3234,-0.2389,2.9909,0.2227,-0.3957,1.7503,1.8568,-0.175,1.8484,-0.8013,-1.6773,-0.6333,0.54,0.3547
137,not_cohort,0.6607,-0.694,-1.9993,-1.8406,-0.8892,2.1656,0.4169,0.9821805,-1.2488,0.5954,-0.6622,2.1518,-0.8016,-0.9972,1.3309,0.2534,1.767,-0.1523,-0.2899,-1.5548,-0.2833,2.1055,0.2851,0.9918,-1.2541,2.2448,-0.3449,3.0736,0.045,-0.0702
138,not_cohort,2.2734,-0.1448,-1.6353,-2.0143,-0.4127,2.9954,-0.2228,2.2388835,-2.2106,0.6902,-0.564,-0.8969,1.24,-0.9687,0.2018,-1.1496,0.0768,-0.0918,-0.6306,-0.7269,2.6907,-0.7021,0.0942,-0.1643,1.566,3.7829,0.1091,-0.4974,0.436,1.1598
139,not_cohort,2.2781,-1.0083,-1.7724,-1.1703,-0.2056,4.7756,-1.1136,-0.4642605,-1.8834,0.4009,-2.322,1.1783,-1.041,-0.5965,1.518,-0.7434,0.4825,0.7038,1.1834,-0.0318,2.3143,-0.3478,1.3043,0.397,2.2103,-0.3614,-2.1077,0.4446,0.7024,-0.3955
140,not_cohort,1.3567,0.7222,-1.8866,-2.8291,0.2085,0.1448,1.8041,-0.260703,1.755,0.3068,-0.0392,-0.1109,-1.5276,-0.619,0.6121,-0.4628,-0.0548,-0.0275,2.1014,0.3855,0.9064,-0.6074,0.642,0.7951,1.4295,-0.2628,-2.1365,0.267,1.1179,0.1993
141,not_cohort,-0.3005,0.9041,-1.369,0.0744,-0.5074,0.7244,1.0331,0.766671,0.4718,0.2372,0.94,-0.4366,0.184,-0.9719,0.5029,-1.3857,0.3835,1.0489,-0.734,-0.0568,1.5429,-1.6921,0.0216,0.4854,0.5026,-0.0225,-1.5372,-0.14,-0.3294,-0.4755
142,cohort,0.6154,-0.3892,-2.0873,-2.9188,2.0871,2.8622,3.7263,1.3935285,2.8851,0.1029,0.2666,-0.0974,-1.5814,-1.2464,1.1557,-0.2567,1.2465,0.0531,0.141,-0.6343,0.4587,1.5777,0.4456,-0.5791,0.9082,-0.4789,-0.4413,0.8598,-0.1886,-1.2259
143,not_cohort,0.0684,-0.0521,-1.4719,-1.4114,-0.4864,-0.2795,-0.8829,0.8230695,0.3444,0.2888,-0.0504,0.7401,0.5147,-1.0026,-2.547,1.149,-0.2976,-0.1525,-0.3002,-1.2393,-0.5169,-1.0837,-0.5745,-0.7681,-0.3611,0.7595,-0.187,-0.4331,-1.1824,-0.5593
144,cohort,1.7256,1.0362,-1.3583,-1.1408,1.3906,2.5746,3.1165,0.8282985,-1.6139,-0.085,-0.7263,1.5362,0.4222,-0.9581,-1.2833,0.212,-0.6131,0.7723,-1.3957,-1.109,-0.144,-0.0562,0.7656,1.382,-0.856,-0.0377,-0.3759,-0.1365,-0.0723,0.2278
145,not_cohort,1.8852,0.489,-1.7802,-0.3397,-1.5185,1.0633,-0.1342,0.457662,0.423,-0.6787,-0.2911,1.176,-0.2011,-0.7931,1.9326,0.3087,2.2112,1.5847,-0.1192,0.8739,3.3366,-0.158,0.0435,-1.3896,0.2954,-0.2249,-1.0263,0.6353,1.1222,-1.2039
146,not_cohort,0.5301,-0.9316,-2,-2.9332,0.5454,1.8802,-1.4265,0.9918915,0.568,-1.5604,-1.621,-1.3465,-0.5136,-0.9905,0.5571,-0.8077,2.2485,-0.7295,0.5644,-0.0498,2.1174,-0.5704,0.2672,-0.704,-0.3616,0.6357,-0.7032,-0.3225,1.0113,1.2055
147,not_cohort,0.796,0.3387,-1.9167,-0.9649,-0.697,-0.324,-0.7942,1.278864,-0.6215,-0.1972,0.5665,-1.8222,-0.3597,-0.9109,1.1908,0.079,-0.2756,-0.55,0.6487,-0.9469,0.3548,-0.049,0.8215,0.0287,0.5692,-0.3723,-2.2035,-0.9414,1.3343,1.6148
148,not_cohort,1.3605,0.9541,-1.8394,-1.0677,-1.2584,1.3924,0.8079,1.1490105,0.0153,0.8854,-0.5053,-3.3788,0.1379,-1.2193,0.6303,0.4214,0.0678,-0.1536,0.1504,1.073,0.167,1.0932,-0.132,-1.1857,-0.1787,0.3118,-0.7257,-0.0914,0.6679,-0.2967
149,cohort,1.2298,1.0513,-1.763,-1.4863,1.1031,2.4157,-0.169,0.8566845,0.5545,-0.8738,-0.2994,1.4332,-0.4343,-0.9399,1.6002,-0.4891,-0.9383,-0.4413,0.7761,-0.4104,0.5962,0.7877,0.0741,0.0851,-0.2973,0.5557,-2.4487,0.7423,0.5626,1.8222
150,not_cohort,1.6031,-0.6798,-1.1744,-1.2162,0.7522,2.1687,-0.6673,0.955413,0.6142,0.5904,-1.6601,-2.5621,-0.5098,-0.7846,-1.0448,1.0686,1.0281,1.0342,-0.1584,-1.0266,0.241,1.5371,-0.271,-0.9078,-0.6455,0.3161,-1.3656,1.3046,-1.1368,0.3155
151,not_cohort,0.0706,-0.3047,-1.6528,-1.1058,-0.0283,0.4587,0.1092,0.652131,0.3604,0.6352,0.0349,0.5652,-0.5511,-0.8596,1.1824,0.7351,-0.6946,0.4664,1.0934,0.9943,2.264,0.6163,1.021,1.5379,0.8022,0.1819,-0.2322,0.4693,1.6157,0.1668
152,not_cohort,1.4606,-1.0481,-1.4383,-2.1391,-1.8689,1.505,0.2142,1.5319725,1.2836,-1.0631,-1.2252,-0.1354,0.4134,-0.8403,0.696,1.2013,0.0339,1.2708,0.3246,-0.9739,2.0273,0.2558,0.2422,0.4533,-0.5849,-0.1369,-0.2621,0.4454,0.298,0.4164
153,not_cohort,1.0925,-0.0122,-1.8006,-1.8018,0.8535,-0.5454,1.499,0.6375645,0.9989,-2.061,-0.6093,-1.635,-0.3218,-1.194,1.7515,0.4822,-0.7264,-0.0699,-0.2471,-1.6111,0.3741,0.5478,0.0059,0.2182,-0.7399,2.2524,-0.7357,1.4692,-0.7094,-1.5381
154,not_cohort,0.7632,-0.3814,-1.2045,-0.334,-1.0027,1.3695,-2.119,0.8893035,0.568,-1.4482,-0.9267,-2.4939,0.5315,-0.8507,-1.1247,-0.2193,0.0259,-0.3535,0.384,0.2227,0.1577,-0.0791,-0.785,-1.3728,0.2132,2.253,0.5117,-0.1651,-1.0134,2.6905
155,not_cohort,2.5371,-0.9979,-1.9527,-2.0522,-0.4138,0.9695,0.7243,0.535599,0.8344,-0.0529,-0.481,-2.3964,-0.7509,-0.8233,1.1677,0.2957,-0.7523,-0.4509,0.2942,-1.5402,-1.0878,-0.7278,0.3939,-0.3433,0.0917,-0.579,-1.448,-0.076,0.9199,-1.7025
156,not_cohort,1.4239,-1.322,-1.9231,-0.8202,-1.1106,2.2216,-0.4827,0.5962305,-0.4995,0.9256,-0.0512,0.4411,-0.1413,-0.746,0.9438,1.0629,-0.5426,0.0132,1.5938,-0.8151,1.4708,0.3994,-0.2186,-0.6978,0.0376,1.8506,-0.0585,-0.5698,-0.1714,0.0188
157,not_cohort,0.3097,-0.9642,-1.0714,-0.5698,-0.049,-0.8434,0.1274,1.1454,1.4213,1.0096,-0.8606,-0.9892,-0.5121,-0.6334,1.5474,-0.5283,3.2967,0.3919,1.0388,-1.0301,3.4914,0.6439,0.2426,-0.7595,0.1573,-0.0885,-0.4481,-0.846,2.4771,0.4428
158,not_cohort,-0.0909,-0.9772,-1.8885,-2.253,-0.3294,0.309,0.1274,-1.921782,1.8891,0.9515,-2.3384,-1.9282,-1.3853,-0.7724,0.307,0.4077,1.6574,1.1865,-0.2502,-1.0506,1.6125,-1.1927,-1.0985,0.5221,-0.7974,2.8274,-0.4428,0.5855,1.361,-0.2555
159,cohort,2.6026,-0.8037,-2.0384,-2.105,1.579,1.903,0.1638,-0.3746205,-2.8501,-1.5155,-0.2179,1.668,-0.8057,-0.7884,1.4324,-1.0089,2.1439,0.1486,1.562,1.6911,2.7149,0.2999,1.7883,0.2158,1.2789,0.2531,-1.2281,0.6705,0.4296,-0.9197
160,not_cohort,1.6757,0.4472,-2.0166,-1.4266,-2.4882,2.2948,0.0218,1.1076765,0.568,2.6428,-1.3828,-1.7211,0.2812,-0.8823,-0.3694,1.1905,-1.1208,1.5527,-0.6295,-0.8881,1.5919,0.5756,0.6444,1.2245,-0.0865,2.7329,-0.3941,1.5191,-1.341,-0.7346
161,not_cohort,1.5398,-0.4985,-1.7531,-1.8927,-0.2272,1.0524,1.4987,1.928754,1.6814,0.4984,-0.7544,-0.0085,0.8052,-1.0913,0.5819,1.4482,0.9396,0.1412,-0.0911,-0.3024,1.5328,-0.7682,-0.8062,0.0847,-0.6824,2.7783,0.3524,0.6476,0.7087,-0.5611
162,not_cohort,0.8413,-1.0972,-1.4447,-1.3876,-0.3418,1.1063,0.7243,1.114275,0.8344,0.3393,-1.554,0.565,0.0189,-1.1675,0.0288,-0.794,-0.5279,-1.2986,0.2948,-0.5096,2.9519,-0.1939,1.8936,-0.3811,2.7113,0.9742,-0.2154,-0.1179,0.6621,1.1153
163,not_cohort,-0.3405,-0.7319,-1.4792,-1.2133,-0.7929,2.2902,-1.3013,0.9393525,0.5088,2.0931,1.1651,0.2368,-0.6571,-0.9178,1.6654,-0.7847,-0.876,-1.2849,0.017,-3.1892,-0.8491,0.1348,1.0632,0.7765,-0.5945,0.9644,-0.7303,-0.2082,1.0276,-0.3109
164,not_cohort,0.8323,0.4066,-1.8175,-2.7349,-0.6452,0.8216,0.9751,1.2889485,0.7709,0.5037,-0.5935,-2.8769,0.2486,-0.8639,0.8972,-0.0642,2.8329,0.3725,-0.2159,-2.442,1.9702,1.1251,1.4611,0.1283,0.2085,2.4965,-0.1458,0.9763,0.6979,-0.1102
165,not_cohort,-0.4801,-0.1694,-0.6443,-0.4248,-1.528,0.8324,0.585,1.330158,0.1489,0.5873,0.5242,-1.6,-0.1033,-1.0672,0.2981,0.0044,1.3234,1.3788,1.3548,0.0155,1.7031,0.1576,1.8187,1.3368,2.239,-0.2481,-0.1211,0.2953,-1.1675,-0.8742
166,not_cohort,0.3908,-1.3202,-1.8269,-2.1195,-0.5489,2.6769,-0.7573,1.465365,0.3966,1.2518,-1.5872,1.6768,0.3256,-1.1106,-0.7113,1.5605,-1.2819,-0.1537,-1.2379,-0.6869,-0.2761,-0.0317,-0.4005,0.6672,-0.7361,2.2947,1.1301,0.3997,-1.4847,-2.2909
167,not_cohort,0.974,-0.6462,-1.9591,-1.4428,-0.567,0.9991,0.7005,1.3228125,1.6428,-1.1338,-1.0541,-1.0458,0.1238,-0.6713,1.023,-0.7749,0.5434,0.0288,-1.6586,-1.5002,1.6214,0.1887,-1.0649,-0.6544,-0.9468,0.9118,-1.2126,-1.4389,-0.1619,-1.2362
168,not_cohort,0.4872,-1.5142,-2.0143,-1.6678,-1.4374,0.609,-1.7126,1.058001,-0.4645,1.1068,-0.1455,-1.1147,-0.1422,-0.8449,1.322,-0.7398,0.3138,-2.5794,0.6627,-0.8085,0.8585,-0.4616,0.2895,0.3745,1.2035,-0.5388,-0.6653,-1.4075,-0.6929,0.2672
169,cohort,0.7137,-1.2646,-1.5761,-1.7307,-0.2306,0.9475,0.9053,1.022145,0.1644,0.357,0.0702,-1.4871,0.6164,-0.9105,-1.7144,1.1553,-0.005,-1.256,-0.3021,-0.2996,0.6493,-2.5104,-0.5928,-1.5565,2.5143,-0.4129,-0.6263,-0.4142,-2.0915,-0.2612
170,not_cohort,2.3891,-0.6038,-1.8505,-2.6803,-1.6773,1.5577,0.902,1.4009985,0.3966,-0.9387,-0.8074,1.2946,0.4949,-0.6786,-2.2777,-1.4391,-0.5452,-2.6907,-1.2872,-0.0637,-0.9645,-2.667,-0.8157,-0.54,2.4316,2.9674,-0.3259,-1.076,1.8172,0.5445
171,not_cohort,1.5683,0.1424,-1.0018,-0.978,0.3581,0.6903,0.7208,-0.8068845,-0.5928,2.586,-0.6006,1.8945,-0.3163,-0.7834,-2.5862,-0.4807,-0.0661,-1.2371,1.4314,1.4764,0.0354,-1.9232,-0.5771,-1.0022,2.0961,-0.5728,0.0801,0.012,-1.4302,0.4387
172,cohort,-0.3735,-2.4411,-1.1023,0.099,-1.0921,-0.5367,0.413,-1.6016925,-0.1344,-0.6007,0.84,0.7788,-0.0412,-0.9912,-1.0007,0.1507,-1.0604,-1.3008,1.4566,-1.0261,1.1823,-1.4956,-0.7091,-1.7522,-0.0961,0.0188,-0.8378,-1.1447,-2.6684,-0.3917
173,not_cohort,2.9001,0.1731,-1.6832,-2.0314,-0.101,0.6587,0.7844,-0.5568885,0.3257,0.7009,-0.6181,1.5098,-1.8228,-0.9054,-1.4498,-0.3061,-0.6276,-1.0083,-0.3499,0.6984,1.4944,-2.6915,-0.6766,-0.8583,2.5826,-0.048,-1.9902,0.176,-3.2855,-1.0357
174,not_cohort,1.167,-0.0955,-1.0608,-0.4201,-2.0787,1.5866,-1.0018,0.2023125,-1.9532,0.7909,0.4098,1.8465,-0.2103,-0.9217,-1.2726,-1.1479,-0.2781,-1.2771,-1.27,-1.5889,3.4885,-0.6723,-1.1676,-1.1458,1.6615,2.648,-0.972,-0.0275,-0.4297,0.5812
175,not_cohort,-0.6454,0.2235,-1.1506,-0.3941,-0.1914,0.6606,-1.3434,0.3158565,0.2051,1.5837,-1.4084,-0.7049,-3.3123,-0.9282,0.165,-0.8413,-0.8061,0.9102,1.0137,0.5031,2.6351,0.0283,-1.119,-0.3717,-0.7753,4.2559,-1.7085,-0.913,1.9742,2.2539
176,not_cohort,0.0237,0.3204,-1.3656,-1.2565,-0.1873,-0.2531,0.022,1.1502555,0.2742,1.8006,0.9189,0.595,-0.6064,-0.9804,-0.3208,-0.3897,2.3777,0.622,-0.6609,-0.2617,0.6309,1.4083,0.9791,0.2721,0.9555,-0.1232,-0.3919,0.4343,-0.1162,1.1266
177,cohort,0.2731,-0.4832,-1.9152,-1.6231,-0.5143,2.7212,-0.0097,-1.6348095,1.5123,-0.3123,-0.4941,1.7827,1.3556,-1.1763,-1.7794,0.7868,0.1769,0.7361,-1.2714,0.5767,0.1256,-1.0944,-0.3042,-0.2349,-0.1925,-0.6807,1.1281,2.2149,-0.9505,0.6262
178,not_cohort,2.9712,-0.127,-1.941,-1.928,0.4422,-0.1381,0.3927,0.3920505,0.3526,0.8239,0.1169,-0.2301,-0.3822,-0.6521,-2.1222,-0.1629,-0.9746,-0.2921,-0.9914,0.1594,-0.5582,1.7277,1.5243,-0.5457,2.3216,-0.4609,-0.1185,-0.2579,0.3437,1.0478
179,not_cohort,-0.0525,-0.3358,-1.6165,-2.1903,-0.6139,0.6564,-0.1907,-0.0902625,0.4425,0.5348,-0.603,-1.0348,-2.0661,-0.9975,1.5565,-0.2385,1.6137,-0.5547,-1.2002,-0.6916,-0.2216,0.3876,0.264,0.1821,0.4653,3.7496,-3.7341,-0.2074,2.5643,0.4471
180,cohort,0.8037,-0.2257,-1.7564,-1.9516,0.1568,1.6156,0.0967,-0.5890095,0.9268,1.3077,-0.9106,0.7017,-0.7906,-1.0801,2.0989,-0.1611,0.4881,-0.5497,0.0369,-0.9054,1.4767,-0.0323,-0.2031,-0.0489,-0.9622,-0.8271,-1.0753,-1.0658,0.4453,-0.5676
181,cohort,1.746,0.7356,-1.3477,-1.5706,-0.8609,-0.5083,-0.1078,1.3940265,-0.2601,1.2042,-0.6686,-0.1351,-0.4939,-1.0647,-0.5856,-1.0448,0.4618,-1.1425,0.7731,0.1395,0.9889,-0.0533,-0.3034,-0.5823,0.4679,0.9366,-0.0221,-1.4467,2.0483,4.2504
182,not_cohort,0.9232,0.1317,-1.7527,-2.6631,-0.3543,1.5443,-0.1292,0.827427,0.8675,0.3199,-1.7019,-0.7218,-0.0402,-1.0547,1.48,-0.3701,-0.9665,-1.2091,0.6706,-0.4216,3.2836,-0.5603,-0.3371,-1.2943,0.1616,2.5044,-0.2684,-0.816,1.1102,0.7228
183,not_cohort,2.4592,-1.565,-1.6907,-2.4696,-0.3691,3.3647,0.0905,0.1094355,0.8344,1.2818,-0.544,-0.4972,-0.857,-1.3186,0.5553,-0.9212,1.9115,-0.9467,-0.61,-0.0578,2.6683,0.0398,-0.056,-0.8892,0.8746,0.5803,-0.1112,-0.2095,0.7154,0.8407
184,not_cohort,0.6553,-0.4174,-1.9356,-2.3003,-1.2302,2.5366,-0.1907,1.688718,0.4728,1.1609,-0.6933,0.7797,-0.0968,-0.7723,0.3114,-0.2033,0.7894,-0.136,-1.2514,1.4423,0.8467,0.1719,2.1818,0.3413,2.4671,-0.4934,0.7483,0.0126,-0.7052,1.4769
185,cohort,0.8821,0.3117,-1.7151,-2.8304,-1.2672,1.7423,-0.1024,0.402633,-0.7461,1.4002,-1.9001,-1.2723,-0.2518,-0.8085,0.338,0.007,0.7816,0.5872,-1.0792,0.1581,0.2535,1.194,1.2474,0.336,1.3897,4.1418,-1.0882,-1.0591,0.3372,0.7669
186,not_cohort,0.2248,-1.9242,-2.1562,-3.0433,0.5086,2.7887,-0.5058,0.5708325,1.6113,-1.0874,-1.5733,1.9734,-0.1217,-1.0239,1.0736,1.1792,2.958,2.8275,-0.8825,-1.0163,2.2732,0.3581,-1.0057,-0.7735,-0.7716,0.6086,-1.3239,-0.3507,-0.1493,-0.9117
187,not_cohort,1.4436,0.063,-1.221,-1.6878,-2.2451,0.6825,-0.8794,0.8058885,-0.9872,0.4847,-0.7686,-1.6115,0.7432,-0.9734,2.2067,-0.1062,-0.9382,-0.2856,0.6621,-1.5601,-0.1506,-0.3577,-0.7486,0.1913,-0.601,0.9836,-0.3516,-1.0278,1.1113,-0.4066
188,not_cohort,1.4123,-0.2375,-1.1195,-1.2757,1.3866,-0.336,1.0163,1.2060315,0.4477,0.4063,-0.4019,0.443,0.9842,-0.956,1.113,-0.342,0.7393,1.1171,-0.3198,-0.5104,2.6126,-0.9105,-0.8462,-0.4215,-0.4355,2.9101,0.1993,0.5684,0.0866,0.8546
189,not_cohort,2.2243,0.0442,-1.4636,-2.2564,-0.5089,-1.1735,0.6503,-2.699658,0.7621,0.0026,0.4713,0.8301,-2.0502,-0.7683,-0.217,-0.4445,-0.2486,0.6073,-0.4124,0.2143,1.0851,-2.172,0.0103,0.2474,0.7143,-0.7963,0.4854,-0.9874,-0.3043,1.6039
190,cohort,0.462,-0.5417,-0.9897,0.8341,0.1687,-0.0429,1.5023,1.192461,0.3445,-0.4972,0.2358,0.6134,-0.1055,-0.8297,-0.3502,-1.0761,1.0408,1.1119,-0.2683,2.2102,0.6246,0.9291,1.301,0.2588,3.3911,-0.4973,0.656,1.3533,0.3394,1.5066
191,not_cohort,0.2816,-3.0368,-1.7366,-2.2854,-0.8882,-0.4227,0.7243,-0.3178485,1.5123,1.1204,-2.0098,-0.513,-0.9826,-1.0522,1.811,0.0854,0.3611,1.3767,0.2047,1.2253,-0.2712,0.2852,1.1544,0.9064,0.4161,3.7748,-2.0507,-0.549,0.5361,0.5038
192,not_cohort,1.7415,0.2235,-1.9534,-2.8081,-0.1926,1.657,-0.8471,1.186983,1.8891,0.0716,-0.4823,-0.835,0.5005,-0.6804,1.0423,0.8822,0.6299,0.4388,0.5727,-0.0671,2.8774,-0.2515,0.262,-0.6381,0.1479,2.4652,-0.1762,0.0384,0.2115,-0.2228
193,not_cohort,2.1737,0.0657,-2.0129,-1.4111,-0.3452,0.4782,0.1638,1.8439695,0.8344,-0.1378,-1.0792,0.0934,-0.0348,-0.655,-0.1972,0.1363,1.4981,1.3759,0.5549,0.0404,1.544,2.079,1.1345,0.6917,0.8954,2.4107,0.3397,0.7559,0.2403,-0.5719
194,cohort,2.3709,-0.3963,-1.6777,-1.8469,-1.35,0.6843,-1.6686,1.208646,-2.5333,1.7336,-0.2119,-0.0549,-0.5793,-0.7464,1.4021,-0.4756,0.7692,0.3881,1.0314,1.0086,1.2183,1.4424,2.8172,0.7936,2.7496,-0.295,-0.4688,-0.0604,-0.3436,0.5551
195,not_cohort,4.2654,0.5687,-1.7736,-1.8277,-0.6936,1.1716,-0.6251,0.4483245,-0.4557,-0.4902,1.2019,-0.9834,-0.4411,-0.7911,-0.6026,-0.6713,-1.4077,0.4593,1.9307,0.3995,-0.8443,1.2067,3.2173,-0.2246,3.2559,-0.5328,0.1215,-0.104,0.0638,1.6457
196,cohort,0.5258,-1.0384,-1.816,-2.2262,-1.3056,1.0889,-1.2979,1.5162855,0.2606,2.4199,1.1459,0.912,0.4504,-1.0572,1.049,-1.0467,0.676,1.155,1.1454,-1.5364,2.2784,0.5987,-0.4875,-0.032,-0.6288,4.1831,0.4245,-0.7528,1.1285,0.3435
197,cohort,1.0548,-1.0471,-1.7067,-1.9655,-0.5935,0.394,0.6229,1.3417365,0.5545,-0.5162,-1.1046,0.0864,0.7342,-0.5437,-0.4968,0.1628,0.0747,0.3387,1.0942,0.1891,-0.1455,-0.4361,-0.2821,0.4012,1.2073,-0.6029,1.236,0.2551,0.1235,-0.3842
198,not_cohort,1.5797,-0.7796,-1.8132,-1.6374,-1.6468,1.6093,-0.4336,-0.788085,1.3402,0.8262,-0.6296,0.6374,-4.2125,-0.9481,0.4761,-0.4756,-0.0887,-1.0369,0.2845,-0.3732,-0.2973,-0.2344,2.7973,1.3808,2.5509,0.1152,-1.0281,-0.1839,-0.9824,1.6039
199,not_cohort,0.5518,-1.0801,-1.5345,-2.1264,0.6669,0.4753,0.5551,1.034844,-0.1757,-0.8694,-0.629,0.9983,0.169,-0.7331,1.2402,0.4379,0.9541,0.3018,0.8838,-0.416,0.765,0.078,-0.3872,-0.3013,-0.4522,0.9713,-0.3572,-0.202,0.5124,-1.6694
200,not_cohort,1.4024,0.2031,-1.4411,-1.0282,-0.6327,0.4531,0.2415,0.502482,0.1952,1.2888,-0.5536,-1.4685,-1.2475,-1.0374,1.894,-1.5669,-0.8762,-0.8115,1.3288,-0.55,-0.4311,-0.4527,1.4142,0.6319,2.0373,1.8216,-0.571,-0.435,1.8528,0.9483
201,not_cohort,0.6079,-0.9654,-1.429,-2.2603,-0.9321,3.1765,-1.4777,1.698927,-0.636,2.3826,-1.498,1.2221,0.2639,-1.1306,-0.4149,-0.0578,-0.6455,1.1281,-0.9852,-0.0991,2.3136,1.0009,1.3615,0.8484,0.3806,0.5329,-0.9074,0.0847,-0.9922,0.8235
202,not_cohort,0.7867,-0.3486,-2.0382,-2.2512,-0.2201,1.9266,2.0645,1.5379485,0.9859,0.5176,-0.5767,-1.0208,0.133,-0.9362,-1.4619,0.9607,-0.8837,-0.1269,-1.4176,-0.2394,-0.3011,1.2143,-0.8928,-0.8157,0.107,1.7637,0.1036,0.0308,-1.247,1.4177
203,not_cohort,1.2083,0.133,-1.6221,-1.7531,-0.1692,0.0226,0.6694,1.982787,0.7419,1.3149,0.7862,0.2233,0.2795,-0.7646,-1.0628,0.7725,0.3493,0.7827,-1.507,-0.39,0.2946,-0.3877,-0.144,0.799,-0.5685,0.0623,0.1647,0.4817,-1.6355,0.947
204,not_cohort,1.1683,-0.1714,-1.8206,-1.75,0.0655,1.1896,0.2415,0.9453285,1.3402,0.5555,-0.6057,-0.9025,0.0733,-1.1797,-0.9491,-0.9129,-1.0289,-1.1461,-0.07,-0.2218,-0.718,2.2409,-0.6942,-1.1652,-0.4743,1.7705,-0.2192,-0.6701,0.3741,0.0084
205,not_cohort,1.5054,-0.2859,-1.9573,-2.511,-1.9168,2.6162,-0.7384,-0.4301475,0.0203,1.3968,-1.1707,-3.4041,-1.082,-1.0358,-1.0304,-1.4952,-1.2141,-0.7148,-1.2394,0.6103,-0.6563,1.5317,2.4058,0.5117,3.2375,-0.6605,-1.4489,2.3443,-0.0815,0.8285
206,not_cohort,2.1078,-1.2625,-1.9808,-2.408,0.0601,2.4628,0.3221,1.0745595,-0.5138,1.2303,-0.1533,-0.6645,-0.2051,-0.7614,0.1061,0.8177,-1.2157,0.466,0.7215,0.1816,-0.5677,1.4484,2.9509,0.8237,2.3428,-1.0354,-1.4026,0.0073,-0.6819,-0.329
207,not_cohort,0.4615,-1.0119,-1.4255,-1.7415,-0.3997,1.3451,-1.4324,1.819941,1.4601,1.2554,-1.4958,0.7988,0.2152,-1.0631,-0.302,0.3143,0.4483,-0.1074,0.9586,0.8676,0.3948,0.6255,1.1471,1.337,0.5791,1.5188,0.6359,-0.2958,-1.3406,1.0392
208,not_cohort,1.4278,0.3601,-2.0215,-1.2763,-2.5283,2.626,0.4691,1.1908425,0.7974,1.3731,-0.787,2.0058,-0.3235,-0.7748,0.153,0.5197,3.1742,0.3652,0.4638,-0.1317,1.8572,1.696,3.3857,0.9665,2.5124,-0.7702,0.9523,0.273,-0.2893,0.6099
209,not_cohort,2.9287,0.5547,-1.5408,-2.9038,0.6207,1.9314,-1.0999,0.726084,-1.3245,-0.4807,-1.6802,-1.774,0.056,-0.8441,1.281,-1.0709,2.1323,0.8791,0.9586,0.0393,3.1134,1.0785,1.8295,0.7406,2.5985,2.283,-0.8336,-0.4963,1.6198,1.9536
210,not_cohort,1.687,0.0528,-1.5271,-2.3505,-0.6319,1.4129,-0.7054,0.2839845,0.7555,-0.5383,-0.7353,1.3939,0.1719,-0.8123,-0.9027,-1.2455,-0.8282,-0.274,0.4521,0.042,0.031,0.0188,-0.6172,-0.3652,-0.1555,4.0189,-1.107,-0.5424,0.6225,1.3737
211,cohort,1.3616,0.5651,-1.4647,-2.2639,0.2464,0.8039,-0.834,0.870504,0.2457,0.5062,-0.9343,0.9215,0.2284,-0.8531,1.5116,-0.423,1.7238,0.5629,0.1825,0.7315,1.866,0.0727,-1.0556,-1.3394,-0.2288,1.7391,-0.2416,-1.1087,-0.0149,2.4267
212,not_cohort,0.7547,0.1656,-1.345,-2.173,1.0627,-0.2458,0.4294,0.5534025,1.0274,0.0301,-0.0704,0.0402,-1.2328,-0.9286,1.6834,-0.8076,-0.7809,1.9541,0.2144,-1.2321,0.7581,0.1489,-0.5686,-0.6035,-1.5792,5.1801,-1.4674,-0.0556,0.5683,-1.3241
213,cohort,0.0219,0.2801,-1.5167,-0.951,-0.4352,-1.3724,0.0967,1.237779,1.1208,1.2914,1.2924,-0.2171,0.1984,-1.1155,-0.0424,-0.6392,-0.9253,-1.275,1.162,-0.7704,1.7824,0.4716,0.0331,-0.2321,1.2506,3.0715,0.1017,-0.8247,0.4078,0.5711
214,not_cohort,0.3322,-1.0928,-1.4777,-2.3819,0.3987,0.6632,-0.6197,0.762438,1.0801,-1.4705,-0.1112,-2.1426,-3.7837,-1.1346,2.0262,-0.5523,3.1768,3.0034,0.723,0.3118,1.2444,0.0449,0.3265,-0.9217,0.622,-0.2705,-1.0468,-0.1372,0.0813,0.2875
215,not_cohort,0.8131,-0.7878,-2.1402,-1.5416,-0.7333,0.4147,-0.9046,1.1480145,-0.4209,-0.7789,0.1732,-0.7989,-0.3921,-0.8303,-0.5311,0.4003,0.203,0.3931,2.047,1.5897,-0.0723,-0.7985,0.7321,0.2761,0.3821,-0.5106,-1.1638,-0.2732,-0.3516,-1.3342
216,not_cohort,0.2617,0.0499,-1.3873,-1.9478,0.1021,2.7646,-0.4827,-1.973076,-0.1122,1.7082,-0.2883,-2.1972,-4.2457,-0.8488,0.7107,1.6747,0.6108,1.5114,-1.4477,2.7035,0.0357,-0.0339,0.1874,2.9876,-0.7533,-0.1765,-4.1413,2.8962,-1.2841,0.9047
217,cohort,2.7167,1.0134,-1.5764,-1.6513,-1.5095,0.8624,0.2,0.4139625,0.3932,0.6372,-0.3202,1.3298,0.253,-0.8026,0.9377,1.3544,1.6227,0.9123,0.5239,0.206,0.6176,0.7215,-0.0209,1.3899,-0.6219,2.2459,-1.0422,1.7087,-0.5216,0.553
218,cohort,0.978,-0.4522,-1.3746,-1.7515,-0.1166,3.6712,0.6503,1.4149425,0.0612,3.2084,-0.2523,-0.9363,-0.4696,-1.0776,-0.7862,-0.0295,0.9483,-0.059,0.7782,-0.225,-0.7581,0.6333,-0.4525,-0.2516,-0.3487,0.1744,-0.0457,-0.3237,-1.6343,-2.2597
219,cohort,0.5047,-0.5953,-1.7893,-2.6108,1.2911,0.04,1.2911,1.0260045,0.953,0.2207,-1.3638,0.9091,-0.4499,-1.1029,0.6451,0.4284,-0.889,0.6954,-0.8449,-1.4951,2.6611,0.6389,0.059,1.1516,0.1955,2.9015,0.4488,0.2855,-1.7627,-0.6345
220,not_cohort,1.8313,-0.2528,-2.085,-0.9548,-1.2438,2.5285,-0.0142,1.1898465,0.8026,-0.1072,-1.058,-2.6964,0.486,-0.6939,0.1699,-0.2823,1.6735,-0.6824,0.2111,0.498,2.8102,0.155,0.6235,-0.1943,1.3628,-0.3051,0.2355,0.4173,0.8822,-0.3336
221,not_cohort,1.1038,-0.1418,-1.6593,-1.6708,-0.7526,0.0707,-1.0469,1.2787395,-0.2731,2.0441,-0.3777,0.7462,0.4231,-1.2543,1.4251,-0.0547,0.674,-0.9336,0.0314,0.3685,1.5704,-0.1349,-0.636,-0.3747,1.277,-0.1067,-1.8215,-0.6068,0.9177,0.7632
222,cohort,1.7836,0.4875,-2.0949,-1.607,-1.1008,0.0097,0.2591,0.8800905,0.6329,-0.0545,-1.3017,0.4802,-0.3569,-0.6006,0.975,-1.8273,1.2206,0.0162,0.2238,1.1032,0.9319,0.1524,-0.3225,-0.1981,0.1901,-0.3728,-0.3448,0.3824,-0.9719,0.7568
223,not_cohort,0.4105,-0.3093,-1.2981,-2.1386,0.5116,3.8507,-1.4161,1.1711715,1.1467,0.3777,-1.0324,-1.5445,-0.7491,-0.6051,1.4652,-0.701,1.0873,-2.3122,1.6498,0.0346,-0.4575,0.7438,0.5411,-0.2168,1.3182,2.0412,0.2771,-0.7114,0.7218,-0.577
224,not_cohort,1.4222,-0.8004,-1.9943,-1.0528,-0.3969,3.3666,-0.9608,1.6988025,0.908,-0.1774,-1.8825,-2.9086,0.0144,-1.0597,0.3029,-0.4229,1.5961,0.5359,0.4637,-0.4276,0.0495,0.3054,-1.3033,-0.1797,-0.9007,-0.1037,0.3529,-0.4907,-0.3579,-0.3318
225,not_cohort,5.7381,0.153,-1.8026,-1.143,-1.595,-0.301,1.54,1.746735,1.815,-1.0589,-0.7462,0.91,0.4698,-1.0418,-1.5218,0.6732,0.1397,0.8348,-0.4086,0.765,-0.2527,-2.699,-0.5167,-1.0206,-0.9518,-0.7589,0.5513,0.2012,-1.1956,1.3003
226,not_cohort,0.7222,-0.1151,-2.17,-0.6071,-0.9928,2.5223,0.1267,1.5745515,0.3411,0.2408,-1.4926,-2.0763,-0.7186,-0.5856,-0.0034,-0.0674,0.9488,0.2968,-0.8691,-0.2631,3.0503,-0.0024,-0.8317,-1.089,-0.5803,0.195,-0.3042,0.1558,0.709,1.0708
227,not_cohort,1.0553,-0.5771,-1.9431,-1.2461,-0.9538,3.0716,0.6503,1.3417365,0.568,-0.3292,-0.227,0.5499,-0.5044,-0.8622,1.6736,-0.5028,1.6636,-1.2381,0.9114,-0.8341,1.0195,0.4855,-0.3809,0.065,1.4043,2.0608,-0.3018,0.7789,0.5923,1.8213
228,not_cohort,1.0542,-0.0794,-1.4879,-1.7288,-0.5627,0.9072,-0.458,0.591624,0.7263,1.5094,-0.9398,-0.301,0.3988,-0.7275,0.0571,-0.7111,1.9679,1.2689,0.9459,0.9072,1.8136,-0.1334,-0.5218,-0.7771,0.5233,2.8864,-0.1628,-0.3185,-0.7973,1.3208
229,cohort,-0.7268,-2.3282,-0.9085,-0.5928,-1.0314,-0.6881,-1.4362,0.348351,0.3966,1.5951,-1.0798,-0.2719,-0.4096,-0.773,1.2442,-0.463,-0.4165,0.527,0.8306,0.2654,0.2202,0.2027,2.5088,0.9611,3.1281,-0.5538,-2.7595,-0.095,0.3476,0.2988
230,not_cohort,1.1113,0.4792,-2.1775,-0.665,-2.8371,1.4233,-0.3972,0.8160975,0.6754,1.5882,-0.5297,0.732,0.2206,-1.0372,1.1627,0.9342,2.1248,1.1919,0.7522,-0.4474,1.933,-0.6207,-0.778,-1.2895,-0.4811,4.5792,0.1373,-1.1089,1.13,0.6503
231,not_cohort,0.2865,0.1814,-1.7484,-2.1205,-1.4307,2.3967,-0.7201,-1.191216,0.5535,1.7913,-1.4111,-1.3294,0.0022,-0.8245,2.1618,-0.9509,0.5736,2.634,-0.5278,-0.7277,2.9491,-0.1467,0.0341,0.2614,-0.5803,-0.2208,-1.5398,-0.5737,0.2597,1.6351
232,not_cohort,2.3627,-0.9509,-1.9377,-1.6706,-0.9177,0.6649,-0.8119,1.1054355,-0.0946,0.2225,-0.2559,0.2956,0.099,-0.8844,0.9519,-0.9905,3.2454,-0.8196,1.2212,-0.3034,3.2254,0.4992,0.7199,0.0577,1.1398,0.2081,-0.9472,-0.6376,0.425,0.8188
233,not_cohort,3.5811,-1.0807,-1.7513,-2.3786,-0.4238,1.308,0.585,1.0284945,0.7263,1.8666,-1.7539,-0.4993,-0.3168,-1.0793,-0.4343,1.613,-0.6969,2.1348,-0.6908,1.0183,-0.6685,1.4962,1.4759,0.8759,1.7915,0.2194,-1.9664,1.1962,-0.2521,1.4823
234,cohort,-0.3502,-0.079,-1.5987,-1.2529,-1.311,2.8344,-1.3598,1.0344705,0.4048,1.6328,-2.3482,0.7187,0.0798,-0.8792,2.1652,-0.6712,0.6582,-0.0157,-0.1937,0.9985,2.9077,1.0179,-0.294,-0.2697,0.0162,-0.6762,-0.1976,-0.5104,2.6357,1.6962
235,not_cohort,2.9295,-0.5872,-1.8147,-2.1791,-1.3356,0.6739,1.1679,1.139922,0.4651,0.0266,-1.0592,-1.0335,0.5981,-1.0499,1.4399,-0.6992,1.0136,2.7114,0.2,-1.1736,3.3554,0.4999,-0.6178,-1.2379,-1.0611,1.8593,-0.0713,-1.287,-0.0358,0.7408
236,not_cohort,0.9669,-0.1957,-1.4024,-1.8498,0.8214,1.2424,-0.4103,0.392673,-0.1476,-0.8143,-0.5741,-3.5856,-1.1485,-0.9591,0.4472,-0.4675,0.4419,-0.2454,-0.0455,0.5339,1.6123,0.214,1.747,0.1487,1.4777,0.3807,-1.0151,-0.3796,-0.4362,2.6939
237,not_cohort,0.9301,0.2491,-0.9396,-0.7675,0.4544,-0.9351,1.2911,0.8297925,0.9965,0.0116,-0.6239,-0.1022,0.545,-0.9531,1.5023,-0.736,0.9841,-0.0564,0.871,-0.1955,2.948,-0.2484,0.918,-0.3134,1.1929,3.2644,0.4279,0.454,1.8031,-0.8286
238,not_cohort,1.0934,0.2966,-2.0422,-2.2434,-0.6847,0.044,-0.5522,1.6818705,0.6599,1.4876,-1.6047,-1.9128,0.3716,-1.1455,1.1632,-0.3379,-0.0543,-0.1842,0.6932,0.6637,-0.4415,1.2267,-0.7276,-0.0015,0.3639,-0.2406,-0.0553,-0.605,1.2591,0.7501
239,not_cohort,0.7326,0.1924,-1.7943,-0.5085,-0.9119,0.1313,-0.5963,1.3168365,0.568,-0.4389,-1.9486,-0.0191,-0.6534,-1.025,0.71,-0.7714,0.2379,-1.1904,-1.8082,-1.0199,0.3147,0.607,-0.0523,-1.2299,-1.1427,0.4124,-0.1789,-0.2908,1.4786,2.0639
240,not_cohort,0.5315,0.5381,-1.314,-1.9545,0.2622,0.6421,-2.8928,0.6776535,1.0425,0.4674,-0.6176,-1.2778,-0.1468,-0.9156,1.3063,0.9203,-0.0176,1.31,-1.4322,-0.1648,2.826,0.1905,0.9711,1.4192,0.6894,0.3513,0.026,-0.2784,1.2438,1.2825
241,not_cohort,1.0566,0.6672,-1.6759,-1.8198,-0.9892,0.7041,-1.839,0.6403035,1.3402,1.0357,-0.785,1.134,-0.2142,-0.6159,-0.5932,-0.1482,-0.3442,-0.8887,0.181,0.2623,1.7469,1.4211,-0.6741,-0.7941,-0.6206,3.9466,-0.7905,-1.0073,0.5501,0.1504
242,not_cohort,1.4885,-0.2961,-1.5692,-2.0955,1.5136,0.6524,1.1313,-0.7028025,1.6113,-1.7308,-0.4814,-2.0655,-1.2093,-0.8046,1.8824,-1.0524,-0.9362,0.0909,0.6649,1.0057,1.6764,-0.2513,-0.3506,0.0867,-0.517,-0.533,0.5302,-0.6625,1.7591,-1.2334
243,not_cohort,0.9986,-0.8515,-1.4654,-2.4021,-0.5348,1.5033,0.3695,1.4766945,0.7974,2.5108,-1.2972,0.0127,-0.3279,-1.1165,1.1984,-0.7466,1.6931,-0.013,1.2412,0.7866,1.3196,0.1676,-0.6582,-1.0611,1.5211,0.7373,-0.9724,-0.5122,0.8808,-0.849
244,cohort,1.1932,1.2394,-1.4592,-1.5156,-0.4294,1.0875,0.2415,-0.307017,0.3184,1.0447,-0.8653,1.0464,-0.2552,-1.2183,0.287,-0.2582,-0.067,-0.013,3.259,-0.0778,1.3893,1.3872,3.6167,0.9921,3.4542,-0.4798,-1.8611,0.0637,1.3212,0.4282
245,cohort,1.6779,-0.1937,-1.7119,-0.8789,-0.6701,0.6863,0.7243,1.622733,0.3966,0.682,-0.3983,1.2589,0.0378,-1.19,0.8802,-1.0397,-0.595,-0.2031,1.034,-0.9066,-0.1322,1.0058,0.8458,0.7794,1.4285,0.2506,0.9252,-0.4048,0.7135,-1.0083
246,cohort,0.0359,0.0307,-1.6259,-0.1735,0.2903,0.7857,-0.8794,-0.239787,0.1258,1.1137,-0.4235,-1.7495,-1.759,-0.8322,1.1022,-0.2184,1.9907,0.2171,-0.6533,-0.7011,2.5969,0.4158,0.86,0.3826,1.2048,-0.2132,-3.0678,-0.4555,0.2366,0.5868
247,not_cohort,0.3559,0.1699,-1.8907,-1.4641,-0.6041,1.1927,-0.3038,1.0267515,0.1258,0.5993,-0.7878,-0.3099,0.3383,-0.8487,-0.379,-0.5472,3.3073,-0.6151,1.4647,-1.5303,2.0202,0.0076,0.1973,-0.4646,0.6979,-0.2919,-1.417,-0.3479,2.1704,-2.0377
248,not_cohort,0.7692,0.0198,-2.0637,-2.6758,0.9998,1.4982,0.7243,0.2739,0.5993,-1.6852,-0.2413,-0.6251,-0.7608,-0.8594,-1.0137,-1.401,-1.3344,0.8674,4.5116,0.8417,1.802,0.5384,0.5862,-0.52,2.9274,0.1385,-1.1391,0.3752,0.4823,1.555
249,not_cohort,1.721,-0.3249,-1.5623,-1.0414,-1.6343,1.088,-1.9948,1.185987,-0.3454,-0.0744,-0.755,0.659,-0.1599,-0.854,-0.5377,0.2611,-0.4105,0.6517,0.3781,-0.9303,2.2912,-0.645,0.4394,0.0545,1.9195,2.8393,-0.3226,0.2123,0.2823,-0.2658
250,not_cohort,0.6159,-0.9042,-2.005,-2.516,0.7832,3.4143,-0.6806,0.47061,0.7263,-0.341,-1.8141,-0.6796,-0.8102,-0.8378,1.5822,-0.7513,-0.1521,-0.3992,0.3458,-1.512,1.6329,1.3094,-0.8117,-1.4159,-0.906,0.6643,-1.2272,1.3432,1.8786,3.0876
251,not_cohort,1.9762,0.337,-1.9429,-1.7294,-0.6878,-0.4486,-0.3308,0.735297,0.8727,-1.0616,-0.3638,-1.2994,-0.1211,-0.6501,1.1811,0.2052,1.3312,1.1645,-0.4653,1.1271,1.2442,0.7456,1.5842,-0.6616,0.6883,-0.7762,-1.2962,0.4864,0.9046,-0.6357
252,not_cohort,1.0754,0.146,-2.0071,-1.9666,-0.0478,1.7888,1.5023,0.2070435,1.8891,-1.2216,-0.3762,1.549,0.074,-1.0719,1.1549,2.1272,1.5639,-0.0954,-0.2001,-1.2695,2.3021,0.4443,3.1713,2.3111,0.457,1.3018,-1.5374,0.7648,-0.1611,-1.2345
253,not_cohort,0.8604,-0.6401,-1.9267,-2.4101,-0.2412,0.6672,-0.5297,0.694212,1.5123,0.2262,-0.307,1.2581,0.4929,-0.9357,1.3928,0.2247,-0.0477,-0.5766,-0.4505,0.0914,0.6024,0.0428,1.7658,0.5451,0.1327,1.6074,-2.0465,-0.5292,0.4415,-1.2396
254,not_cohort,2.3132,0.1222,-1.7253,-1.7142,-1.5012,0.4432,-1.151,-0.5855235,0.953,1.0624,-0.9947,0.5818,-0.6369,-1.0395,1.4665,0.2978,0.0016,-1.244,1.0657,-1.5905,1.2536,1.1016,2.6732,1.6546,2.1113,1.773,-2.044,-0.4841,0.9068,-0.5676
255,not_cohort,2.1754,0.3028,-1.6148,-1.4625,-1.1835,-0.1881,-0.7384,0.1477815,0.6294,0.3603,0.7797,-0.4852,-0.2354,-1.2679,1.139,-1.2989,0.2619,2.1348,-1.0915,0.2747,0.4689,-0.7693,-0.787,0.0851,-0.8134,0.1699,-1.643,0.8375,-0.366,-0.4458
256,cohort,1.2182,0.6535,-1.6957,-0.6125,-1.5315,1.0279,0.585,0.251988,0.104,0.7371,-0.464,0.9561,-1.6937,-0.8039,1.2606,1.1288,3.0035,4.3491,-0.1189,0.1192,1.3223,-0.3413,-0.3577,0.088,-1.047,1.4983,-0.1809,1.9001,0.71,-1.2633
257,not_cohort,2.6797,-0.6027,-1.8192,-1.9968,-0.9343,1.3182,-0.5297,0.249996,-0.3454,0.3874,-1.0062,-0.5376,-0.2304,-0.672,0.6386,-0.6183,0.116,1.8535,3.2247,0.7745,-0.0009,0.751,1.5145,-0.1915,1.6676,-0.583,-2.906,-0.5505,0.8515,0.6482
258,not_cohort,1.9861,0.7299,-2.0951,-1.8671,-2.2176,-0.0051,-0.1342,1.1325765,0.0203,-0.6641,0.9913,1.1538,-0.603,-1.1359,0.5473,-0.3688,-1.0844,-0.9908,0.9439,1.1831,-0.9406,0.4324,2.279,0.6519,0.7786,-0.4011,-1.4886,-0.7436,-0.3503,-0.0171
259,cohort,0.5701,0.8496,-1.7336,-1.9121,0.2026,-1.4567,-0.3308,0.587391,1.0425,0.3037,-1.0319,0.9238,0.5489,-0.7675,1.2168,1.6427,3.2607,1.1097,-0.6081,-0.6916,1.9716,-0.2534,-0.0589,1.2603,-0.9205,2.267,-0.6039,1.2962,-1.5562,-0.3278
260,not_cohort,0.3876,0.118,-2.0082,-2.4611,-0.8765,1.0171,0.7243,1.655601,0.8727,-0.1551,-1.3445,-1.9118,0.709,-0.9068,0.804,1.1817,-1.0611,-0.6604,-1.3392,-0.4333,2.6642,0.0026,0.8336,0.4789,0.3605,1.5431,1.6154,-0.0093,-0.1657,-0.9123
261,not_cohort,2.3131,-0.3515,-2.023,-1.7138,-1.54,1.1063,-0.0407,0.789081,-0.5559,0.7512,-0.8795,1.7757,-1.6225,-0.7393,0.0658,-0.3861,-0.3177,-0.3564,-0.1237,-0.3441,-0.7096,0.8029,-1.0672,-1.0706,1.1266,0.419,-1.9163,-0.2532,-0.4916,1.5473
262,not_cohort,-0.0234,-0.8076,-2.0319,-2.636,0.7071,0.1614,0.902,0.2809965,0.953,1.0535,-0.7849,-0.7649,-0.5945,-0.8879,2.194,0.8448,-0.2429,-0.2769,-1.0812,-0.0743,-0.2995,0.8272,0.6965,1.2705,-0.1676,2.7353,-1.3714,0.0397,1.3874,-1.6226
263,not_cohort,0.9912,-1.6469,-1.9392,-2.4727,-0.0226,1.9205,-0.4103,0.9062355,1.4213,0.5456,-1.8109,-1.3593,-0.3397,-0.8201,1.3056,0.1626,3.3133,4.011,-0.6206,-1.8198,3.9361,-0.9214,0.0238,0.4941,-1.4852,2.1404,-0.0647,0.1226,0.5343,-0.0856
264,cohort,0.7525,-0.3972,-1.8235,-2.1441,-0.176,0.1215,0.1274,-0.3016635,1.093,0.4359,-1.9476,-0.1302,0.2853,-0.9776,0.9418,0.5628,1.8534,1.5355,-0.412,0.1891,1.5156,0.4345,0.6219,-0.1397,0.202,2.5343,-1.5748,0.2482,-0.3949,1.1318
265,not_cohort,0.5228,0.7168,-1.6365,-2.2145,0.4529,-0.3196,1.5023,1.208646,0.7621,-0.0316,-0.523,-2.5737,-0.1596,-0.8323,1.4924,0.2947,-0.1116,-0.6807,0.1796,-1.0771,2.7511,2.9062,-0.0744,0.7976,0.0235,0.1214,-1.1933,-1.0164,1.0061,0.2962
266,not_cohort,1.5218,1.09,-1.0824,-0.7928,-0.3769,-0.0193,-1.8598,0.0267675,0.2914,2.004,-0.0736,-2.5109,-0.2341,-0.9657,0.7269,1.8803,-0.2431,0.3703,-0.4099,-0.1729,1.7992,0.2139,2.7556,2.1184,0.4637,1.5811,-1.0192,-0.0154,-1.1568,-0.0073
267,not_cohort,1.7012,0.3328,-2.11,-1.5733,-1.7608,1.7445,-0.3308,2.0287275,-0.1816,1.7952,-1.2129,-2.2587,0.0847,-1.0205,1.2537,-0.856,2.9914,-1.6029,-2.0606,-0.505,3.8295,0.1638,-1.0657,-0.5564,1.5252,3.7702,0.9359,-0.005,0.9463,1.1081
268,not_cohort,1.7183,-0.1204,-1.7768,-2.5376,1.1714,0.4291,0.6503,1.844094,0.7974,-1.6724,-1.1602,0.4653,0.368,-1.0232,1.9811,-0.0867,-1.1799,0.2098,1.2222,-1.2825,1.9935,-1.0137,2.1858,1.4046,-0.0729,2.4247,-0.209,0.2823,0.1956,0.536
269,cohort,0.2299,-1.596,-0.9399,-0.4157,-0.7296,-0.733,1.5023,-0.02241,0.693,1.1204,-0.6564,-0.9352,-0.2515,-0.9977,1.5767,0.2524,2.1703,1.2433,-0.2983,0.0125,0.6792,0.1861,-0.1111,-0.0765,-1.0042,-0.0848,-2.113,-0.2115,0.7078,-1.2952
270,not_cohort,3.3862,1.0341,-1.8203,-2.2487,-2.3144,-1.226,0.056,1.1051865,-0.2294,0.5596,-0.878,2.0505,0.1549,-1.1154,1.3015,-1.6764,1.3846,-0.9861,-1.5268,-1.0588,0.1044,-0.1217,-0.4258,0.3654,-0.57,2.7498,-2.2832,0.1829,1.4135,0.9297
271,not_cohort,0.1778,-0.6717,-1.4668,-2.7954,1.155,2.3481,-1.1136,0.0449445,0.1489,0.2864,-0.635,-2.0637,-0.255,-1.1782,1.1888,1.2155,2.7204,1.7704,0.2635,-0.6646,2.2665,0.2306,0.3025,1.3299,0.5576,0.6038,-1.6552,0.3644,0.089,0.8456
272,not_cohort,0.6061,-0.0419,-1.9801,-1.8115,1.0965,1.1628,-2.7322,0.2244735,-0.5108,1.5167,-0.9853,-2.8407,-0.8756,-1.0149,0.9534,0.172,0.8612,3.2751,-1.071,0.0125,0.7042,0.5773,0.4643,1.5014,0.0436,-0.2174,-1.9986,2.949,-0.6306,0.5082
273,not_cohort,7.2946,0.057,-1.834,-2.8362,1.9834,3.8636,-0.2501,1.4615055,-1.1356,2.2171,-0.3091,1.8235,0.0403,-1.3703,1.6259,-1.0805,1.2314,0.2868,-0.8949,-0.8637,2.1091,-0.2291,0.1221,-0.7015,0.26,1.0675,-0.3258,-0.1778,1.2357,-0.928
274,not_cohort,-0.1274,-1.3525,-1.0501,0.2403,-0.2079,-2.0796,0.7243,0.507462,-0.3164,0.7867,-0.1833,0.1993,-0.7824,-0.8342,1.8159,-0.7485,-0.8485,-2.1527,0.56,-2.0841,1.1391,-1.9113,0.0661,0.6419,-0.5544,0.645,-0.739,-1.3419,1.8246,0.5297
275,not_cohort,1.7526,1.0939,-1.3648,-1.0368,-0.2787,-1.3685,0.585,0.9532965,-0.5673,0.9494,0.926,-1.2845,0.7514,-0.9061,0.5013,1.2273,-0.025,-0.3045,0.8784,-0.2281,1.594,-0.0802,0.1417,0.9487,0.621,1.0289,-0.788,-0.4112,0.3219,0.5038
276,cohort,0.3985,-3.8408,-2.1194,-2.7226,-1.4029,0.8094,0.6503,0.4072395,2.0937,4.4115,-4.1452,-1.3067,-0.9971,-0.8554,0.9226,0.1128,1.0568,1.6198,-0.9373,-0.3471,2.1484,-0.3074,-0.2295,-0.4418,-0.1436,3.8309,-1.7458,0.9735,0.615,-0.2784
277,not_cohort,0.0609,0.0068,-1.8337,-2.2538,-1.3007,1.5209,-0.6605,1.5075705,0.45,1.1808,-0.8197,-0.7562,-0.0434,-1.118,-0.8473,0.8246,-1.0268,-0.1954,-0.7455,-0.092,-0.8205,-0.8401,1.1894,1.846,0.621,0.8437,-1.446,-0.0177,-1.1501,0.4261
278,cohort,1.017,0.8396,-0.8969,-0.3241,-0.3958,0.4095,-0.0407,0.807507,1.1467,0.8472,-0.8185,-1.2926,-5.4096,-1.1043,2.1063,-1.2285,0.086,-0.2553,-0.2278,-0.7906,2.6857,-2.4062,-1.1643,-1.4379,-0.7116,-0.3599,-0.9474,-1.8308,1.7214,-0.215
279,not_cohort,-0.3776,0.1004,-1.4682,-1.5524,0.3184,1.8756,1.0042,-0.1485285,-0.0764,-0.1095,-0.1312,-2.3381,-0.1183,-1.0073,1.0307,-1.5693,-0.7918,1.7904,1.2034,-0.6372,0.2735,-0.1515,0.379,-0.5156,1.7858,-0.1545,-1.5182,0.9184,0.6226,0.1993
280,not_cohort,2.73,0.2383,-1.6557,-2.6885,-1.1559,2.9381,0.4691,0.7730205,-0.197,0.2978,-0.4821,1.3907,-1.477,-0.7151,-0.4712,-1.0203,0.0315,-1.2078,-1.3724,0.2355,-0.0131,0.708,-0.7122,-1.2189,-0.5834,0.4022,-0.7155,-1.1071,-1.1864,0.5125
281,not_cohort,0.5795,-0.3544,-1.8666,-2.1326,-0.3646,2.2665,-1.853,1.262928,0.9133,1.2013,-1.5772,1.6141,-0.0358,-0.9048,-0.7364,-0.7789,1.7969,-0.1149,-1.9124,0.0609,1.2819,-0.0101,-1.071,-0.9678,0.0726,-0.0492,0.3581,0.8036,0.077,-0.0837
282,cohort,-0.252,-0.0995,-1.9546,-0.6681,-0.0923,2.2231,-1.3458,1.35456,0.8344,0.0735,-0.8073,0.8937,0.4466,-0.7526,-0.6559,-0.7557,0.776,0.1442,-1.1477,0.283,1.3558,-0.1889,-0.6603,-1.2549,-0.5686,0.6709,0.3146,-0.1598,-0.135,1.5015
283,cohort,1.6645,-0.3557,-1.7505,-1.2732,-1.2927,2.0879,0.8081,-1.154862,0.0612,0.5974,-0.4976,0.9511,-1.7433,-1.2934,1.4779,0.3402,-0.6937,-0.2605,1.6125,0.0877,1.2094,0.8169,3.4319,2.7394,1.3832,0.7034,-2.3997,0.3322,-0.2704,-1.3642
284,not_cohort,1.6012,-0.3092,-1.5851,-2.1074,-0.4538,1.9811,-1.6171,0.9692325,1.0425,-0.1289,-1.3372,0.8898,0.1783,-0.6198,0.5456,-1.1573,2.3347,-0.3832,-0.9747,0.9059,1.8836,0.178,1.0552,0.0276,1.9541,1.4676,-1.0006,0.75,-1.0696,-0.7201
285,not_cohort,2.9601,0.5259,-2.1104,-0.7723,-2.6376,1.1833,-1.1136,0.973341,-0.5447,0.8684,1.0784,1.6699,0.6296,-0.9303,-1.3745,0.6652,-0.8966,-0.894,0.761,-2.3303,1.1728,-0.4378,-0.7967,-1.0916,-1.3212,4.5344,0.8133,-0.0667,0.0262,1.1129
286,not_cohort,2.4022,0.1347,-1.2178,-1.6698,0.592,0.6123,-2.5389,0.871002,0.7974,-0.2523,-0.3133,-0.5492,-0.9414,-0.7512,1.1312,-1.1531,1.191,-0.8622,-0.4331,-2.0488,2.0317,0.7101,0.7189,0.6622,-0.1125,2.6462,-1.0208,-0.4423,-0.5372,0.8591
287,not_cohort,0.9367,0.5171,-1.9637,-0.9566,-0.221,-0.186,-1.0732,1.01343,-0.7428,0.5198,-1.4248,1.8102,-0.0125,-0.933,1.641,-1.0194,-0.5718,-1.4648,-0.022,-0.9804,0.5781,0.6723,0.8903,-0.7996,-0.243,-0.3367,-0.8412,-0.6902,-0.2618,-0.3183
288,cohort,-0.3886,-1.8614,-1.6368,-2.4584,0.3386,-0.0566,0.056,-2.4697065,-0.1653,1.8903,-0.0404,-0.7037,0.2518,-0.7936,-1.1898,-0.804,-0.6054,-2.4356,1.4684,-1.576,3.0402,-1.5576,-1.0306,-0.7254,-0.8268,-0.3966,-0.7483,0.8404,-0.1127,0.506
289,not_cohort,1.507,0.1014,-1.4523,-2.1224,-0.4492,1.3033,-2.1128,1.6656855,1.0425,0.048,-0.961,1.3926,0.5292,-0.8605,-0.3644,-0.0772,-1.1501,0.3405,-0.4562,-0.9971,-0.1043,0.2402,0.2046,-0.9487,1.8512,-0.0798,0.5203,-0.3765,-1.3093,-0.5622
290,not_cohort,5.6582,0.3155,-2.141,-1.1496,-2.0368,1.4885,-2.5535,0.548298,-0.6843,1.5565,-0.9602,-3.8941,-0.5603,-0.9216,1.3636,-0.6834,-0.4897,-1.2173,1.2396,-1.7307,0.8706,-0.9553,0.4204,-0.7254,1.1317,-0.3049,-1.7075,-1.4096,1.4919,1.9054
291,not_cohort,1.2806,1.4882,-1.9688,-0.9791,-1.3783,0.5117,0.1638,0.7730205,0.7621,1.7668,-0.6692,-1.0681,-0.6355,-1.0382,1.3437,0.0396,0.3659,-0.7459,-0.7379,-1.842,0.1363,1.13,-0.9383,-0.7131,-0.8578,4.9965,0.1738,-1.0152,0.8826,1.5397
292,not_cohort,2.329,0.2063,-1.9813,-1.7047,-1.4498,1.44,-1.4265,0.3960345,-1.8296,2.0398,-0.7979,1.0147,-1.6302,-1.0517,0.7003,-1.0527,-0.0642,-1.5005,-0.4099,-2.8095,-0.5672,0.0734,-0.3959,-1.2396,-0.2754,1.728,-0.6653,-1.0868,1.4963,-0.6804
293,not_cohort,2.0853,-0.7477,-2.0979,-1.8069,-0.1386,2.1404,-0.0731,0.707658,-1.0716,0.5257,-0.287,-1.2132,0.2867,-1.0797,1.2509,0.2546,-0.1995,0.6556,-0.6655,0.1192,2.1396,-0.1342,0.8296,1.2076,-0.0172,0.3504,-0.7156,0.064,0.2433,0.8213
294,not_cohort,0.6314,0.1713,-1.0287,-0.2263,-0.698,1.4069,-0.5522,1.219851,0.0203,2.0901,0.8827,0.596,-0.46,-1.087,-1.2539,-1.0378,-1.1579,-1.9348,0.6945,-0.3381,-0.9696,-0.7224,-0.0321,-0.8013,2.5841,0.5784,-1.1892,-1.1127,-2.257,0.4805
295,cohort,6.4433,0.1308,-2.1765,-1.4406,0.478,3.5344,-2.4513,1.4361075,-3.1292,0.6983,-0.284,1.3695,-0.5539,-0.6533,-0.5406,-1.3009,0.9252,-2.0971,0.1204,-1.3247,1.2497,-1.7771,-0.8333,-0.552,-0.9822,1.2873,0.1294,-0.1791,-0.0951,1.7915
296,cohort,0.389,0.3336,-2.0056,-1.9579,-0.5489,2.3985,0.4691,0.6022065,0.3706,1.1628,-1.0403,1.6775,-0.5478,-1.2252,-0.6927,0.4024,-1.2527,-1.283,0.4689,1.2253,-1.0339,-0.0237,0.7342,0.1826,2.9422,-0.3486,-0.895,-0.6886,-1.2811,1.1153
297,not_cohort,1.6525,-0.2303,-1.0924,-2.3863,-0.8249,1.2046,-1.5028,1.3073745,-0.4995,-0.0636,0.6245,1.0815,0.234,-1.0496,0.6427,-0.9006,2.981,-0.911,-0.1123,0.1807,2.9489,0.5083,-0.1454,-0.2004,0.9298,1.916,-0.5683,-0.8971,0.0775,-0.2574
298,not_cohort,0.969,-2.3109,-1.7603,-1.2233,-0.2494,1.3734,-0.7754,1.432497,-0.9188,-0.8348,-0.9532,-1.8894,-0.8063,-1.0127,-1.983,-0.2805,-0.9388,-1.517,-0.3772,-0.2155,-0.903,-0.0358,0.137,-0.6494,0.866,-0.3992,-1.0958,-0.5673,-0.3906,-0.9852
